SITE_ID,VISIT_NO,MICL_RESULT_ugL,MICL_BATCH_ID,MICL_QA_FLAG
NLA12_CA-143,1,0.89232,M1,NA
NLA12_AZ-101,1,0.07162,M1,J02
NLA12_ND-115,1,0.08633,M1,J02
NLA12_AZ-118,1,0.10531,M1,J03
NLA12_UT-103,1,0.06627,M1,J02
NLA12_AZ-130,1,0.10076,M1,J03
NLA12_FL-101,1,0.1565,M1,NA
NLA12_UT-101,1,0,M1,N
NLA12_ND-112,1,0.08055,M1,J02
NLA12_FL-123,1,0,M1,N
NLA12_FL-102,1,0.75745,M1,NA
NLA12_GA-112,1,0.09806,M2,J03
NLA12_UT-108,1,0,M1,N
NLA12_FL-107,1,0.07219,M1,J02
NLA12_FL-110,1,0,M3,N
NLA12_FL-106,1,0,M3,N
NLA12_FL-104,1,0.37203,M3,NA
NLA12_CA-168,1,0.09543,M2,J03
NLA12_OK-122,1,0.10608,M2,J03
NLA12_WI-R11,1,0.06556,M2,J02
NLA12_KS-114,1,0.07105,M2,J02
NLA12_OK-R01,1,0.16091,M2,NA
NLA12_CA-106,1,2.2323,M2,NA
NLA12_FL-114,1,0.11226,M3,J03
NLA12_PA-102,1,0.53,2012MCN_NLA_01RP,NA
NLA12_WI-R08,1,0.12114,M2,J03
NLA12_AL-105,1,0.27527,M3,NA
NLA12_OK-118,1,0.069,M2,J02
NLA12_CA-172,1,0.0638,M2,J02
NLA12_AZ-127,1,0.12487,M3,J03
NLA12_KY-101,1,0.06887,M3,J02
NLA12_KY-107,1,0.10371,M3,J03
NLA12_NC-107,1,0.15264,M3,NA
NLA12_GA-101,1,0.61887,M3,NA
NLA12_AL-101,1,0.08554,M3,J02
NLA12_OK-R09,1,0.09218,M2,J02
NLA12_KY-103,1,0.10865,M3,J03
NLA12_OK-293,1,0.71363,M3,NA
NLA12_NM-132,1,2.1761,M4,NA
NLA12_SC-104,1,0.10452,M3,J03
NLA12_SC-105,1,0.22783,M3,NA
NLA12_SC-112,1,0.11399,M3,J03
NLA12_SC-108,1,0,M3,N
NLA12_NM-152,1,0.01252,M4,J02
NLA12_CO-110,1,0.22579,M3,NA
NLA12_ND-101,1,0.34156,M4,NA
NLA12_KY-104,1,0.10561,M4,J03
NLA12_KS-130,1,0.17387,M4,NA
NLA12_PA-108,1,0,2012MCN_NLA_01RP,N
NLA12_NC-105,1,0.10554,M3,J03
NLA12_NM-105,1,0.09797,M4,J03
NLA12_SD-101,1,0.11936,M4,J03
NLA12_NM-104,1,0.09533,M4,J03
NLA12_KY-120,1,0.13777,M4,J03
NLA12_KY-122,1,0.15076,M4,NA
NLA12_TN-114,1,0.10388,M4,J03
NLA12_TN-101,1,0.17441,M4,NA
NLA12_TN-113,1,0.07764,M4,J02
NLA12_TN-108,1,0.08325,M4,J02
NLA12_KY-102,1,0.12747,M4,J03
NLA12_SC-106,1,0.13238,M4,J03
NLA12_NC-109,1,0.08599,M4,J02
NLA12_NC-101,1,0.14231,M4,J03
NLA12_NC-108,1,0.09127,M4,J02
NLA12_SD-138,1,0.11932,M4,J03
NLA12_NM-117,1,0,M5,N
NLA12_KS-108,1,0.33546,M4,NA
NLA12_KY-114,1,0.13856,M4,J03
NLA12_NM-133,1,0,M5,N
NLA12_MS-107,1,0.11936,M4,J03
NLA12_MS-106,1,0.12532,M4,J03
NLA12_IA-107,1,1.08681,M4,NA
NLA12_SD-130,1,0.50529,M4,NA
NLA12_KS-109,1,0.1439,M4,J03
NLA12_SD-182,1,0.17728,M4,NA
NLA12_VA-109,1,0.06824,M4,J02
NLA12_MT-113,1,0.068,M5,J02
NLA12_KY-117,1,0.12207,M4,J03
NLA12_KS-103,1,0.10742,M5,J03
NLA12_VA-116,1,0.12676,M4,J03
NLA12_SD-166,1,0.10698,M4,J03
NLA12_SC-103,1,0.17441,M4,NA
NLA12_SD-104,1,0.15559,M5,NA
NLA12_SD-122,1,4.91972,M4,NA
NLA12_UT-112,1,0.09915,M4,J03
NLA12_UT-128,1,0.20561,M4,NA
NLA12_PA-107,1,0,2012MCN_NLA_01RP,N
NLA12_KS-R02,1,0.07264,M5,J02
NLA12_MO-109,1,0.1712,M5,NA
NLA12_IA-132,1,0.442,M4,NA
NLA12_NC-116,1,0,M4,N
NLA12_MN-145,1,0,B2I0380,N
NLA12_MN-118,1,0.77,B2I0380,NA
NLA12_MN-111,1,0,B2I0380,N
NLA12_ND-104,1,34.5845,M4,NA
NLA12_ND-118,1,0.61762,M4,NA
NLA12_NM-150,1,0.09953,M5,J03
NLA12_UT-104,1,0,M4,N
NLA12_NV-106,1,0.1455,M4,NA
NLA12_NV-101,1,0.11378,M4,J03
NLA12_KS-125,1,0.10132,M5,J03
NLA12_NM-134,1,0.10013,M5,J03
NLA12_NM-138,1,0.11503,M5,J03
NLA12_NC-103,1,0.12161,M4,J03
NLA12_NM-129,1,0.11406,M5,J03
NLA12_MO-107,1,0.08727,M5,J02
NLA12_IL-R01,1,0.88896,M5,NA
NLA12_KS-138,1,0.09004,M5,J02
NLA12_OK-121,1,0.17334,M5,NA
NLA12_MN-132,1,0,B2I0380,N
NLA12_UT-102,1,0.17724,M6,NA
NLA12_IA-105,1,0.94635,M5,NA
NLA12_NM-160,1,0.10929,M5,J03
NLA12_IL-R04,1,0,M5,N
NLA12_MS-101,1,0.08294,M5,J02
NLA12_MS-102,1,0.08455,M5,J02
NLA12_MS-104,1,1.05791,M5,NA
NLA12_PA-101,1,0,2012MCN_NLA_01RP,N
NLA12_ND-139,1,2.76515,M5,NA
NLA12_IA-120,1,0.10243,M5,J03
NLA12_MT-104,1,0.09644,M5,J03
NLA12_SD-114,1,3.04865,M5,NA
NLA12_SD-115,1,0.099030000000000007,M5,J03
NLA12_ND-146,1,0.09808,M5,J03
NLA12_MN-120,1,0,B2I0380,N
NLA12_MN-122,1,0,B2I0380,N
NLA12_NH-108,1,0.0891,M5,J02
NLA12_OK-101,1,0.09644,M5,J03
NLA12_OK-291,1,0.14412,M5,J03
NLA12_UT-110,1,0.13662,M6,J03
NLA12_VA-108,1,0.05859,M7,J02
NLA12_WV-102,1,0.10434,M6,J03
NLA12_OK-108,1,0.0892,M5,J02
NLA12_OK-135,1,0.11341,M5,J03
NLA12_CA-174,1,0.1334,M5,J03
NLA12_CA-116,1,0.08595,M5,J02
NLA12_KS-R08,1,0.10048,M5,J03
NLA12_ND-110,1,0.27142,M5,NA
NLA12_VA-125,1,0.20882,M7,NA
NLA12_KS-105,1,0.10243,M5,J03
NLA12_IL-R03,1,0,M5,N
NLA12_LA-101,1,0.2583,M6,NA
NLA12_MN-137,1,6.9,B2I0380,NA
NLA12_UT-109,1,0.21851,M6,NA
NLA12_NY-0104,1,0.08591,M7,J02
NLA12_ND-162,1,0.9253,M5,NA
NLA12_KS-R07,1,0.25476,M6,NA
NLA12_GA-107,1,4.45425,M7,NA
NLA12_TX-121,1,0.12448,M5,J03
NLA12_VA-114,1,0.05289,M7,J02
NLA12_WV-106,1,0.13553,M6,J03
NLA12_ND-178,1,0.09017,M5,J02
NLA12_CA-132,1,0,M5,N
NLA12_ND-163,1,2.52968,M5,NA
NLA12_NH-104,1,0.08804,M5,J02
NLA12_MN-107,1,0,B2H0006,N
NLA12_LA-134,1,0.34118,M6,NA
NLA12_IA-101,1,2.12044,M9,NA
NLA12_KS-102,1,0.13406,M5,J03
NLA12_TX-R02,1,0.11566,M5,J03
NLA12_KS-124,1,0.14591,M7,NA
NLA12_AZ-101,2,0.0828,M7,J02
NLA12_KS-R11,1,0.0432,M6,J02
NLA12_MO-119,1,0.08057,M7,J02
NLA12_NV-127,1,0.10856,M5,J03
NLA12_NV-167,1,0.06824,M5,J02
NLA12_TX-144,1,0,M5,N
NLA12_LA-102,1,0.18614,M6,NA
NLA12_WI-R06,1,0.05386,M8,J02
NLA12_SD-168,1,0.17944,M7,NA
NLA12_ND-186,1,0.04539,M7,J02
NLA12_CA-157,1,0,M7,N
NLA12_LA-105,1,0.20789,M8,NA
NLA12_LA-161,1,0.12925,M8,J03
NLA12_ND-108,1,0.4729,M7,NA
NLA12_OK-134,1,0.10256,M7,J03
NLA12_TX-165,1,0.09964,M8,J03
NLA12_ND-126,1,0.12735,M7,J03
NLA12_KS-101,1,0.01746,M7,J02
NLA12_CA-121,1,0.06235,M7,J02
NLA12_IA-109,1,0.08425,M9,J02
NLA12_LA-103,1,0.06104,M8,J02
NLA12_LA-152,1,0.10506,M9,J03
NLA12_MN-102,1,0.57,B2H0006,NA
NLA12_MT-109,1,0.07111,M7,J02
NLA12_UT-105,1,0.0779,M8,J02
NLA12_TX-117,1,0.1352,M8,J03
NLA12_OR-110,1,0.09321,M9,J02
NLA12_OK-120,1,0.13044,M7,J03
NLA12_OK-104,1,0.05623,M7,J02
NLA12_NH-101,1,0.07689,M7,J02
NLA12_MI-R08,1,0.10674,M8,J03
NLA12_SD-172,1,0.12127,M7,J03
NLA12_SD-124,1,0.03876,M7,J02
NLA12_SD-140,1,0.05927,M7,J02
NLA12_MN-108,1,0,B2H0006,N
NLA12_CT-101,1,0.0858,M7,J02
NLA12_NH-R04,1,0.09229,M6,J02
NLA12_WV-101,1,0.07147,M7,J02
NLA12_ND-155,1,0.81565,M7,NA
NLA12_NY-0101,1,0.0297,M7,J02
NLA12_OK-109,1,0.1062,M7,J03
NLA12_MT-118,1,0.04158,M7,J02
NLA12_ND-151,1,1.24517,M7,NA
NLA12_WV-115,1,0.12299,M7,J03
NLA12_NH-112,1,0.0802,M7,J02
NLA12_MN-163,1,1.9,B2H0006,NA
NLA12_ND-173,1,0.70905,M7,NA
NLA12_LA-104,1,0.16579,M9,NA
NLA12_NV-103,1,0.06828,M7,J02
NLA12_NV-102,1,0.07111,M7,J02
NLA12_MN-130,1,0,B2H0006,N
NLA12_KS-109,2,0.09857,M7,J03
NLA12_LA-154,1,NA,NA,NA
NLA12_LA-155,1,0.088,M9,J02
NLA12_UT-160,1,0.15589,M8,NA
NLA12_TX-101,1,0.15711,M8,NA
NLA12_MI-R09,1,0.09691,M8,J03
NLA12_MT-138,1,0.24098,M7,NA
NLA12_TX-160,1,0.09994,M9,J03
NLA12_MO-104,1,0.03476,M9,J02
NLA12_MO-117,1,0,M9,N
NLA12_CO-124,1,0,M10,N
NLA12_LA-106,1,2.32405,M9,NA
NLA12_LA-109,1,0.09048,M9,J02
NLA12_TX-195,1,0.11758,M9,J03
NLA12_IA-106,1,0.23923,M9,NA
NLA12_ND-115,2,0.12958,M9,J03
NLA12_NV-141,1,0.95549,M9,NA
NLA12_WI-140,1,0,NONE,"N, L"
NLA12_MD-102,1,0.11158,M9,J03
NLA12_DE-105,1,0,M9,N
NLA12_KS-126,1,0,M9,N
NLA12_IA-R03,1,0.0794,M9,J02
NLA12_IA-103,1,0.04128,M9,J02
NLA12_VA-R01,1,0.0673,M9,J02
NLA12_NV-193,1,0.08178,M9,J02
NLA12_TX-187,1,0.27036,M9,NA
NLA12_CO-102,1,0.04844,M9,J02
NLA12_KS-106,1,0.10719,M9,J03
NLA12_LA-141,1,0.01257,M10,J02
NLA12_MN-105,1,0,B2H0006,N
NLA12_MT-126,1,0.21999,M10,NA
NLA12_NJ-107,1,0.08994,M9,J02
NLA12_SD-106,1,0.11301,M10,J03
NLA12_TX-157,1,0.07055,M9,J02
NLA12_WV-113,1,0.07648,M9,J02
NLA12_SD-110,1,0.26714,M10,NA
NLA12_IL-110,1,0.17212,M9,NA
NLA12_NH-105,1,0.06931,M9,J02
NLA12_CT-115,1,0.08427,M8,J02
NLA12_IA-R01,1,0.13197,M9,J03
NLA12_MN-109,1,0.35,B2H0006,NA
NLA12_VA-R17,1,0.09138,M9,J02
NLA12_MT-154,1,0.63212,M10,NA
NLA12_ID-194,1,0,M10,N
NLA12_UT-173,1,0.10064,M9,J03
NLA12_UT-165,1,0,M9,N
NLA12_WV-111,1,0,M9,N
NLA12_NV-109,1,0.13441,M9,J03
NLA12_KS-107,1,0.31812,M9,NA
NLA12_RI-104,1,0,M11,N
NLA12_PA-118,1,0,2012MCN_NLA_02RP,N
NLA12_PA-109,1,0,2012MCN_NLA_01RP,N
NLA12_NY-0102,1,0.13205,M10,J03
NLA12_WV-R01,1,0.11113,M9,J03
NLA12_DE-102,1,3.71317,M9,NA
NLA12_MN-150,1,0,B2H0006,N
NLA12_IA-R02,1,5.8072,M9,NA
NLA12_ND-102,1,1.85603,M9,NA
NLA12_OR-111,1,43.8622,M10,NA
NLA12_IA-113,1,0.15325,M9,NA
NLA12_TX-107,1,0.17464,M9,NA
NLA12_KS-121,1,0.07648,M10,J02
NLA12_ND-119,1,0.33742,M9,NA
NLA12_ND-167,1,3.03155,M9,NA
NLA12_CT-102,1,0.07877,M9,J02
NLA12_LA-134,2,0.24081,M10,NA
NLA12_NH-103,1,0,M9,N
NLA12_TX-105,1,0,M10,N
NLA12_ND-187,1,0.12723,M9,J03
NLA12_LA-101,2,0.23042,M10,NA
NLA12_UT-186,1,0.088,M9,J02
NLA12_UT-141,1,0.09138,M9,J02
NLA12_MN-138,1,0,B2H0322,N
NLA12_SD-102,1,1.88462,M10,NA
NLA12_CO-114,1,0.07381,M9,J02
NLA12_CO-131,1,0.08375,M9,J02
NLA12_MN-153,1,0,B2H0322,N
NLA12_WV-112,1,0.0949,M9,J02
NLA12_MT-142,1,0,M10,N
NLA12_GA-118,1,0.07522,M10,J02
NLA12_MD-105,1,0.4367,M9,NA
NLA12_IA-150,1,0.3376,M10,NA
NLA12_LA-172,1,0.13571,M10,J03
NLA12_OK-103,1,0.13297,M10,J03
NLA12_OH-103,1,0,M11,N
NLA12_WA-118,1,0,M10,N
NLA12_UT-148,1,0.12268,M10,J03
NLA12_KS-122,1,0.10178,M10,J03
NLA12_RI-102,1,0,M11,N
NLA12_ID-168,1,0,M10,N
NLA12_KY-107,2,0,M10,N
NLA12_ID-141,1,0,M10,N
NLA12_UT-125,1,0,M10,N
NLA12_KY-116,1,0.22642,M10,NA
NLA12_KY-101,2,0,M10,N
NLA12_VT-112,1,0.17613,M11,NA
NLA12_ID-113,1,0,M10,N
NLA12_ID-101,1,0.05279,M10,J02
NLA12_SD-183,1,0.03062,M10,J02
NLA12_ND-196,1,0.5968,M10,NA
NLA12_UT-260,1,0,M10,N
NLA12_RI-111,1,0.24235,M11,NA
NLA12_MD-101,1,0.05832,M11,J02
NLA12_KS-101,2,0.06525,M10,J02
NLA12_ID-209,1,0.07661,M12,J02
NLA12_ID-175,1,0.07388,M12,J02
NLA12_CO-108,1,0,M10,N
NLA12_IA-152,1,4.0343,M10,NA
NLA12_ND-106,1,0.0557,M10,J02
NLA12_WA-157,1,0,M10,N
NLA12_WA-121,1,0,M10,N
NLA12_WY-101,1,0.07522,M11,J02
NLA12_MO-108,1,0.0938,M11,J02
NLA12_WY-104,1,0.19594,M11,NA
NLA12_WY-107,1,0.07225,M11,J02
NLA12_MI-111,1,0.05809,M11,J02
NLA12_MI-114,1,0.1519,M11,NA
NLA12_MI-135,1,0.09973,M11,J03
NLA12_MI-155,1,0.30749,M11,NA
NLA12_WY-130,1,0.08324,M12,J02
NLA12_IA-104,1,0.10655,M11,J03
NLA12_CA-101,1,0.45198,M12,NA
NLA12_GA-105,1,0,M11,N
NLA12_MT-107,1,0.07625,M11,J02
NLA12_OK-105,1,0.14444,M12,J03
NLA12_WY-105,1,0.08905,M12,J02
NLA12_OR-104,1,0,M12,N
NLA12_OK-106,1,0.12967,M11,J03
NLA12_ND-101,2,1.87295,M11,NA
NLA12_IA-127,1,0.08635,M11,J02
NLA12_MO-R02,1,0.10005,M11,J03
NLA12_NJ-131,1,0.30915,M11,NA
NLA12_MN-147,1,0,B2H0324,N
NLA12_VA-111,1,0.0897,M12,J02
NLA12_VA-101,1,0.07795,M12,J02
NLA12_WA-138,1,0,M12,N
NLA12_VT-R01,1,0,M11,N
NLA12_UT-169,1,0.07788,M11,J02
NLA12_NJ-118,1,0.06761,M11,J02
NLA12_OK-117,1,0.293,M11,NA
NLA12_MN-123,1,0,B2H0324,N
NLA12_SD-126,1,1.7078,M12,NA
NLA12_TX-176,1,0.12857,M12,J03
NLA12_CA-180,1,0.07661,M12,J02
NLA12_MT-143,1,0.08892,M11,J02
NLA12_ND-134,1,2.28925,M11,NA
NLA12_ND-107,1,0.42797,M11,NA
NLA12_MO-R01,1,0.06659,M11,J02
NLA12_WY-135,1,0.09084,M12,J02
NLA12_WY-131,1,0.08231,M12,J02
NLA12_CT-104,1,0.06411,M11,J02
NLA12_RI-110,1,0,M12,N
NLA12_VA-121,1,0.1888,M12,NA
NLA12_VA-105,1,0,M12,N
NLA12_VT-R02,1,0.10688,M11,J03
NLA12_UT-210,1,0.06634,M11,J02
NLA12_OR-169,1,0,M12,N
NLA12_CO-115,1,0.07877,M12,J02
NLA12_MI-101,1,0.06166,M11,J02
NLA12_NH-102,1,0.08781,M11,J02
NLA12_OH-136,1,1.4296,M11,NA
NLA12_OK-302,1,0.101,M11,J03
NLA12_SD-158,1,3.01118,M12,NA
NLA12_TX-170,1,0.14642,M11,NA
NLA12_TX-190,1,0.10659,M12,J03
NLA12_PA-105,1,0,2012MCN_NLA_02RP,N
NLA12_PA-110,1,0,2012MCN_NLA_02RP,N
NLA12_MN-101,1,0,B2H0324,N
NLA12_IA-134,1,0.80026,M11,NA
NLA12_CA-105,1,0.11835,M11,J03
NLA12_MO-115,1,0.10229,M11,J03
NLA12_MT-108,1,0.64599,M11,NA
NLA12_NV-105,1,0.07225,M11,J02
NLA12_NV-119,1,0.1049,M11,J03
NLA12_NV-104,1,0.14536,M11,NA
NLA12_RI-112,1,0,M12,N
NLA12_MN-116,1,0.34,B2H0324,NA
NLA12_WA-141,1,0.54147,M12,NA
NLA12_RI-113,1,0.09854,M13,J03
NLA12_SD-111,1,42.7485,M12,NA
NLA12_NJ-102,1,0.09412,M12,J02
NLA12_NJ-119,1,0.06685,M11,J02
NLA12_UT-101,2,0,M12,N
NLA12_UT-222,1,0.15452,M11,NA
NLA12_UT-137,1,0.11979,M12,J03
NLA12_ID-112,1,0,M12,N
NLA12_ID-102,1,0,M12,N
NLA12_ID-108,1,0,M12,N
NLA12_ID-207,1,0.09198,M12,J02
NLA12_CA-R13,1,0.03319,M14,J02
NLA12_CO-101,1,0.17655,M12,NA
NLA12_NY-R02,1,0.11169,M13,J03
NLA12_TX-136,1,0.10671,M12,J03
NLA12_WA-101,1,0,M12,N
NLA12_ID-165,1,0,M12,N
NLA12_ID-121,1,0,M12,N
NLA12_ID-105,1,0,M12,N
NLA12_NY-0106,1,0,M13,N
NLA12_VA-109,2,0,M12,N
NLA12_SD-134,1,0.19104,M13,NA
NLA12_CA-R12,1,0,M14,N
NLA12_TX-111,1,0.16935,M13,NA
NLA12_NY-0110,1,0.10623,M13,J03
NLA12_OR-113,1,0,M14,N
NLA12_CA-190,1,0.39483,M14,NA
NLA12_NJ-104,1,0,M12,N
NLA12_NJ-101,1,0,M12,N
NLA12_IL-118,1,0.39112,M13,NA
NLA12_MD-115,1,0.14705,M15,NA
NLA12_CT-118,1,0,M12,N
NLA12_UT-294,1,0,M12,N
NLA12_OR-123,1,0.03805,M14,J02
NLA12_AL-102,1,0.15209,M14,NA
NLA12_CA-154,1,0.05429,M14,J02
NLA12_CA-R06,1,0.11398,M13,J03
NLA12_NH-111,1,0,M14,N
NLA12_OH-118,1,0.03068,M16,J02
NLA12_RI-103,1,0.12112,M13,J03
NLA12_VA-118,1,0,M13,N
NLA12_SD-108,1,0.12371,M13,J03
NLA12_IA-101,2,0.31792,M13,NA
NLA12_MN-113,1,3.86,B2I0330,NA
NLA12_TX-112,1,0.13801,M14,J03
NLA12_TX-152,1,3.27345,M13,NA
NLA12_IL-104,1,0.2337,M13,NA
NLA12_OR-155,1,0,M14,N
NLA12_MI-144,1,0.10806,M13,J03
NLA12_CA-R10,1,0,M13,N
NLA12_MO-103,1,0.10899,M17,J03
NLA12_WA-126,1,0,M14,N
NLA12_WA-112,1,0.10638,M13,J03
NLA12_WA-108,1,0.11861,M13,J03
NLA12_VA-110,1,0.15648,M13,NA
NLA12_VA-103,1,0,M13,N
NLA12_OK-299,1,0.13644,M16,J03
NLA12_CA-167,1,0,M14,N
NLA12_RI-108,1,0.11721,M13,J03
NLA12_TX-201,1,0,M14,N
NLA12_NY-0109,1,0.0348,M16,J02
NLA12_SD-105,1,2.18422,M13,NA
NLA12_IN-146,1,0.21208,M16,NA
NLA12_PA-114,1,0,2012MCN_NLA_02RP,N
NLA12_NV-177,1,0.1093,M13,J03
NLA12_NV-137,1,0.05478,M14,J02
NLA12_NV-119,2,0.26727,M13,NA
NLA12_NV-101,2,0,M14,N
NLA12_IL-106,1,0.30683,M14,NA
NLA12_NY-0111,1,0,M14,N
NLA12_OK-296,1,0.15165,M16,NA
NLA12_NY-R08,1,0.07099,M14,J02
NLA12_IN-116,1,0.07441,M16,J02
NLA12_CA-R05,1,0.11809,M13,J03
NLA12_AZ-140,1,0,M16,N
NLA12_AL-R03,1,0.03527,M14,J02
NLA12_AL-103,1,0.03593,M16,J02
NLA12_OH-127,1,0,M16,N
NLA12_NH-109,1,0.03423,M14,J02
NLA12_ME-R11,1,0,M15,N
NLA12_MD-103,1,0.09843,M15,J03
NLA12_TX-182,1,0.1571,M13,NA
NLA12_RI-111,2,0.18382,M14,NA
NLA12_NV-144,1,0.10852,M13,J03
NLA12_GA-102,1,0.54894,M16,NA
NLA12_ME-114,1,0.05393,M16,J02
NLA12_MT-106,1,0,M16,N
NLA12_CO-119,1,0.02701,M14,J02
NLA12_CO-106,1,0,M14,N
NLA12_CA-R01,1,0.06875,M17,J02
NLA12_NY-R04,1,0.07442,M14,J02
NLA12_NY-R11,1,0.13114,M14,J03
NLA12_CA-111,1,0.11153,M14,J03
NLA12_NE-101,1,1.53634,M16,NA
NLA12_ND-114,1,0.11081,M16,J03
NLA12_SD-133,1,0.14947,M16,NA
NLA12_PA-R10,1,0,M16,N
NLA12_PA-R11,1,0.08625,M16,J02
NLA12_OK-306,1,0.1193,M16,J03
NLA12_CA-200,1,0,M16,N
NLA12_UT-203,1,0,M14,N
NLA12_AL-104,1,0.07842,M17,J02
NLA12_NE-106,1,1.33643,M16,NA
NLA12_IN-108,1,0.13807,M16,J03
NLA12_IA-120,2,0.1816,M19,NA
NLA12_MS-103,1,0.10005,M16,J03
NLA12_AL-101,2,0.10268,M16,J03
NLA12_AL-112,1,0.09382,M16,J02
NLA12_AL-R05,1,0,M16,N
NLA12_NY-R07,1,0,M14,N
NLA12_VA-R14,1,0.08699,M16,J02
NLA12_CA-R03,1,0,M17,N
NLA12_NH-101,2,0,M16,N
NLA12_MN-126,1,0,B2I0330,N
NLA12_WY-124,1,0,M17,N
NLA12_ND-109,1,0.34641,M16,NA
NLA12_IL-120,1,0.09204,M16,J02
NLA12_ME-R08,1,0.06894,M15,J02
NLA12_ME-R02,1,0,M16,N
NLA12_AR-101,1,0.09665,M16,J03
NLA12_AL-105,2,0.30275,M17,NA
NLA12_CO-129,1,0.13027,M16,J03
NLA12_CA-R02,1,0,M17,N
NLA12_OK-119,1,0.07213,M16,J02
NLA12_MN-141,1,0,B2I0330,N
NLA12_MS-126,1,0.15754,M16,NA
NLA12_NE-110,1,0.94358,M16,NA
NLA12_WY-102,1,0.11028,M16,J03
NLA12_AR-105,1,0.09694,M16,J03
NLA12_VA-104,1,0.41527,M16,NA
NLA12_MN-110,1,0.17,B2I0330,NA
NLA12_ID-210,1,0,M17,N
NLA12_ID-145,1,0,M17,N
NLA12_SD-189,1,1.34687,M16,NA
NLA12_MO-101,1,0.08266,M17,J02
NLA12_ND-149,1,1.58937,M16,NA
NLA12_ND-164,1,0.87825,M16,NA
NLA12_MN-R12,1,0.42934,M16,NA
NLA12_ME-134,1,0.11294,M16,J03
NLA12_NY-R06,1,0.08147,M16,J02
NLA12_NY-R03,1,0.06832,M16,J02
NLA12_CA-166,1,0,M16,N
NLA12_CA-112,1,0,M16,N
NLA12_MN-157,1,0.22,B2I0330,NA
NLA12_ME-R15,1,0,M16,N
NLA12_ME-R06,1,0,M16,N
NLA12_ME-R10,1,0,M15,N
NLA12_MN-R01,1,0.10524,M16,J03
NLA12_MS-105,1,0,M16,N
NLA12_NE-129,1,1.18944,M16,NA
NLA12_NH-112,2,0.1215,M16,J03
NLA12_IN-160,1,0.35062,M16,NA
NLA12_IN-172,1,0.02994,M16,J02
NLA12_IN-128,1,0.13585,M16,J03
NLA12_IL-109,1,3.14215,M16,NA
NLA12_ND-193,1,50.5432,M17,NA
NLA12_CT-107,1,0.05138,M16,J02
NLA12_SD-165,1,0.06898,M16,J02
NLA12_GA-104,1,0.18064,M16,NA
NLA12_VA-126,1,0.04252,M16,J02
NLA12_AL-114,1,0.08332,M17,J02
NLA12_SD-132,1,0.17493,M17,NA
NLA12_GA-R01,1,0.09046,M17,J02
NLA12_IA-102,1,5.47225,M19,NA
NLA12_ME-109,1,0.14242,M16,J03
NLA12_MN-R13,1,0.14425,M16,J03
NLA12_NV-R01,1,0.08498,M17,J02
NLA12_RI-102,2,0,M16,N
NLA12_MT-160,1,0,M16,N
NLA12_MT-156,1,0,M16,N
NLA12_ME-R03,1,0.08564,M16,J02
NLA12_AZ-107,1,0.0967,M18,J03
NLA12_CO-125,1,0,M16,N
NLA12_ID-142,1,0.08687,M16,J02
NLA12_ID-158,1,0,M16,N
NLA12_ID-215,1,0,M16,N
NLA12_ND-129,1,5.28905,M17,NA
NLA12_TX-114,1,0.11999,M18,J03
NLA12_NY-0108,1,0,M19,N
NLA12_TX-205,1,0.10315,M16,J03
NLA12_WY-120,1,0.04491,M17,J02
NLA12_WY-117,1,0,M17,N
NLA12_WY-103,1,0.07533,M17,J02
NLA12_MN-R14,1,0.09811,M16,J03
NLA12_MS-101,2,0.074,M17,J02
NLA12_MS-112,1,0.09886,M17,J03
NLA12_MS-125,1,0.08201,M17,J02
NLA12_SD-212,1,0.085319999999999993,M17,J02
NLA12_ND-103,1,0.26837,M17,NA
NLA12_VT-103,1,0,M19,N
NLA12_ND-172,1,0.67467,M18,NA
NLA12_MD-118,1,0,M18,N
NLA12_OH-R02,1,0.05835,M18,J02
NLA12_CA-145,1,0.0776,M18,J02
NLA12_FL-103,1,0.25187,M17,NA
NLA12_FL-108,1,0.16602,M17,NA
NLA12_FL-R06,1,0,M17,N
NLA12_ID-166,1,0,M18,N
NLA12_ME-110,1,0,M19,N
NLA12_MS-128,1,0.06843,M18,J02
NLA12_SD-107,1,0.03993,M17,J02
NLA12_VA-102,1,0.08749,M21,J02
NLA12_WA-R08,1,0.04954,M18,J02
NLA12_ND-160,1,0.0967,M17,J03
NLA12_NH-107,1,0.10202,M17,J03
NLA12_IN-127,1,0,M19,N
NLA12_ID-110,1,0.06892,M18,J02
NLA12_SD-119,1,0.16987,M17,NA
NLA12_MD-108,1,5.09822,M18,NA
NLA12_ND-194,1,4.7213,M18,NA
NLA12_OR-129,1,0.04531,M18,J02
NLA12_CA-128,1,0.15361,M18,NA
NLA12_VA-119,1,14.65045,M21,NA
NLA12_VA-R06,1,0.09647,M21,J03
NLA12_ME-106,1,0,M19,N
NLA12_MS-113,1,0.0588,M18,J02
NLA12_OH-102,1,0.07707,M18,J02
NLA12_MN-104,1,0,B2I0331,N
NLA12_MN-131,1,0,B2I0331,N
NLA12_IN-111,1,2.35204,M19,NA
NLA12_WY-R02,1,0,M18,N
NLA12_MN-143,1,0.81,B2I0332,NA
NLA12_CT-126,1,0.07066,M18,J02
NLA12_IN-101,1,0.04793,M19,J02
NLA12_VA-106,1,0,M21,N
NLA12_ID-203,1,0.05652,M19,J02
NLA12_ID-122,1,0.07755,M18,J02
NLA12_IN-130,1,0.09266,M19,J02
NLA12_ID-198,1,0.04933,M18,J02
NLA12_IN-113,1,0.06907,M19,J02
NLA12_UT-167,1,0.07141,M18,J02
NLA12_PA-117,1,2.93,2012MCN_NLA_04,NA
NLA12_PA-106,1,0,2012MCN_NLA_03,N
NLA12_ME-103,1,0,M19,N
NLA12_OK-288,1,0.13355,M18,J03
NLA12_OR-107,1,0,M18,N
NLA12_MS-116,2,0.08891,M18,J02
NLA12_WA-R10,1,0.07041,M18,J02
NLA12_OR-145,1,0.06721,M18,J02
NLA12_MT-110,1,0,M18,N
NLA12_MT-152,1,0.06991,M18,J02
NLA12_WY-133,1,0,M21,N
NLA12_IN-147,1,0.0552,M19,J02
NLA12_VA-101,2,0.07148,M21,J02
NLA12_VA-R05,1,0.14536,M21,NA
NLA12_OH-137,1,0.52865,M18,NA
NLA12_TX-113,1,0.11727,M21,J03
NLA12_WA-R09,1,0.04472,M18,J02
NLA12_UT-196,1,0.04892,M18,J02
NLA12_ND-202,1,0.34674,M19,NA
NLA12_ND-198,1,0.11212,M19,J03
NLA12_ND-190,1,1.67403,M19,NA
NLA12_ME-121,1,0,M19,N
NLA12_OH-134,1,0.35759,M18,NA
NLA12_ID-104,1,0.14371,M18,J03
NLA12_CO-121,1,0.09487,M18,J02
NLA12_WA-102,1,0.05187,M19,J02
NLA12_CO-117,1,0,M18,N
NLA12_WY-115,1,0,M21,N
NLA12_ND-145,1,0.30162,M19,NA
NLA12_IN-134,1,0.15883,M22,NA
NLA12_ME-130,1,0,M20,N
NLA12_ND-131,1,0.12614,M19,J03
NLA12_CA-188,1,16.2041,M20,NA
NLA12_MT-124,1,0,M20,N
NLA12_SD-147,1,37.6071,M20,NA
NLA12_OR-105,1,0,M20,N
NLA12_MN-121,1,0.18,B2I0332,NA
NLA12_DE-101,1,0.16271,M22,NA
NLA12_SD-137,1,0.05469,M20,J02
NLA12_TX-104,1,0.08141,M21,J02
NLA12_WI-144,1,0,NONE,"N, L"
NLA12_MN-119,1,0.16,B2I0333,NA
NLA12_VA-R18,1,2.43726,M21,NA
NLA12_OK-132,1,0.03743,M20,J02
NLA12_CA-119,1,0,M20,N
NLA12_WA-R11,1,0,M20,N
NLA12_OR-154,1,0.47105,M20,NA
NLA12_MN-103,1,0.19,B2I0332,NA
NLA12_IN-144,1,0.08965,M22,J02
NLA12_IN-110,1,0.44725,M22,NA
NLA12_IN-105,1,0.12557,M22,J03
NLA12_WI-R12,1,0.04256,M20,J02
NLA12_ID-101,2,0.05854,M20,J02
NLA12_OK-292,1,0.18119,M20,NA
NLA12_MN-106,1,0,B2I0333,N
NLA12_MN-115,1,0,B2I0332,N
NLA12_CO-R04,1,0,M20,N
NLA12_AL-113,1,0,M21,N
NLA12_NC-104,1,0.06819,M21,J02
NLA12_IN-164,1,0.11644,M22,J03
NLA12_ME-101,1,0.04559,M20,J02
NLA12_ME-126,1,0,M20,N
NLA12_NE-107,1,0.27871,M21,NA
NLA12_OR-112,1,0.67997,M20,NA
NLA12_VA-112,1,0.07292,M21,J02
NLA12_VA-123,1,0.15386,M21,NA
NLA12_WI-R13,1,0.07107,M20,J02
NLA12_MI-150,1,0.13062000000000001,M20,J03
NLA12_GA-111,1,0,M22,N
NLA12_IN-102,1,0.21567,M22,NA
NLA12_IN-106,1,0.10107,M22,J03
NLA12_MI-125,1,0.05572,M21,J02
NLA12_CA-108,1,0.04293,M20,J02
NLA12_UT-118,1,0.08387,M22,J02
NLA12_CT-103,1,0.07409,M20,J02
NLA12_MN-177,1,0,B2I0333,N
NLA12_PA-108,2,0.86,2012MCN_NLA_03,NA
NLA12_TX-116,1,0.46377,M21,NA
NLA12_IN-166,1,0.1146,M22,J03
NLA12_WI-134,1,64.83,NONE,NA
NLA12_OR-102,1,189.382,M20,NA
NLA12_AR-109,1,0.03898,M20,J02
NLA12_AR-104,1,0.16042,M20,NA
NLA12_FL-130,1,0.07196,M21,J02
NLA12_MN-167,1,0.48,B2I0333,NA
NLA12_NC-127,1,0.08695,M21,J02
NLA12_ME-120,1,0.04201,M20,J02
NLA12_AZ-103,1,0.10562,M21,J03
NLA12_FL-102,2,0.30455,M21,NA
NLA12_CO-133,1,0.08837,M22,J02
NLA12_MN-160,1,0.18,B2I0333,NA
NLA12_IN-159,1,0.113,M22,J03
NLA12_NE-111,1,0.06727,M21,J02
NLA12_FL-109,1,0.35393,M21,NA
NLA12_FL-105,1,0.18436,M21,NA
NLA12_NE-112,1,0.12089,M21,J03
NLA12_UT-218,1,0.20806,M22,NA
NLA12_SC-112,2,0,M21,N
NLA12_NC-124,1,0.18113,M21,NA
NLA12_NC-115,1,0,M21,N
NLA12_SD-131,1,0.37701,M22,NA
NLA12_ND-156,1,4.37654,M23,NA
NLA12_WY-116,1,0.06211,M21,J02
NLA12_SC-118,1,0.185,M23,NA
NLA12_IN-120,1,0.10315,M22,J03
NLA12_IN-145,1,0.16912,M22,NA
NLA12_FL-110,2,0,M24,N
NLA12_FL-126,1,0.7448,M21,NA
NLA12_MO-105,1,0.10587,M22,J03
NLA12_MO-110,1,0,M22,N
NLA12_ID-112,2,0,M22,N
NLA12_IN-101,2,0.092,M22,J02
NLA12_WA-109,1,0,M22,N
NLA12_CA-103,1,0,M22,N
NLA12_ME-102,1,0.10617,M22,J03
NLA12_OR-109,1,0.07165,M23,J02
NLA12_IN-149,1,0.1015,M22,J03
NLA12_IN-179,1,0.10814,M22,J03
NLA12_IN-187,1,0.09659,M22,J03
NLA12_ME-116,1,0,M22,N
NLA12_MN-152,1,0.17,B2I0334,NA
NLA12_MT-140,1,0,M22,N
NLA12_NE-125,1,0.13869,M23,J03
NLA12_SC-102,1,0.08735,M23,J02
NLA12_WY-R04,1,0,M22,N
NLA12_IL-112,1,0.4197,M23,NA
NLA12_CA-111,2,0,M22,N
NLA12_SD-115,2,3.04314,M22,NA
NLA12_ME-R07,1,0.08683,M22,J02
NLA12_MN-112,1,0.49,B2I0334,NA
NLA12_WI-161,1,0,NONE,"N, L"
NLA12_MN-135,1,0.41,B2I0334,NA
NLA12_OR-128,1,0.83238,M23,NA
NLA12_CT-108,1,0.21732,M22,NA
NLA12_NY-0104,2,0.13032,M23,J03
NLA12_MD-104,1,0.39369,M23,NA
NLA12_WA-133,1,0,M22,N
NLA12_CO-130,1,0,M22,N
NLA12_UT-126,1,0,M22,N
NLA12_OK-107,1,0,M22,N
NLA12_NE-121,1,3.96168,M23,NA
NLA12_VA-127,1,0.07217,M22,J02
NLA12_VA-130,1,0.0636,M22,J02
NLA12_MN-114,1,3.08,B2I0334,NA
NLA12_DE-103,1,0.17325,M22,NA
NLA12_IL-116,1,1.29884,M23,NA
NLA12_MO-108,2,0.06678,M22,J02
NLA12_PA-113,1,0,2012MCN_NLA_03,N
NLA12_MD-105,2,0.24811,M23,NA
NLA12_IN-185,1,0.46478,M24,NA
NLA12_CA-135,1,0,M22,N
NLA12_CA-123,1,0,M22,N
NLA12_SD-101,2,0.06914,M22,J02
NLA12_GA-112,2,0.05273,M22,J02
NLA12_TX-128,1,0.08169,M23,J02
NLA12_OR-144,1,0.0684,M23,J02
NLA12_UT-159,1,0,M22,N
NLA12_UT-147,1,0,M22,N
NLA12_SC-127,1,0.09324,M23,J02
NLA12_WY-R01,1,0,M22,N
NLA12_MT-144,1,0,M22,N
NLA12_SD-143,1,3.12326,M22,NA
NLA12_SC-104,2,0.10155,M23,J03
NLA12_IN-103,1,2.38378,M24,NA
NLA12_ME-129,1,0.57586,M22,NA
NLA12_IN-163,1,0.10605,M26,J03
NLA12_ME-118,1,0,M22,N
NLA12_AZ-145,1,0.44025,M23,NA
NLA12_AR-101,2,0,M22,N
NLA12_AR-105,2,0.05912,M22,J02
NLA12_OH-101,1,0.13729,M23,J03
NLA12_CO-131,2,0.10892,M23,J03
NLA12_FL-141,1,0.09056,M23,J02
NLA12_GA-R11,1,0,M23,N
NLA12_NE-105,1,3.36436,M24,NA
NLA12_NE-108,1,18.3139,M23,NA
NLA12_NC-116,2,0.10948,M23,J03
NLA12_NC-101,2,0.12318,M23,J03
NLA12_NM-161,1,0.09626,M23,J03
NLA12_IN-128,2,0.19128,M24,NA
NLA12_NM-104,2,0.08006,M23,J02
NLA12_NM-162,1,0.14484,M23,J03
NLA12_FL-132,1,0.0948,M23,J02
NLA12_FL-123,2,0,M24,N
NLA12_FL-101,2,0.16342,M23,NA
NLA12_NE-113,1,15.46685,M23,NA
NLA12_NE-102,1,1.08563,M23,NA
NLA12_MT-102,1,0.0888,M23,J02
NLA12_IN-174,1,0.20335,M27,NA
NLA12_SD-109,1,0.17147,M23,NA
NLA12_NM-117,2,0.10036,M23,J03
NLA12_OR-121,1,0.1007,M23,J03
NLA12_OH-107,1,1.61938,M23,NA
NLA12_CA-206,1,0,M24,N
NLA12_IN-171,1,0.07012,M24,J02
NLA12_MN-127,1,0.15,B2I0334,NA
NLA12_IN-186,1,0.0861,M24,J02
NLA12_DE-104,1,0.19985,M24,NA
NLA12_IN-180,1,0,M24,N
NLA12_MO-123,1,0.19609,M25,NA
NLA12_WY-R08,1,0,M23,N
NLA12_AR-106,1,0.11198,M23,J03
NLA12_GA-103,1,0.08472,M23,J02
NLA12_NC-114,1,0.15971,M23,NA
NLA12_NE-135,1,0.11256,M23,J03
NLA12_SC-103,2,0,M23,N
NLA12_SD-170,1,0.6185,M23,NA
NLA12_ND-113,1,0.10231,M23,J03
NLA12_ME-104,1,0.19376,M24,NA
NLA12_CO-101,2,0.19436,M23,NA
NLA12_MT-136,1,0,M23,N
NLA12_MN-136,1,0,B2I0334,N
NLA12_MN-158,1,0.39,B2I0335,NA
NLA12_ME-105,1,0.09851,M24,J03
NLA12_AR-102,1,0.49357,M23,NA
NLA12_AR-111,1,0,M23,N
NLA12_CA-141,1,0.08594,M24,J02
NLA12_CA-208,1,0,M24,N
NLA12_ND-199,1,0.27901,M23,NA
NLA12_OH-104,1,0.79256,M23,NA
NLA12_AZ-R02,1,0.18261,M24,NA
NLA12_ME-122,1,0.07941,M24,J02
NLA12_MT-120,1,0,M23,N
NLA12_ND-105,1,8.34,M23,NA
NLA12_WA-101,2,0,M23,N
NLA12_NE-127,1,0.15217,M23,NA
NLA12_OR-160,1,0.07438,M23,J02
NLA12_OR-103,1,0,M23,N
NLA12_IN-104,1,0.63159,M26,NA
NLA12_IN-115,1,0.05719,M27,J02
NLA12_OH-118,2,0,M23,N
NLA12_NC-134,1,0.98715,M23,NA
NLA12_SD-154,1,8.30425,M24,NA
NLA12_GA-127,1,15.98425,M23,NA
NLA12_WA-125,1,0.03207,M23,J02
NLA12_AZ-R01,1,0,M24,N
NLA12_CO-109,1,0.08271,M25,J02
NLA12_ME-107,1,0,M24,N
NLA12_NE-160,1,0.08037,M23,J02
NLA12_WI-179,1,0,NONE,"N, L"
NLA12_WI-109,1,0.283,NONE,NA
NLA12_WI-115,1,0,NONE,"N, L"
NLA12_AZ-130,2,0.10002,M23,J03
NLA12_VT-112,2,2.19153,M23,NA
NLA12_MT-164,1,0.04722,M27,J02
NLA12_PA-111,1,0.41,2012MCN_NLA_03,NA
NLA12_PA-115,1,0,2012MCN_NLA_03,N
NLA12_TX-218,1,0.07735,M26,J02
NLA12_OH-115,1,0.78105,M23,NA
NLA12_AR-103,1,0.09539,M24,J03
NLA12_AZ-106,1,0.08448,M24,J02
NLA12_AZ-123,1,0.07554,M24,J02
NLA12_NE-154,1,0.39835,M24,NA
NLA12_NE-156,1,3.44001,M24,NA
NLA12_NE-101,2,0.0714,M24,J02
NLA12_WA-103,1,0.07547,M25,J02
NLA12_NE-166,1,0.07127,M24,J02
NLA12_NE-149,1,0.62323,M24,NA
NLA12_SD-157,1,0.91958,M25,NA
NLA12_NE-170,1,4.76948,M24,NA
NLA12_SD-162,1,4.14772,M24,NA
NLA12_MT-151,1,0.05376,M27,J02
NLA12_AZ-157,1,0.06404,M27,J02
NLA12_ME-126,2,0.08086,M25,J02
NLA12_OH-106,1,0.0889,M27,J02
NLA12_CO-R01,1,0.07874,M25,J02
NLA12_CA-102,1,0.10953,M26,J03
NLA12_CA-156,1,0.0775,M26,J02
NLA12_SD-103,1,0.70858,M24,NA
NLA12_SD-150,1,0.17466,M25,NA
NLA12_SD-141,1,2.37294,M25,NA
NLA12_GA-101,2,0.28153,M25,NA
NLA12_MT-135,1,0.40077,M27,NA
NLA12_NE-129,2,0.3601,M25,NA
NLA12_CO-R10,1,0,M25,N
NLA12_MN-123,2,0,B2I0336,N
NLA12_MN-171,1,0.18,B2I0335,NA
NLA12_MD-101,2,0.0822,M25,J02
NLA12_MO-122,1,0.91958,M25,NA
NLA12_MO-126,1,0.10308,M25,J03
NLA12_WA-146,1,0,M25,N
NLA12_IN-142,1,0.08089,M26,J02
NLA12_MN-144,1,0,B2I0335,N
NLA12_CO-107,1,0.0822,M25,J02
NLA12_CT-101,2,0.18052,M25,NA
NLA12_WV-101,2,0.17807,M25,NA
NLA12_TX-199,1,0.11316,M26,J03
NLA12_NE-157,1,0.08378,M25,J02
NLA12_MT-103,1,3.46075,M26,NA
NLA12_IL-114,1,0.10603,M27,J03
NLA12_IN-117,1,0,M26,N
NLA12_MN-101,2,0.3,B2I0336,NA
NLA12_SD-198,1,0.54298,M25,NA
NLA12_ME-115,1,0.08496,M25,J02
NLA12_GA-114,1,0.19985,M25,NA
NLA12_IN-191,1,0.10135,M26,J03
NLA12_WA-114,1,0.08374,M25,J02
NLA12_AZ-143,1,0.0548,M27,J02
NLA12_UT-374,1,0,M26,N
NLA12_PA-103,1,0.49,2012MCN_NLA_04,NA
NLA12_CO-105,1,0.10775,M27,J03
NLA12_NE-158,1,0,M25,N
NLA12_IL-103,1,3.95095,M27,NA
NLA12_MT-119,1,0.35035,M26,NA
NLA12_UT-122,1,0.07513,M27,J02
NLA12_TX-118,1,0.07217,M25,J02
NLA12_CA-181,1,0.26548,M27,NA
NLA12_CO-R07,1,0.07669,M25,J02
NLA12_IN-126,1,0.06715,M26,J02
NLA12_TX-202,1,2.70959,M27,NA
NLA12_OK-133,1,0.09715,M26,J03
NLA12_UT-324,1,0.06958,M27,J02
NLA12_ME-135,1,0.06952,M27,J02
NLA12_MT-161,1,0.09693,M26,J03
NLA12_OH-101,2,0.15864,M27,NA
NLA12_UT-325,1,0.06731,M27,J02
NLA12_WA-115,1,0,M26,N
NLA12_OK-286,1,2.0526,M26,NA
NLA12_WV-112,2,0.13086,M26,J03
NLA12_UT-229,1,0.09736,M26,J03
NLA12_MN-181,1,0,B2I0336,N
NLA12_MN-180,1,0.22,B2I0336,NA
NLA12_CA-212,1,0.05543,M27,J02
NLA12_OH-R03,1,0.20855,M26,NA
NLA12_MN-162,1,0,B2I0336,N
NLA12_MN-170,1,0,B2I0336,N
NLA12_ME-108,1,0.07593,M27,J02
NLA12_IN-162,1,0.20682,M26,NA
NLA12_IN-112,1,0.74466,M27,NA
NLA12_IN-131,1,0.09239,M26,J02
NLA12_CT-115,2,0.08948,M30,J02
NLA12_TX-137,1,0.12509,M27,J03
NLA12_CO-127,1,48.7836,M27,NA
NLA12_MO-120,1,0.08176,M27,J02
NLA12_PA-119,1,0,2012MCN_NLA_04,N
NLA12_OH-112,1,0.09331,M27,J02
NLA12_CA-138,1,0.04799,M27,J02
NLA12_WI-133,1,3.81,NONE,NA
NLA12_WI-132,1,0.641,NONE,NA
NLA12_WI-181,1,2.165,NONE,NA
NLA12_WI-135,1,0,NONE,"N, L"
NLA12_WI-111,1,2.546,NONE,NA
NLA12_MT-177,1,0.10586,M26,J03
NLA12_MA-101,1,0,M27,N
NLA12_MA-105,1,0.07796,M27,J02
NLA12_IN-183,1,0.56247,M27,NA
NLA12_WA-124,1,0.11478,M26,J03
NLA12_MA-111,1,0.06266,M27,J02
NLA12_WA-120,1,0,M26,N
NLA12_UT-110,2,0.08644,M26,J02
NLA12_UT-290,1,0.07456,M26,J02
NLA12_MA-108,1,0.05112,M27,J02
NLA12_WY-125,1,0,M26,N
NLA12_OK-102,1,0.48076,M27,NA
NLA12_OK-285,1,0.06686,M27,J02
NLA12_CA-107,1,0.08485,M27,J02
NLA12_DE-121,1,0.0683,M27,J02
NLA12_WV-105,1,0.07485,M27,J02
NLA12_MT-102,2,0.06793,M27,J02
NLA12_ME-101,2,0.08149,M27,J02
NLA12_MT-105,1,0.06567,M27,J02
NLA12_CO-111,1,0.11054,M27,J03
NLA12_OR-126,1,0.08626,M27,J02
NLA12_OR-173,1,0.08818,M27,J02
NLA12_TX-159,1,0.21649,M28,NA
NLA12_OK-311,1,0.10226,M27,J03
NLA12_OK-101,2,0.08908,M27,J02
NLA12_CA-104,1,0.04243,M27,J02
NLA12_MT-111,1,0.06473,M27,J02
NLA12_OH-122,1,0.07822,M27,J02
NLA12_ME-137,1,0.07585,M27,J02
NLA12_IN-196,1,0.0778,M28,J02
NLA12_MA-102,1,0.06614,M27,J02
NLA12_WA-116,1,0.07386,M27,J02
NLA12_WA-104,1,0,M27,N
NLA12_MA-104,1,0.14031,M30,J03
NLA12_IL-111,1,0.12391,M27,J03
NLA12_CT-105,1,0.5243,M27,NA
NLA12_TN-106,1,0.09239,M27,J02
NLA12_OK-299,2,0.15746,M27,NA
NLA12_UT-264,1,0.07987,M27,J02
NLA12_CO-103,1,0.09342,M27,J02
NLA12_PA-101,2,0,2012MCN_NLA_04,N
NLA12_UT-343,1,0.07048,M27,J02
NLA12_UT-359,1,0.50195,M27,NA
NLA12_OR-103,2,0,M28,N
NLA12_TX-R08,1,0.09127,M27,J02
NLA12_IN-193,1,0.21331,M28,NA
NLA12_OR-121,2,0,M28,N
NLA12_MT-164,2,0.04609,M27,J02
NLA12_NJ-105,1,0,M27,N
NLA12_NY-0101,2,0.06805,M27,J02
NLA12_TX-101,2,0.11183,M27,J03
NLA12_IN-199,1,0.08295,M28,J02
NLA12_WA-159,1,0.09768,M27,J03
NLA12_TN-122,1,0.09728,M27,J03
NLA12_MO-106,1,0.06615,M27,J02
NLA12_MA-106,1,0.0972,M30,J03
NLA12_IL-105,1,0.12044,M27,J03
NLA12_MA-109,1,0.40792,M27,NA
NLA12_NJ-106,1,0.19591,M27,NA
NLA12_DE-107,1,0.07556,M26,J02
NLA12_WY-101,2,0.06743,M27,J02
NLA12_WY-137,1,0.09588,M27,J03
NLA12_CO-104,1,25.722,M27,NA
NLA12_NY-0112,1,0.09458,M27,J02
NLA12_ME-113,1,0,M27,N
NLA12_MA-110,1,0.13698,M27,J03
NLA12_TN-119,1,33.672,M27,NA
NLA12_TN-114,2,0.0839,M27,J02
NLA12_TN-108,2,0.40025,M27,NA
NLA12_MA-103,1,0.06758,M27,J02
NLA12_TN-103,1,0.04643,M29,J02
NLA12_DE-105,2,0,M28,N
NLA12_IL-109,2,7.1007,M28,NA
NLA12_SD-146,1,0,M28,N
NLA12_TN-101,2,0.76497,M29,NA
NLA12_WA-151,1,0,M28,N
NLA12_WY-147,1,0,M28,N
NLA12_WY-124,2,0.06739,M28,J02
NLA12_OR-163,1,0,M28,N
NLA12_OR-158,1,0,M28,N
NLA12_OH-105,1,0.58585,M28,NA
NLA12_NJ-131,2,0.27696,M28,NA
NLA12_MT-162,1,0,M28,N
NLA12_OH-113,1,0.21906,M28,NA
NLA12_IN-135,1,0.0636,M28,J02
NLA12_TX-232,1,0.05444,M28,J02
NLA12_NY-0103,1,0.04068,M28,J02
NLA12_AZ-102,1,0.95401,M28,NA
NLA12_IN-155,1,0.07838,M28,J02
NLA12_IN-201,1,0.07343,M28,J02
NLA12_MA-105,2,0.04267,M28,J02
NLA12_DE-101,2,0.68652,M28,NA
NLA12_TX-161,1,0.06497,M28,J02
NLA12_WA-133,2,0.05404,M28,J02
NLA12_NJ-101,2,0.09374,M28,J02
NLA12_MO-101,2,0.15167,M29,NA
NLA12_ND-R17,1,6.63125,M28,NA
NLA12_ND-R18,1,2.86515,M28,NA
NLA12_TN-104,1,0.06254,M29,J02
NLA12_TN-R01,1,0.07486,M29,J02
NLA12_TX-235,1,0,M28,N
NLA12_MA-101,2,0,M28,N
NLA12_NJ-R01,1,0,M28,N
NLA12_NJ-103,1,0.40536,M28,NA
NLA12_IN-202,1,0,M28,N
NLA12_CA-101,2,0.41542,M29,NA
NLA12_NJ-108,1,0,M29,N
NLA12_TX-129,1,0,M28,N
NLA12_IL-123,1,0.30762,M30,NA
NLA12_UT-397,1,0,M29,N
NLA12_UT-412,1,0.0521,M29,J02
NLA12_TX-R09,1,0,M29,N
NLA12_UT-424,1,0.04664,M29,J02
NLA12_UT-392,1,0.15578,M29,NA
NLA12_IL-103,2,71.9664,M30,NA
NLA12_CA-223,1,0,M29,N
NLA12_WA-154,1,0.0892,M29,J02
NLA12_WA-110,1,0,M29,N
NLA12_UT-409,1,0.07069,M29,J02
NLA12_TX-234,1,0.05362,M29,J02
NLA12_TX-196,1,0.08452,M29,J02
NLA12_UT-400,1,0.05428,M29,J02
NLA12_MO-102,1,0.17023,M29,NA
NLA12_MS-116,1,0.09017,M5,J02
NLA12_MS-R03,1,0.18233,M5,NA
NLA12_MS-119,1,0.10464,M5,J03
NLA12_VT-101,1,0,M10,N
NLA12_TX-141,1,0.15873,M9,NA
NLA12_TX-169,1,0.07513,M9,J02
NLA12_OR-133,1,0.08114,M9,J02
NLA12_OR-131,1,0.08441,M9,J02
NLA12_TX-158,1,0.23052,M8,NA
NLA12_ID-107,1,0,M10,N
NLA12_VT-102,1,0.04645,M9,J02
NLA12_OR-101,1,0.08911,M10,J02
NLA12_TX-135,1,0.09471,M9,J02
NLA12_WI-101,1,4.2,NONE,NA
NLA12_ID-151,1,0,M10,N
NLA12_TX-110,1,0.10528,M9,J03
NLA12_WI-102,1,0.105,NONE,J03
NLA12_ID-109,1,0,M10,N
NLA12_ID-111,1,0.24879,M10,NA
NLA12_VT-106,1,0,M10,N
NLA12_WI-152,1,0.198,NONE,NA
NLA12_WI-113,1,0,NONE,"N, L"
NLA12_MI-151,1,0.05485,M11,J02
NLA12_WI-117,1,0,NONE,"N, L"
NLA12_MI-139,1,0.29855,M11,NA
NLA12_MI-124,1,0.14559,M11,NA
NLA12_TX-117,2,0.09019,M12,J02
NLA12_OR-106,1,0.07625,M11,J02
NLA12_WI-136,1,0.726,NONE,NA
NLA12_MI-109,1,0.08121,M11,J02
NLA12_TX-109,1,0.10417,M12,J03
NLA12_VT-109,1,0.11349,M13,J03
NLA12_MI-136,1,0,M13,N
NLA12_MI-105,1,0.11127,M11,J03
NLA12_CA-R09,1,0.1167,M13,J03
NLA12_MI-167,1,0,M12,N
NLA12_WI-168,1,0.689,NONE,NA
NLA12_TX-124,1,0.10005,M12,J03
NLA12_TX-148,1,0,M14,N
NLA12_WI-172,1,0,NONE,"N, L"
NLA12_MI-108,1,0.0972,M13,J03
NLA12_ID-149,1,0.10872,M12,J03
NLA12_ID-148,1,0,M12,N
NLA12_ID-103,1,0,M12,N
NLA12_MI-104,1,0.07558,M14,J02
NLA12_VT-104,1,0,M13,N
NLA12_MI-120,1,0.12735,M13,J03
NLA12_TX-103,1,0.09354,M14,J02
NLA12_MI-152,1,0.15754,M13,NA
NLA12_MI-128,1,0.2205,M13,NA
NLA12_MI-168,1,0.13858,M13,J03
NLA12_MI-112,1,0.15727,M13,NA
NLA12_MI-115,1,0.07807,M14,J02
NLA12_WI-131,1,0,NONE,"N, L"
NLA12_WI-154,1,0,NONE,"N, L"
NLA12_NE-109,1,0.08716,M16,J02
NLA12_NE-103,1,0.14762,M14,NA
NLA12_NE-114,1,0.08527,M16,J02
NLA12_WA-106,1,0.13071,M15,J03
NLA12_NE-104,1,0.24051,M16,NA
NLA12_MI-117,1,0.79297,M16,NA
NLA12_MI-102,1,0,M16,N
NLA12_NE-133,1,0.41209,M16,NA
NLA12_MI-110,1,0.03939,M16,J02
NLA12_MI-129,1,0.30382,M16,NA
NLA12_VT-114,1,0.08234,M17,J02
NLA12_MI-123,1,0.11063,M16,J03
NLA12_MI-161,1,0.29594,M16,NA
NLA12_WI-166,1,0,NONE,"N, L"
NLA12_MI-165,1,0.05078,M18,J02
NLA12_MI-162,1,0.05548,M18,J02
NLA12_MI-132,1,4.99447,M19,NA
NLA12_MI-118,1,0,M19,N
NLA12_WA-107,1,0.04769,M19,J02
NLA12_WI-112,1,0.216,NONE,NA
NLA12_WI-108,1,0.832,NONE,NA
NLA12_VT-101,2,0.09337,M18,J02
NLA12_MI-169,1,0,M19,N
NLA12_MI-148,1,0.07582,M19,J02
NLA12_WA-129,1,0,M19,N
NLA12_WI-155,1,0,NONE,"N, L"
NLA12_WI-103,1,0,NONE,"N, L"
NLA12_MI-137,1,0.17342,M19,NA
NLA12_WI-151,1,0,NONE,"N, L"
NLA12_WI-127,1,12.62,NONE,NA
NLA12_MI-164,1,0.13722,M19,J03
NLA12_WI-104,1,0,NONE,"N, L"
NLA12_ID-143,1,0.11304,M20,J03
NLA12_MI-116,1,0.37907,M20,NA
NLA12_ID-216,1,0,M20,N
NLA12_WI-129,1,0.128,NONE,J03
NLA12_NH-115,1,0.04406,M20,J02
NLA12_MI-141,1,0,M20,N
NLA12_WA-131,1,0.05252,M20,J02
NLA12_WI-107,1,0.289,NONE,NA
NLA12_WA-111,1,0,M20,N
NLA12_ID-214,1,0.09081,M22,J02
NLA12_WI-120,1,0,NONE,"N, L"
NLA12_VT-115,1,0.08041,M23,J02
NLA12_WI-128,1,0,NONE,"N, L"
NLA12_MI-138,1,0.09914,M22,J03
NLA12_WI-110,1,0,NONE,"N, L"
NLA12_MI-122,1,0,M22,N
NLA12_MI-133,1,0,M22,N
NLA12_MI-107,1,0.21063,M25,NA
NLA12_WI-101,2,2.624,NONE,NA
NLA12_MI-106,1,0.30456,M22,NA
NLA12_MI-126,1,0.22063,M22,NA
NLA12_ID-221,1,0.06914,M22,J02
NLA12_ID-218,1,0,M22,N
NLA12_ID-180,1,0,M22,N
NLA12_MI-130,1,0.08143,M23,J02
NLA12_MI-103,1,0.93713,M23,NA
NLA12_MI-142,1,0.0766,M23,J02
NLA12_MI-101,2,0.11308,M23,J03
NLA12_MI-139,2,1.4011,M23,NA
NLA12_VT-110,1,0.08066,M23,J02
NLA12_MI-113,1,0.23331,M23,NA
NLA12_ID-220,1,9.3914,M23,NA
NLA12_ID-205,1,0,M23,N
NLA12_MI-145,1,0.21886,M23,NA
NLA12_MI-172,1,0.314,M23,NA
NLA12_WI-138,1,0,NONE,"N, L"
NLA12_WI-163,1,0.519,NONE,NA
NLA12_MI-177,1,0.36956,M25,NA
NLA12_WI-106,1,0,NONE,"N, L"
NLA12_WI-171,1,0,NONE,"N, L"
NLA12_FL-R04,1,0.56312,M23,NA
NLA12_MI-178,1,0,M26,N
NLA12_WI-147,1,0,NONE,"N, L"
NLA12_WA-147,1,0,M20,N
NLA12_WI-176,1,0,NONE,"N, L"
NLA12_WI-170,1,0,NONE,"N, L"
NLA12_WI-112,2,0.653,NONE,NA
NLA12_WY-151,1,0,M28,N
NLA12_WI-173,1,0,NONE,"N, L"
NLA12_WI-188,1,20.68,NONE,NA
NLA12_OR-167,1,0.13327,M28,J03
NLA12_WI-142,1,0,NONE,"N, L"
NLA12_WI-153,1,0.15,NONE,NA
NLA12_WI-183,1,0,NONE,"N, L"
NLA12_WI-174,1,0,NONE,"N, L"
NLA12_WI-122,1,0,NONE,"N, L"
NLA12_WI-157,1,0.105,NONE,J03
