SITE_ID,VISIT_NO,UID,INDEX_SITE_DEPTH
NLA12_AL-101,1,6300,13.1
NLA12_AL-101,2,7374,13.7
NLA12_AL-102,1,7228,17.3
NLA12_AL-103,1,7292,6.5
NLA12_AL-104,1,7368,19.8
NLA12_AL-105,1,6267,4.6
NLA12_AL-105,2,7394,5
NLA12_AL-112,1,7375,3.8
NLA12_AL-113,1,7769,2.5
NLA12_AL-114,1,7459,3.5
NLA12_AR-101,1,7392,1.9
NLA12_AR-101,2,8021,2.1
NLA12_AR-102,1,8144,1.3
NLA12_AR-103,1,8217,13.4
NLA12_AR-104,1,7812,9.1
NLA12_AR-105,1,7409,2.3
NLA12_AR-105,2,8022,2.6
NLA12_AR-106,1,8121,5.4
NLA12_AR-109,1,7811,7.8
NLA12_AR-111,1,8145,1.2
NLA12_AZ-101,1,6187,23.3
NLA12_AZ-101,2,6612,24.4
NLA12_AZ-102,1,8648,1.6
NLA12_AZ-103,1,7821,3.6
NLA12_AZ-106,1,8218,4.8
NLA12_AZ-107,1,7475,3.6
NLA12_AZ-118,1,6192,2.4
NLA12_AZ-123,1,8219,1.8
NLA12_AZ-127,1,6281,4.3
NLA12_AZ-130,1,6195,12.7
NLA12_AZ-130,2,8198,21.2
NLA12_AZ-140,1,7290,4.1
NLA12_AZ-143,1,8320,4
NLA12_AZ-145,1,8016,3
NLA12_AZ-157,1,8251,1.6
NLA12_CA-101,1,7020,12
NLA12_CA-101,2,8759,9.2
NLA12_CA-102,1,8264,2.2
NLA12_CA-103,1,7916,19.8
NLA12_CA-104,1,8483,29.9
NLA12_CA-105,1,7126,4.3
NLA12_CA-106,1,6250,2.7
NLA12_CA-107,1,8466,8.3
NLA12_CA-108,1,7796,14
NLA12_CA-111,1,7341,5.1
NLA12_CA-111,2,7937,5.4
NLA12_CA-112,1,7424,6.3
NLA12_CA-116,1,6559,34.5
NLA12_CA-119,1,7740,33
NLA12_CA-121,1,6659,14.3
NLA12_CA-123,1,7989,5.7
NLA12_CA-128,1,7563,3.5
NLA12_CA-132,1,6596,9.6
NLA12_CA-135,1,7988,16
NLA12_CA-138,1,8424,1.3
NLA12_CA-141,1,8148,3.7
NLA12_CA-143,1,6160,8.3
NLA12_CA-145,1,7529,3.5
NLA12_CA-154,1,7229,3
NLA12_CA-156,1,8265,2.7
NLA12_CA-157,1,6642,7.2
NLA12_CA-166,1,7423,6.7
NLA12_CA-167,1,7263,8.3
NLA12_CA-168,1,6235,24.1
NLA12_CA-172,1,6279,12.8
NLA12_CA-174,1,6558,6
NLA12_CA-180,1,7064,29.1
NLA12_CA-181,1,8333,5.8
NLA12_CA-188,1,7712,29
NLA12_CA-190,1,7208,2
NLA12_CA-200,1,7366,10.2
NLA12_CA-206,1,8076,45
NLA12_CA-208,1,8149,1.5
NLA12_CA-212,1,8398,14.8
NLA12_CA-223,1,8779,25.8
NLA12_CO-101,1,7173,2.2
NLA12_CO-101,2,8129,1.8
NLA12_CO-102,1,6795,14
NLA12_CO-103,1,8505,5
NLA12_CO-104,1,8596,6.7
NLA12_CO-105,1,8325,4.4
NLA12_CO-106,1,7325,7.2
NLA12_CO-107,1,8297,16.4
NLA12_CO-108,1,6976,4.9
NLA12_CO-109,1,8184,12.5
NLA12_CO-110,1,6342,4
NLA12_CO-111,1,8477,6
NLA12_CO-114,1,6874,5.1
NLA12_CO-115,1,7102,3.3
NLA12_CO-117,1,7686,5
NLA12_CO-119,1,7322,30
NLA12_CO-121,1,7684,3.1
NLA12_CO-124,1,6753,4.8
NLA12_CO-125,1,7476,6.5
NLA12_CO-127,1,8414,5.3
NLA12_CO-129,1,7395,2.1
NLA12_CO-130,1,7957,5.8
NLA12_CO-131,1,6875,7.6
NLA12_CO-131,2,8025,7.6
NLA12_CO-133,1,7827,2.4
NLA12_CT-101,1,6689,1.9
NLA12_CT-101,2,8298,2.5
NLA12_CT-102,1,6854,19.3
NLA12_CT-103,1,7800,23.6
NLA12_CT-104,1,7091,5.7
NLA12_CT-105,1,8500,6.3
NLA12_CT-107,1,7450,4.5
NLA12_CT-108,1,7953,2.5
NLA12_CT-115,1,6813,6.7
NLA12_CT-115,2,8412,6.7
NLA12_CT-118,1,7224,9.2
NLA12_CT-126,1,7582,3.9
NLA12_DE-101,1,7729,1.7
NLA12_DE-101,2,8654,1.7
NLA12_DE-102,1,6838,1.3
NLA12_DE-103,1,7972,1.7
NLA12_DE-104,1,8115,1.9
NLA12_DE-105,1,6780,2.4
NLA12_DE-105,2,8620,2.2
NLA12_DE-107,1,8592,1.4
NLA12_DE-121,1,8469,1.5
NLA12_FL-101,1,6212,4.4
NLA12_FL-101,2,8062,3.7
NLA12_FL-102,1,6222,3.8
NLA12_FL-102,2,7826,3.9
NLA12_FL-103,1,7530,1.2
NLA12_FL-104,1,6233,6.7
NLA12_FL-105,1,7839,3.5
NLA12_FL-106,1,6232,2.8
NLA12_FL-107,1,6228,6.1
NLA12_FL-108,1,7531,5.5
NLA12_FL-109,1,7836,2.4
NLA12_FL-110,1,6231,2.6
NLA12_FL-110,2,7908,2.8
NLA12_FL-114,1,6251,6.6
NLA12_FL-123,1,6218,17.3
NLA12_FL-123,2,8061,12.5
NLA12_FL-126,1,7909,2.4
NLA12_FL-130,1,7814,2
NLA12_FL-132,1,8060,1.1
NLA12_FL-141,1,8026,1.1
NLA12_GA-101,1,6293,2.7
NLA12_GA-101,2,8277,2.6
NLA12_GA-102,1,7307,1.2
NLA12_GA-103,1,8122,3.8
NLA12_GA-104,1,7453,13
NLA12_GA-105,1,7021,20.8
NLA12_GA-107,1,6585,3.3
NLA12_GA-111,1,7791,3.4
NLA12_GA-112,1,6226,5.1
NLA12_GA-112,2,7993,4.5
NLA12_GA-114,1,8316,3
NLA12_GA-118,1,6889,9.7
NLA12_GA-127,1,8178,2.2
NLA12_IA-101,1,6604,6.7
NLA12_IA-101,2,7242,7.1
NLA12_IA-102,1,7462,1.7
NLA12_IA-103,1,6789,6.2
NLA12_IA-104,1,7017,7
NLA12_IA-105,1,6530,2.8
NLA12_IA-106,1,6768,4.7
NLA12_IA-107,1,6416,2.8
NLA12_IA-109,1,6660,1.5
NLA12_IA-113,1,6848,10.5
NLA12_IA-120,1,6541,2.8
NLA12_IA-120,2,7371,3.6
NLA12_IA-127,1,7041,6.6
NLA12_IA-132,1,6464,2.4
NLA12_IA-134,1,7125,2.9
NLA12_IA-150,1,6915,6.4
NLA12_IA-152,1,6977,3.7
NLA12_ID-101,1,6959,6.5
NLA12_ID-101,2,7761,4
NLA12_ID-102,1,7164,3
NLA12_ID-103,1,1000069,6.3
NLA12_ID-104,1,7671,4.05
NLA12_ID-105,1,7189,12.5
NLA12_ID-107,1,1000019,3.6
NLA12_ID-108,1,7167,4.75
NLA12_ID-109,1,1000029,15
NLA12_ID-110,1,7549,3.1
NLA12_ID-111,1,1000030,NA
NLA12_ID-112,1,7163,6
NLA12_ID-112,2,7913,5.1
NLA12_ID-113,1,6958,5.6
NLA12_ID-121,1,7188,5.5
NLA12_ID-122,1,7588,6.5
NLA12_ID-141,1,6940,8.1
NLA12_ID-142,1,7477,1.1
NLA12_ID-143,1,1000122,2.2
NLA12_ID-145,1,7413,12.1
NLA12_ID-148,1,1000068,32.8
NLA12_ID-149,1,1000067,9
NLA12_ID-151,1,1000025,3.2
NLA12_ID-158,1,7478,35.5
NLA12_ID-165,1,7187,14.6
NLA12_ID-166,1,7533,3.6
NLA12_ID-168,1,6937,26
NLA12_ID-175,1,6971,11.5
NLA12_ID-180,1,1000160,4
NLA12_ID-194,1,6823,4.27
NLA12_ID-198,1,7590,2.1
NLA12_ID-203,1,7587,1.7
NLA12_ID-205,1,1000170,10
NLA12_ID-207,1,7168,3.8
NLA12_ID-209,1,6970,4.6
NLA12_ID-210,1,7412,14
NLA12_ID-214,1,1000137,5.9
NLA12_ID-215,1,7479,50
NLA12_ID-216,1,1000126,1.15
NLA12_ID-218,1,1000159,21.3
NLA12_ID-220,1,1000169,5.85
NLA12_ID-221,1,1000158,1
NLA12_IL-103,1,8327,7.7
NLA12_IL-103,2,8778,7.5
NLA12_IL-104,1,7249,9.3
NLA12_IL-105,1,8556,16.5
NLA12_IL-106,1,7282,8.7
NLA12_IL-109,1,7446,10
NLA12_IL-109,2,8624,9.8
NLA12_IL-110,1,6809,4.5
NLA12_IL-111,1,8499,10
NLA12_IL-112,1,7933,2.8
NLA12_IL-114,1,8303,15
NLA12_IL-116,1,7973,7.5
NLA12_IL-118,1,7217,3.1
NLA12_IL-120,1,7385,7
NLA12_IL-123,1,8764,1.7
NLA12_IN-101,1,7584,18
NLA12_IN-101,2,7914,15
NLA12_IN-102,1,7793,11.6
NLA12_IN-103,1,8012,9.1
NLA12_IN-104,1,8167,7
NLA12_IN-105,1,7757,7.9
NLA12_IN-106,1,7794,14.6
NLA12_IN-108,1,7370,9
NLA12_IN-110,1,7754,36
NLA12_IN-111,1,7579,8.8
NLA12_IN-112,1,8409,10.7
NLA12_IN-113,1,7592,25.6
NLA12_IN-115,1,8168,5.5
NLA12_IN-116,1,7288,8
NLA12_IN-117,1,8307,7.3
NLA12_IN-120,1,7895,6.5
NLA12_IN-126,1,8341,3.4
NLA12_IN-127,1,7548,6.4
NLA12_IN-128,1,7444,7.9
NLA12_IN-128,2,8051,8.4
NLA12_IN-130,1,7589,7.3
NLA12_IN-131,1,8410,13
NLA12_IN-134,1,7703,10.4
NLA12_IN-135,1,8645,8.5
NLA12_IN-142,1,8293,1.4
NLA12_IN-144,1,7753,28
NLA12_IN-145,1,7896,2.7
NLA12_IN-146,1,7268,7.9
NLA12_IN-147,1,7633,1
NLA12_IN-149,1,7920,6.4
NLA12_IN-155,1,8650,9.4
NLA12_IN-159,1,7829,4.6
NLA12_IN-160,1,7442,6.4
NLA12_IN-162,1,8408,3.8
NLA12_IN-163,1,8014,9.1
NLA12_IN-164,1,7772,8.4
NLA12_IN-166,1,7805,2
NLA12_IN-171,1,8086,5.8
NLA12_IN-172,1,7443,14.6
NLA12_IN-174,1,8070,11.8
NLA12_IN-179,1,7921,3.1
NLA12_IN-180,1,8116,6.4
NLA12_IN-183,1,8438,1.1
NLA12_IN-185,1,7984,5.5
NLA12_IN-186,1,8100,14.6
NLA12_IN-187,1,7922,6.7
NLA12_IN-191,1,8318,2.3
NLA12_IN-193,1,8540,8.2
NLA12_IN-196,1,8493,10
NLA12_IN-199,1,8549,8.5
NLA12_IN-201,1,8651,8.2
NLA12_IN-202,1,8728,2.4
NLA12_KS-101,1,6656,1.7
NLA12_KS-101,2,6969,1.5
NLA12_KS-102,1,6606,6
NLA12_KS-103,1,6437,5.4
NLA12_KS-105,1,6570,1.4
NLA12_KS-106,1,6796,3
NLA12_KS-107,1,6830,2.8
NLA12_KS-108,1,6404,1.5
NLA12_KS-109,1,6421,3.9
NLA12_KS-109,2,6722,3.4
NLA12_KS-114,1,6243,5.7
NLA12_KS-121,1,6851,1.9
NLA12_KS-122,1,6927,13
NLA12_KS-124,1,6609,2.3
NLA12_KS-125,1,6485,15
NLA12_KS-126,1,6781,1.6
NLA12_KS-130,1,6346,2.7
NLA12_KS-138,1,6524,4.6
NLA12_KY-101,1,6284,24.6
NLA12_KY-101,2,6946,25.4
NLA12_KY-102,1,6396,5.5
NLA12_KY-103,1,6303,7.8
NLA12_KY-104,1,6345,1.1
NLA12_KY-107,1,6285,8.7
NLA12_KY-107,2,6939,3.6
NLA12_KY-114,1,6411,16
NLA12_KY-116,1,6945,5.6
NLA12_KY-117,1,6428,5.1
NLA12_KY-120,1,6373,1.6
NLA12_KY-122,1,6374,8.2
NLA12_LA-101,1,6572,4
NLA12_LA-101,2,6866,3.8
NLA12_LA-102,1,6628,4.2
NLA12_LA-103,1,6661,2.4
NLA12_LA-104,1,6718,3.5
NLA12_LA-105,1,6643,2
NLA12_LA-106,1,6754,2.5
NLA12_LA-109,1,6755,1.6
NLA12_LA-134,1,6603,2.6
NLA12_LA-134,2,6856,3.3
NLA12_LA-141,1,6797,1
NLA12_LA-152,1,6662,3.4
NLA12_LA-154,1,6723,1.1
NLA12_LA-155,1,6724,3
NLA12_LA-161,1,6644,5.9
NLA12_LA-172,1,6918,1
NLA12_MA-101,1,8436,4.6
NLA12_MA-101,2,8672,4.3
NLA12_MA-102,1,8494,2
NLA12_MA-103,1,8613,3
NLA12_MA-104,1,8497,7.8
NLA12_MA-105,1,8437,6.5
NLA12_MA-105,2,8652,7
NLA12_MA-106,1,8555,4.2
NLA12_MA-108,1,8457,1.5
NLA12_MA-109,1,8590,10.4
NLA12_MA-110,1,8599,13.8
NLA12_MA-111,1,8443,3.5
NLA12_MD-101,1,6968,11.6
NLA12_MD-101,2,8285,10.9
NLA12_MD-102,1,6777,1.2
NLA12_MD-103,1,7298,3.1
NLA12_MD-104,1,7955,1.6
NLA12_MD-105,1,6905,1.8
NLA12_MD-105,2,7983,1.6
NLA12_MD-108,1,7558,2.5
NLA12_MD-115,1,7219,1.2
NLA12_MD-118,1,7527,0.9
NLA12_ME-101,1,7773,3.3
NLA12_ME-101,2,8473,3
NLA12_ME-102,1,7917,25
NLA12_ME-103,1,7597,27.3
NLA12_ME-104,1,8128,2.3
NLA12_ME-105,1,8142,2.2
NLA12_ME-106,1,7570,32
NLA12_ME-107,1,8185,13.5
NLA12_ME-108,1,8407,31
NLA12_ME-109,1,7463,16.5
NLA12_ME-110,1,7534,18
NLA12_ME-113,1,8598,1.8
NLA12_ME-114,1,7314,23.2
NLA12_ME-115,1,8314,4.8
NLA12_ME-116,1,7923,3
NLA12_ME-118,1,8015,8.7
NLA12_ME-120,1,7819,5.7
NLA12_ME-121,1,7650,12.1
NLA12_ME-122,1,8154,5
NLA12_ME-126,1,7774,4.8
NLA12_ME-126,2,8253,4.7
NLA12_ME-129,1,8013,2.9
NLA12_ME-130,1,7706,5.1
NLA12_ME-134,1,7420,3
NLA12_ME-135,1,8363,4.7
NLA12_ME-137,1,8489,5.6
NLA12_MI-101,1,7103,6.6
NLA12_MI-101,2,1000164,5.8
NLA12_MI-102,1,1000092,12.9
NLA12_MI-103,1,1000162,15
NLA12_MI-104,1,1000070,8.7
NLA12_MI-105,1,1000056,18.2
NLA12_MI-106,1,1000156,6
NLA12_MI-107,1,1000153,16
NLA12_MI-108,1,1000066,9
NLA12_MI-109,1,1000052,9.5
NLA12_MI-110,1,1000094,10.1
NLA12_MI-111,1,7001,8.5
NLA12_MI-112,1,1000080,13.1
NLA12_MI-113,1,1000168,15.5
NLA12_MI-114,1,7002,6.5
NLA12_MI-115,1,1000081,2.6
NLA12_MI-116,1,1000123,3.2
NLA12_MI-117,1,1000091,11.2
NLA12_MI-118,1,1000106,17.5
NLA12_MI-120,1,1000072,4.9
NLA12_MI-122,1,1000148,26.3
NLA12_MI-123,1,1000098,14.6
NLA12_MI-124,1,1000047,2.9
NLA12_MI-125,1,7795,2.7
NLA12_MI-126,1,1000157,8.5
NLA12_MI-128,1,1000076,15.2
NLA12_MI-129,1,1000096,21
NLA12_MI-130,1,1000161,3.5
NLA12_MI-132,1,1000105,4.5
NLA12_MI-133,1,1000152,7.7
NLA12_MI-135,1,7004,11.5
NLA12_MI-136,1,1000055,6.7
NLA12_MI-137,1,1000117,8.5
NLA12_MI-138,1,1000146,3.6
NLA12_MI-139,1,1000046,7
NLA12_MI-139,2,1000166,6.8
NLA12_MI-141,1,1000132,15.2
NLA12_MI-142,1,1000163,3.6
NLA12_MI-144,1,7251,2.7
NLA12_MI-145,1,1000172,12
NLA12_MI-148,1,1000112,17
NLA12_MI-150,1,7787,1.9
NLA12_MI-151,1,1000043,6.6
NLA12_MI-152,1,1000075,7
NLA12_MI-155,1,7005,7.4
NLA12_MI-161,1,1000099,6
NLA12_MI-162,1,1000103,21.7
NLA12_MI-164,1,1000120,0.9
NLA12_MI-165,1,1000101,4.3
NLA12_MI-167,1,1000058,3
NLA12_MI-168,1,1000079,11.9
NLA12_MI-169,1,1000111,3.5
NLA12_MI-172,1,1000173,11.6
NLA12_MI-177,1,1000186,3.7
NLA12_MI-178,1,1000191,2.2
NLA12_MN-101,1,7124,10
NLA12_MN-101,2,8308,9.8
NLA12_MN-102,1,6663,6.1
NLA12_MN-103,1,7748,2
NLA12_MN-104,1,7573,2.9
NLA12_MN-105,1,6798,4.8
NLA12_MN-106,1,7765,17.5
NLA12_MN-107,1,6602,14.5
NLA12_MN-108,1,6686,24
NLA12_MN-109,1,6816,1.6
NLA12_MN-110,1,7411,4.8
NLA12_MN-111,1,6472,9.1
NLA12_MN-112,1,7942,3.1
NLA12_MN-113,1,7243,1.6
NLA12_MN-114,1,7971,3.1
NLA12_MN-115,1,7767,10.6
NLA12_MN-116,1,7141,8.5
NLA12_MN-118,1,6471,1
NLA12_MN-119,1,7737,4
NLA12_MN-120,1,6547,3.9
NLA12_MN-121,1,7723,9.5
NLA12_MN-122,1,6548,4
NLA12_MN-123,1,7061,4.8
NLA12_MN-123,2,8283,4.9
NLA12_MN-126,1,7381,2.5
NLA12_MN-127,1,8087,2
NLA12_MN-130,1,6721,3.6
NLA12_MN-131,1,7574,1.1
NLA12_MN-132,1,6526,12
NLA12_MN-135,1,7945,1.1
NLA12_MN-136,1,8135,1.7
NLA12_MN-137,1,6574,1.3
NLA12_MN-138,1,6870,3.1
NLA12_MN-141,1,7403,5.6
NLA12_MN-143,1,7581,1.7
NLA12_MN-144,1,8295,1.8
NLA12_MN-145,1,6470,3.6
NLA12_MN-147,1,7052,4.4
NLA12_MN-150,1,6839,3.5
NLA12_MN-152,1,7924,3.3
NLA12_MN-153,1,6876,5.6
NLA12_MN-157,1,7425,6
NLA12_MN-158,1,8141,1.8
NLA12_MN-160,1,7828,4
NLA12_MN-162,1,8404,6.3
NLA12_MN-163,1,6716,2.6
NLA12_MN-167,1,7815,2.9
NLA12_MN-170,1,8405,7.5
NLA12_MN-171,1,8284,1.3
NLA12_MN-177,1,7802,1.5
NLA12_MN-180,1,8397,7.8
NLA12_MN-181,1,8396,1.7
NLA12_MO-101,1,7416,2.7
NLA12_MO-101,2,8660,3.6
NLA12_MO-102,1,8813,10.8
NLA12_MO-103,1,7255,8.6
NLA12_MO-104,1,6746,7.5
NLA12_MO-105,1,7911,6.7
NLA12_MO-106,1,8554,4.6
NLA12_MO-107,1,6517,2.5
NLA12_MO-108,1,6992,4.8
NLA12_MO-108,2,7974,4.6
NLA12_MO-109,1,6462,9.5
NLA12_MO-110,1,7912,8.2
NLA12_MO-115,1,7132,6.8
NLA12_MO-117,1,6747,6.5
NLA12_MO-119,1,6614,3.5
NLA12_MO-120,1,8416,3.6
NLA12_MO-122,1,8289,3.6
NLA12_MO-123,1,8118,3.3
NLA12_MO-126,1,8290,2.1
NLA12_MS-101,1,6534,3.2
NLA12_MS-101,2,7501,3.1
NLA12_MS-102,1,6535,6.2
NLA12_MS-103,1,7372,7.5
NLA12_MS-104,1,6536,2.3
NLA12_MS-105,1,7433,5.9
NLA12_MS-106,1,6415,NA
NLA12_MS-107,1,6414,5.2
NLA12_MS-112,1,7503,2.5
NLA12_MS-113,1,7571,NA
NLA12_MS-116,1,1000001,NA
NLA12_MS-116,2,7620,6.9
NLA12_MS-119,1,1000011,6.2
NLA12_MS-125,1,7504,NA
NLA12_MS-126,1,7404,2.5
NLA12_MS-128,1,7535,6.3
NLA12_MT-102,1,8069,38.4
NLA12_MT-102,2,8472,41.2
NLA12_MT-103,1,8302,2.5
NLA12_MT-104,1,6542,8.9
NLA12_MT-105,1,8476,21
NLA12_MT-106,1,7321,16.5
NLA12_MT-107,1,7022,2.7
NLA12_MT-108,1,7133,4.4
NLA12_MT-109,1,6664,7.8
NLA12_MT-110,1,7623,16.5
NLA12_MT-111,1,8486,50
NLA12_MT-113,1,6427,5.8
NLA12_MT-118,1,6696,2.2
NLA12_MT-119,1,8328,1.5
NLA12_MT-120,1,8155,4.3
NLA12_MT-124,1,7713,13.1
NLA12_MT-126,1,6799,1.4
NLA12_MT-135,1,8278,7.2
NLA12_MT-136,1,8130,41
NLA12_MT-138,1,6742,3.7
NLA12_MT-140,1,7925,18
NLA12_MT-142,1,6888,1.5
NLA12_MT-143,1,7065,5.6
NLA12_MT-144,1,8008,3.5
NLA12_MT-151,1,8250,1.6
NLA12_MT-152,1,7625,12.5
NLA12_MT-154,1,6821,1
NLA12_MT-156,1,7472,12.1
NLA12_MT-160,1,7471,3.7
NLA12_MT-161,1,8385,6.8
NLA12_MT-162,1,8641,22
NLA12_MT-164,1,8200,30
NLA12_MT-164,2,8543,40
NLA12_MT-177,1,8435,2
NLA12_NC-101,1,6399,10.7
NLA12_NC-101,2,8045,18.7
NLA12_NC-103,1,6504,6
NLA12_NC-104,1,7770,1.7
NLA12_NC-105,1,6359,42.5
NLA12_NC-107,1,6286,3.4
NLA12_NC-108,1,6400,11.7
NLA12_NC-109,1,6398,8.6
NLA12_NC-114,1,8123,4.1
NLA12_NC-115,1,7846,2.4
NLA12_NC-116,1,6469,2.9
NLA12_NC-116,2,8044,2.8
NLA12_NC-124,1,7845,5.1
NLA12_NC-127,1,7816,6.5
NLA12_NC-134,1,8171,4.3
NLA12_ND-101,1,6344,3.7
NLA12_ND-101,2,7039,4
NLA12_ND-102,1,6841,3.5
NLA12_ND-103,1,7518,3.1
NLA12_ND-104,1,6475,6.5
NLA12_ND-105,1,8156,12.4
NLA12_ND-106,1,6981,3.9
NLA12_ND-107,1,7068,2.3
NLA12_ND-108,1,6645,1.9
NLA12_ND-109,1,7384,4.5
NLA12_ND-110,1,6566,1.8
NLA12_ND-112,1,6217,6
NLA12_ND-113,1,8127,2.7
NLA12_ND-114,1,7350,1.9
NLA12_ND-115,1,6189,9
NLA12_ND-115,2,6774,10
NLA12_ND-118,1,6476,4
NLA12_ND-119,1,6852,2
NLA12_ND-126,1,6654,2
NLA12_ND-129,1,7482,2.1
NLA12_ND-131,1,7707,15
NLA12_ND-134,1,7067,5.1
NLA12_ND-139,1,6538,3.5
NLA12_ND-145,1,7701,3
NLA12_ND-146,1,6546,2.3
NLA12_ND-149,1,7417,4.3
NLA12_ND-151,1,6697,2.5
NLA12_ND-155,1,6693,1.7
NLA12_ND-156,1,7858,4.5
NLA12_ND-160,1,7543,3.1
NLA12_ND-162,1,6577,3
NLA12_ND-163,1,6599,2.5
NLA12_ND-164,1,7418,4.8
NLA12_ND-167,1,6853,4
NLA12_ND-172,1,7526,3.3
NLA12_ND-173,1,6717,2.8
NLA12_ND-178,1,6594,7.5
NLA12_ND-186,1,6636,1.5
NLA12_ND-187,1,6865,10.7
NLA12_ND-190,1,7649,1.1
NLA12_ND-193,1,7449,3.4
NLA12_ND-194,1,7559,2.4
NLA12_ND-196,1,6964,4
NLA12_ND-198,1,7645,1.9
NLA12_ND-199,1,8150,1.9
NLA12_ND-202,1,7644,2.1
NLA12_NE-101,1,7344,10.2
NLA12_NE-101,2,8229,8.8
NLA12_NE-102,1,8067,1.6
NLA12_NE-103,1,1000085,4.4
NLA12_NE-104,1,1000088,2.7
NLA12_NE-105,1,8028,3
NLA12_NE-106,1,7369,2.8
NLA12_NE-107,1,7775,1.1
NLA12_NE-108,1,8029,1.6
NLA12_NE-109,1,1000084,6
NLA12_NE-110,1,7405,1.5
NLA12_NE-111,1,7830,2.4
NLA12_NE-112,1,7840,1.4
NLA12_NE-113,1,8066,2.5
NLA12_NE-114,1,1000086,10.5
NLA12_NE-121,1,7960,1.6
NLA12_NE-125,1,7926,1.5
NLA12_NE-127,1,8159,1
NLA12_NE-129,1,7435,2
NLA12_NE-129,2,8279,2.2
NLA12_NE-133,1,1000093,1.2
NLA12_NE-135,1,8124,1
NLA12_NE-149,1,8243,1.4
NLA12_NE-154,1,8220,2.5
NLA12_NE-156,1,8221,1
NLA12_NE-157,1,8301,21.6
NLA12_NE-158,1,8326,2.9
NLA12_NE-160,1,8186,7.5
NLA12_NE-166,1,8242,5.3
NLA12_NE-170,1,8248,3.5
NLA12_NH-101,1,6670,6.1
NLA12_NH-101,2,7380,5.8
NLA12_NH-102,1,7104,3.1
NLA12_NH-103,1,6858,43.9
NLA12_NH-104,1,6601,9.1
NLA12_NH-105,1,6812,2.5
NLA12_NH-107,1,7544,2.4
NLA12_NH-108,1,6549,2.7
NLA12_NH-109,1,7295,18.9
NLA12_NH-111,1,7231,5.5
NLA12_NH-112,1,6715,4.1
NLA12_NH-112,2,7441,4.1
NLA12_NH-115,1,1000130,4.3
NLA12_NJ-101,1,7210,5.6
NLA12_NJ-101,2,8659,2.8
NLA12_NJ-102,1,7151,2.4
NLA12_NJ-103,1,8676,7.5
NLA12_NJ-104,1,7209,3.6
NLA12_NJ-105,1,8545,1.4
NLA12_NJ-106,1,8591,4.4
NLA12_NJ-107,1,6800,2.9
NLA12_NJ-108,1,8761,2.1
NLA12_NJ-118,1,7058,4.3
NLA12_NJ-119,1,7152,3.1
NLA12_NJ-131,1,7043,1.6
NLA12_NJ-131,2,8640,1.8
NLA12_NM-104,1,6372,20.5
NLA12_NM-104,2,8052,14
NLA12_NM-105,1,6361,1.6
NLA12_NM-117,1,6403,9.4
NLA12_NM-117,2,8073,8.8
NLA12_NM-129,1,6507,14
NLA12_NM-132,1,6319,3.2
NLA12_NM-133,1,6412,1.9
NLA12_NM-134,1,6500,16.9
NLA12_NM-138,1,6501,8
NLA12_NM-150,1,6477,1.9
NLA12_NM-152,1,6341,1
NLA12_NM-160,1,6532,3.4
NLA12_NM-161,1,8048,2.5
NLA12_NM-162,1,8053,5.8
NLA12_NV-101,1,6482,1.1
NLA12_NV-101,2,7278,1
NLA12_NV-102,1,6720,2.1
NLA12_NV-103,1,6719,2
NLA12_NV-104,1,7137,6.2
NLA12_NV-105,1,7135,5.2
NLA12_NV-106,1,6481,1.2
NLA12_NV-109,1,6829,44.4
NLA12_NV-119,1,7136,3
NLA12_NV-119,2,7277,2.2
NLA12_NV-127,1,6617,2.2
NLA12_NV-137,1,7276,6.4
NLA12_NV-141,1,6775,4
NLA12_NV-144,1,7306,1.7
NLA12_NV-167,1,6618,1.5
NLA12_NV-177,1,7275,5.4
NLA12_NV-193,1,6793,3.9
NLA12_NY-0101,1,6694,42.3
NLA12_NY-0101,2,8546,43.7
NLA12_NY-0102,1,6834,3
NLA12_NY-0103,1,8647,5.8
NLA12_NY-0104,1,6576,2.6
NLA12_NY-0104,2,7954,2.5
NLA12_NY-0106,1,7190,7
NLA12_NY-0108,1,7490,1.7
NLA12_NY-0109,1,7266,4.8
NLA12_NY-0110,1,7206,4.6
NLA12_NY-0111,1,7284,5.7
NLA12_NY-0112,1,8597,3.8
NLA12_OH-101,1,8023,3.2
NLA12_OH-101,2,8387,3
NLA12_OH-102,1,7572,1
NLA12_OH-103,1,6923,9
NLA12_OH-104,1,8151,4.1
NLA12_OH-105,1,8635,1.5
NLA12_OH-106,1,8256,8.1
NLA12_OH-107,1,8075,4.2
NLA12_OH-112,1,8423,7.9
NLA12_OH-113,1,8642,3.2
NLA12_OH-115,1,8207,7.3
NLA12_OH-118,1,7232,5.2
NLA12_OH-118,2,8169,5.2
NLA12_OH-122,1,8487,3.9
NLA12_OH-127,1,7294,12
NLA12_OH-134,1,7652,2.6
NLA12_OH-136,1,7105,2.3
NLA12_OH-137,1,7637,12.5
NLA12_OK-101,1,6550,7.2
NLA12_OK-101,2,8482,8.4
NLA12_OK-102,1,8462,5
NLA12_OK-103,1,6919,16.5
NLA12_OK-104,1,6669,13
NLA12_OK-105,1,7023,1.7
NLA12_OK-106,1,7028,3.5
NLA12_OK-107,1,7959,9.6
NLA12_OK-108,1,6555,5.7
NLA12_OK-109,1,6695,4.6
NLA12_OK-117,1,7059,1
NLA12_OK-118,1,6270,2.5
NLA12_OK-119,1,7402,7.5
NLA12_OK-120,1,6668,5.2
NLA12_OK-121,1,6525,2.8
NLA12_OK-122,1,6236,2.2
NLA12_OK-132,1,7739,2.6
NLA12_OK-133,1,8358,1.5
NLA12_OK-134,1,6646,3.7
NLA12_OK-135,1,6556,6
NLA12_OK-285,1,8463,4.7
NLA12_OK-286,1,8393,1
NLA12_OK-288,1,7598,4
NLA12_OK-291,1,6551,1.3
NLA12_OK-292,1,7764,1.5
NLA12_OK-293,1,6318,2
NLA12_OK-296,1,7286,1.3
NLA12_OK-299,1,7262,13.2
NLA12_OK-299,2,8503,14.5
NLA12_OK-302,1,7106,5.5
NLA12_OK-306,1,7364,3.1
NLA12_OK-311,1,8481,5.5
NLA12_OR-101,1,1000021,4.3
NLA12_OR-102,1,7810,3.3
NLA12_OR-103,1,8165,3.8
NLA12_OR-103,2,8514,3.1
NLA12_OR-104,1,7027,5.5
NLA12_OR-105,1,7719,12.8
NLA12_OR-106,1,1000049,41.6
NLA12_OR-107,1,7615,14.8
NLA12_OR-109,1,7918,52.6
NLA12_OR-110,1,6667,16.5
NLA12_OR-111,1,6843,1
NLA12_OR-112,1,7776,8.6
NLA12_OR-113,1,7207,23.4
NLA12_OR-121,1,8074,7
NLA12_OR-121,2,8542,7.1
NLA12_OR-123,1,7226,11.3
NLA12_OR-126,1,8478,20
NLA12_OR-128,1,7949,53.7
NLA12_OR-129,1,7560,9
NLA12_OR-131,1,1000017,2.1
NLA12_OR-133,1,1000016,2.9
NLA12_OR-144,1,7995,1.6
NLA12_OR-145,1,7622,2.7
NLA12_OR-154,1,7747,8.4
NLA12_OR-155,1,7250,10.9
NLA12_OR-158,1,8634,1.5
NLA12_OR-160,1,8164,2.7
NLA12_OR-163,1,8633,2.1
NLA12_OR-167,1,1000211,5.2
NLA12_OR-169,1,7100,43.1
NLA12_OR-173,1,8479,5
NLA12_PA-101,1,6537,28.7
NLA12_PA-101,2,8507,17.7
NLA12_PA-102,1,6252,4.5
NLA12_PA-103,1,8324,8.2
NLA12_PA-105,1,7113,4.1
NLA12_PA-106,1,7596,25.4
NLA12_PA-107,1,6451,2.7
NLA12_PA-108,1,6347,7.3
NLA12_PA-108,2,7803,7.01
NLA12_PA-109,1,6833,3.1
NLA12_PA-110,1,7122,2.2
NLA12_PA-111,1,8201,6.1
NLA12_PA-113,1,7982,12.8
NLA12_PA-114,1,7269,8.4
NLA12_PA-115,1,8202,3.4
NLA12_PA-117,1,7595,1.4
NLA12_PA-118,1,6832,4.2
NLA12_PA-119,1,8422,17
NLA12_RI-102,1,6929,1.1
NLA12_RI-102,2,7466,1
NLA12_RI-103,1,7233,3.8
NLA12_RI-104,1,6831,2.1
NLA12_RI-108,1,7264,2.4
NLA12_RI-110,1,7092,2.2
NLA12_RI-111,1,6967,4.4
NLA12_RI-111,2,7305,4.3
NLA12_RI-112,1,7138,1.6
NLA12_RI-113,1,7149,2.1
NLA12_SC-102,1,7927,2.6
NLA12_SC-103,1,6444,28.2
NLA12_SC-103,2,8125,30.3
NLA12_SC-104,1,6320,1.9
NLA12_SC-104,2,8011,2
NLA12_SC-105,1,6321,2.6
NLA12_SC-106,1,6397,5.3
NLA12_SC-108,1,6326,2.5
NLA12_SC-112,1,6325,NA
NLA12_SC-112,2,7844,3.2
NLA12_SC-118,1,7862,4.8
NLA12_SC-127,1,8000,2.4
NLA12_SD-101,1,6362,28
NLA12_SD-101,2,7990,26.1
NLA12_SD-102,1,6871,5.5
NLA12_SD-103,1,8266,2.8
NLA12_SD-104,1,6445,6.2
NLA12_SD-105,1,7267,4
NLA12_SD-106,1,6804,7.4
NLA12_SD-107,1,7536,6.4
NLA12_SD-108,1,7238,3
NLA12_SD-109,1,8071,2.2
NLA12_SD-110,1,6808,7.5
NLA12_SD-111,1,7150,3.5
NLA12_SD-114,1,6543,1.5
NLA12_SD-115,1,6544,1.1
NLA12_SD-115,2,7940,1
NLA12_SD-119,1,7552,2
NLA12_SD-122,1,6446,1.7
NLA12_SD-124,1,6684,2.1
NLA12_SD-126,1,7062,2
NLA12_SD-130,1,6417,1
NLA12_SD-131,1,7856,1.8
NLA12_SD-132,1,7460,2
NLA12_SD-133,1,7357,1.4
NLA12_SD-134,1,7199,2.2
NLA12_SD-137,1,7730,2.2
NLA12_SD-138,1,6402,5.4
NLA12_SD-140,1,6685,2.2
NLA12_SD-141,1,8276,3.2
NLA12_SD-143,1,8010,2.8
NLA12_SD-146,1,8625,1
NLA12_SD-147,1,7714,4.7
NLA12_SD-150,1,8275,1
NLA12_SD-154,1,8176,3.2
NLA12_SD-157,1,8245,5
NLA12_SD-158,1,7107,3
NLA12_SD-162,1,8249,1.4
NLA12_SD-165,1,7451,3
NLA12_SD-166,1,6440,1.6
NLA12_SD-168,1,6634,4.8
NLA12_SD-170,1,8126,1.5
NLA12_SD-172,1,6683,2.2
NLA12_SD-182,1,6422,4.8
NLA12_SD-183,1,6963,7
NLA12_SD-189,1,7414,2
NLA12_SD-198,1,8311,1.3
NLA12_SD-212,1,7512,4.3
NLA12_TN-101,1,6393,3.8
NLA12_TN-101,2,8626,3.8
NLA12_TN-103,1,8614,4
NLA12_TN-104,1,8663,13.5
NLA12_TN-106,1,8502,3
NLA12_TN-108,1,6395,4
NLA12_TN-108,2,8602,4
NLA12_TN-113,1,6394,6.5
NLA12_TN-114,1,6381,1.6
NLA12_TN-114,2,8601,1.5
NLA12_TN-119,1,8600,10.8
NLA12_TN-122,1,8553,2.6
NLA12_TX-101,1,6735,1
NLA12_TX-101,2,8547,1
NLA12_TX-103,1,1000073,6
NLA12_TX-104,1,7734,0.8
NLA12_TX-105,1,6860,7.4
NLA12_TX-107,1,6849,3.4
NLA12_TX-109,1,1000053,2.5
NLA12_TX-110,1,1000026,10.5
NLA12_TX-111,1,7205,4.8
NLA12_TX-112,1,7244,2.5
NLA12_TX-113,1,7640,5.1
NLA12_TX-114,1,7483,4.5
NLA12_TX-116,1,7804,3.5
NLA12_TX-117,1,6666,3.5
NLA12_TX-117,2,1000048,3.2
NLA12_TX-118,1,8330,1.1
NLA12_TX-121,1,6586,10
NLA12_TX-124,1,1000060,10.5
NLA12_TX-128,1,7994,10.4
NLA12_TX-129,1,8762,3.3
NLA12_TX-135,1,1000022,1.5
NLA12_TX-136,1,7178,1.3
NLA12_TX-137,1,8413,12.5
NLA12_TX-141,1,1000014,9.2
NLA12_TX-144,1,6622,4.8
NLA12_TX-148,1,1000062,2.5
NLA12_TX-152,1,7247,1.7
NLA12_TX-157,1,6805,5.8
NLA12_TX-158,1,1000018,1.2
NLA12_TX-159,1,8480,3
NLA12_TX-160,1,6744,10.4
NLA12_TX-161,1,8655,1.3
NLA12_TX-165,1,6647,11
NLA12_TX-169,1,1000015,4
NLA12_TX-170,1,7108,2.2
NLA12_TX-176,1,7063,2.3
NLA12_TX-182,1,7304,4.4
NLA12_TX-187,1,6794,2.2
NLA12_TX-190,1,7109,2.9
NLA12_TX-195,1,6762,2.5
NLA12_TX-196,1,8811,2.9
NLA12_TX-199,1,8300,1
NLA12_TX-201,1,7265,1.6
NLA12_TX-202,1,8342,2.8
NLA12_TX-205,1,7496,1.5
NLA12_TX-218,1,8203,5.9
NLA12_TX-232,1,8646,19.3
NLA12_TX-234,1,8810,4.6
NLA12_TX-235,1,8665,3.1
NLA12_UT-101,1,6216,3
NLA12_UT-101,2,7153,2.1
NLA12_UT-102,1,6527,33
NLA12_UT-103,1,6194,34
NLA12_UT-104,1,6478,6.7
NLA12_UT-105,1,6665,15
NLA12_UT-108,1,6227,3.7
NLA12_UT-109,1,6575,3
NLA12_UT-110,1,6552,3
NLA12_UT-110,2,8446,3.4
NLA12_UT-112,1,6447,1.7
NLA12_UT-118,1,7798,6.3
NLA12_UT-122,1,8329,17
NLA12_UT-125,1,6944,6.3
NLA12_UT-126,1,7958,3.8
NLA12_UT-128,1,6449,1.5
NLA12_UT-137,1,7155,2.4
NLA12_UT-141,1,6869,2.7
NLA12_UT-147,1,7998,1.7
NLA12_UT-148,1,6926,1.1
NLA12_UT-159,1,7996,3.3
NLA12_UT-160,1,6731,6.4
NLA12_UT-165,1,6826,1.3
NLA12_UT-167,1,7593,1
NLA12_UT-169,1,7057,4.2
NLA12_UT-173,1,6825,14
NLA12_UT-186,1,6868,3.7
NLA12_UT-196,1,7643,4.1
NLA12_UT-203,1,7367,11
NLA12_UT-210,1,7097,8.4
NLA12_UT-218,1,7841,20
NLA12_UT-222,1,7154,2.2
NLA12_UT-229,1,8395,5
NLA12_UT-260,1,6966,4.3
NLA12_UT-264,1,8504,8
NLA12_UT-290,1,8447,1.8
NLA12_UT-294,1,7225,13
NLA12_UT-324,1,8360,16
NLA12_UT-325,1,8390,33
NLA12_UT-343,1,8508,4.9
NLA12_UT-359,1,8509,1.2
NLA12_UT-374,1,8321,16
NLA12_UT-392,1,8777,11.3
NLA12_UT-397,1,8765,1.5
NLA12_UT-400,1,8812,11
NLA12_UT-409,1,8787,1.1
NLA12_UT-412,1,8766,5.7
NLA12_UT-424,1,8776,1.4
NLA12_VA-101,1,7054,1.7
NLA12_VA-101,2,7635,2.3
NLA12_VA-102,1,7537,5.2
NLA12_VA-103,1,7260,7.5
NLA12_VA-104,1,7410,5.4
NLA12_VA-105,1,7095,3.2
NLA12_VA-106,1,7586,2.3
NLA12_VA-108,1,6553,3.5
NLA12_VA-109,1,6424,1.3
NLA12_VA-109,2,7196,1.8
NLA12_VA-110,1,7259,12
NLA12_VA-111,1,7053,3.8
NLA12_VA-112,1,7777,1.9
NLA12_VA-114,1,6587,3.9
NLA12_VA-116,1,6438,4.5
NLA12_VA-118,1,7237,1.6
NLA12_VA-119,1,7564,2.5
NLA12_VA-121,1,7094,4.5
NLA12_VA-123,1,7778,1.4
NLA12_VA-125,1,6568,35
NLA12_VA-126,1,7455,4.1
NLA12_VA-127,1,7963,2.2
NLA12_VA-130,1,7964,4.1
NLA12_VT-101,1,1000013,NA
NLA12_VT-101,2,1000110,16.5
NLA12_VT-102,1,1000020,12.1
NLA12_VT-103,1,7520,47
NLA12_VT-104,1,1000071,18
NLA12_VT-106,1,1000032,4.1
NLA12_VT-109,1,1000054,1.9
NLA12_VT-110,1,1000167,14.6
NLA12_VT-112,1,6953,4.3
NLA12_VT-112,2,8199,4.1
NLA12_VT-114,1,1000097,31
NLA12_VT-115,1,1000141,9.3
NLA12_WA-101,1,7179,1.4
NLA12_WA-101,2,8157,1.3
NLA12_WA-102,1,7685,1.5
NLA12_WA-103,1,8238,28.7
NLA12_WA-104,1,8496,8.2
NLA12_WA-106,1,1000087,4.65
NLA12_WA-107,1,1000107,18.6
NLA12_WA-108,1,7258,19.3
NLA12_WA-109,1,7915,28.5
NLA12_WA-110,1,8783,7
NLA12_WA-111,1,1000136,19.05
NLA12_WA-112,1,7257,8.4
NLA12_WA-114,1,8319,3.9
NLA12_WA-115,1,8391,11.6
NLA12_WA-116,1,8495,33
NLA12_WA-118,1,6925,5.1
NLA12_WA-120,1,8444,10.6
NLA12_WA-121,1,6984,13.3
NLA12_WA-124,1,8442,13.8
NLA12_WA-125,1,8182,4.3
NLA12_WA-126,1,7256,6.8
NLA12_WA-129,1,1000113,7.5
NLA12_WA-131,1,1000134,8.7
NLA12_WA-133,1,7956,2.9
NLA12_WA-133,2,8657,2.8
NLA12_WA-138,1,7055,13.8
NLA12_WA-141,1,7148,4.1
NLA12_WA-146,1,8291,5.2
NLA12_WA-147,1,1000194,7.5
NLA12_WA-151,1,8627,58.5
NLA12_WA-154,1,8782,2.8
NLA12_WA-157,1,6983,1.4
NLA12_WA-159,1,8552,12.6
NLA12_WI-101,1,1000023,9.5
NLA12_WI-101,2,1000154,9.4
NLA12_WI-102,1,1000028,20.1
NLA12_WI-103,1,1000116,7
NLA12_WI-104,1,1000121,15.8
NLA12_WI-106,1,1000188,7.2
NLA12_WI-107,1,1000135,25.2
NLA12_WI-108,1,1000109,9.2
NLA12_WI-109,1,8193,4.6
NLA12_WI-110,1,1000147,17
NLA12_WI-111,1,8430,6
NLA12_WI-112,1,1000108,3
NLA12_WI-112,2,1000204,3.6
NLA12_WI-113,1,1000039,15.5
NLA12_WI-115,1,8194,5
NLA12_WI-117,1,1000044,4.7
NLA12_WI-120,1,1000138,1
NLA12_WI-122,1,1000222,1.8
NLA12_WI-127,1,1000119,1.1
NLA12_WI-128,1,1000144,4
NLA12_WI-129,1,1000127,2.1
NLA12_WI-131,1,1000082,7.5
NLA12_WI-132,1,8427,1
NLA12_WI-133,1,8426,15.2
NLA12_WI-134,1,7808,1.7
NLA12_WI-135,1,8429,3
NLA12_WI-136,1,1000050,3.1
NLA12_WI-138,1,1000180,7.5
NLA12_WI-140,1,6776,1
NLA12_WI-142,1,1000217,4.1
NLA12_WI-144,1,7735,2.5
NLA12_WI-147,1,1000193,2.2
NLA12_WI-151,1,1000118,NA
NLA12_WI-152,1,1000034,16.3
NLA12_WI-153,1,1000218,2.4
NLA12_WI-154,1,1000083,8.1
NLA12_WI-155,1,1000115,1.8
NLA12_WI-157,1,1000223,5.7
NLA12_WI-161,1,7943,3.9
NLA12_WI-163,1,1000185,3.5
NLA12_WI-166,1,1000100,1.8
NLA12_WI-168,1,1000059,8.6
NLA12_WI-170,1,1000203,6.3
NLA12_WI-171,1,1000189,14.8
NLA12_WI-172,1,1000063,1.4
NLA12_WI-173,1,1000207,4
NLA12_WI-174,1,1000220,7.7
NLA12_WI-176,1,1000202,14.2
NLA12_WI-179,1,8192,9.1
NLA12_WI-181,1,8428,11.3
NLA12_WI-183,1,1000219,13.7
NLA12_WI-188,1,1000208,2.8
NLA12_WV-101,1,6692,6.1
NLA12_WV-101,2,8299,6.5
NLA12_WV-102,1,6554,9.9
NLA12_WV-105,1,8470,1.7
NLA12_WV-106,1,6590,16.5
NLA12_WV-111,1,6827,8.1
NLA12_WV-112,1,6877,2.5
NLA12_WV-112,2,8394,2.1
NLA12_WV-113,1,6806,3.6
NLA12_WV-115,1,6714,5.1
NLA12_WY-101,1,6991,3.4
NLA12_WY-101,2,8594,1.15
NLA12_WY-102,1,7406,53
NLA12_WY-103,1,7499,33.2
NLA12_WY-104,1,6999,34.3
NLA12_WY-105,1,7026,14.9
NLA12_WY-107,1,7000,2.9
NLA12_WY-115,1,7698,8.4
NLA12_WY-116,1,7859,13.5
NLA12_WY-117,1,7498,24
NLA12_WY-120,1,7497,29.6
NLA12_WY-124,1,7383,29.5
NLA12_WY-124,2,8631,NA
NLA12_WY-125,1,8458,26.8
NLA12_WY-130,1,7006,2.7
NLA12_WY-131,1,7089,3.5
NLA12_WY-133,1,7631,15.8
NLA12_WY-135,1,7088,2.5
NLA12_WY-137,1,8595,5.5
NLA12_WY-147,1,8629,18.5
NLA12_WY-151,1,1000206,17.3
