SITE_ID,Precip_PT,E,RH_PT,TMEAN_PT,P_WY
NLA12_AL-101,111.06,81.74651157,3.674741475,18.40076901,1331.519408
NLA12_AL-102,118.98,72.68139608,3.28043103,16.36384608,1460.071563
NLA12_AL-103,100.44,77.20617902,3.50416806,17.3446155,1229.91775
NLA12_AL-104,114.80,77.79513988,3.587239665,17.87230741,1456.801525
NLA12_AL-105,125.56,82.54740974,3.849724842,18.90269221,1555.21018
NLA12_AL-112,113.20,79.68051935,3.613249573,17.85576938,1342.195724
NLA12_AL-113,143.21,86.04037907,4.095428439,19.91230759,1775.400871
NLA12_AL-114,103.34,77.74232385,3.513781395,17.37269211,1244.363315
NLA12_AL-R03,94.28,73.00422555,3.385241403,16.75269222,1189.736355
NLA12_AL-R05,116.02,81.69889815,3.681248583,18.38769223,1403.201351
NLA12_AR-101,114.39,84.9870281,3.682050817,18.12615384,1391.286611
NLA12_AR-102,102.85,81.90295089,3.512337932,17.36653834,1260.464399
NLA12_AR-103,107.40,84.76136048,3.652067663,18.05653865,1316.236045
NLA12_AR-104,108.97,83.37993606,3.529805245,17.37038418,1294.588269
NLA12_AR-105,122.26,82.63476293,3.71101232,18.20461552,1483.619605
NLA12_AR-106,109.25,78.45890512,3.328895978,16.55269252,1342.037615
NLA12_AR-109,83.82,84.81933816,3.831210918,18.37076906,1033.953129
NLA12_AR-111,131.01,85.60484196,3.692973998,18.18115359,1610.650833
NLA12_AZ-101,24.36,107.2343822,4.784844608,22.21269233,303.9698851
NLA12_AZ-102,28.87,61.89336516,2.922120241,13.3238459,375.7922208
NLA12_AZ-103,39.51,47.8477085,2.333819179,9.400384537,498.1661754
NLA12_AZ-106,8.48,116.7034531,5.426876009,23.53730803,102.8992054
NLA12_AZ-107,15.70,58.01745553,2.684602461,11.99961528,204.5377096
NLA12_AZ-118,12.35,113.6996736,5.10511901,22.97692299,161.0018787
NLA12_AZ-123,6.73,120.5655587,5.619625355,24.16307735,85.04454413
NLA12_AZ-127,35.83,49.38661671,2.37461053,9.988846248,447.5497903
NLA12_AZ-130,19.77,105.4365093,4.705057636,21.89153855,253.9974591
NLA12_AZ-140,18.36,85.39264455,3.895501948,18.58576932,228.3804448
NLA12_AZ-143,40.00,53.56523721,2.551373635,11.28692301,498.3605918
NLA12_AZ-145,32.00,46.30232261,2.250814601,9.310384659,411.3520222
NLA12_AZ-157,28.16,44.76161013,2.171377849,8.496538418,370.4166554
NLA12_AZ-R01,47.48,49.93384418,2.458116729,10.32923066,580.0444945
NLA12_AZ-R02,36.27,51.2189509,2.508550771,10.40269221,482.7760367
NLA12_CA-101,53.09,55.91382046,3.025519958,13.98846127,650.5330261
NLA12_CA-102,33.60,62.57602028,3.392690881,14.8380767,425.6413219
NLA12_CA-103,108.55,48.99244208,2.651382804,10.05807686,1273.492342
NLA12_CA-104,27.91,39.89441504,2.037559876,6.756923162,338.6197684
NLA12_CA-105,29.27,70.13982618,3.640118837,16.32653886,354.2724159
NLA12_CA-106,3.74,114.9822108,5.659556645,23.54076928,49.10434054
NLA12_CA-107,71.49,42.68496651,2.276752652,8.000384606,864.6823484
NLA12_CA-108,39.92,77.61540124,4.03207132,17.0053847,489.1739763
NLA12_CA-111,68.26,68.87313926,3.639729464,15.58769241,845.5129018
NLA12_CA-112,75.47,69.05107763,3.638863725,15.61538469,922.0377336
NLA12_CA-116,101.22,47.07356581,2.623385525,9.255769418,1210.264194
NLA12_CA-119,33.97,74.55461459,3.904389351,16.86576931,433.2021282
NLA12_CA-121,20.90,80.54761402,4.087870943,18.16423101,265.3910122
NLA12_CA-123,58.11,40.40294193,2.168980993,7.043846056,705.3372152
NLA12_CA-128,63.79,50.2260185,2.729486562,10.35807676,750.1747862
NLA12_CA-132,74.19,61.06031416,3.22583633,13.03115405,1064.883567
NLA12_CA-135,59.43,38.61508181,2.091076749,6.423846006,740.0574704
NLA12_CA-138,63.47,42.73328843,2.376812566,7.343076981,772.0118432
NLA12_CA-141,45.51,59.44104692,3.101762332,13.53230777,600.6919455
NLA12_CA-143,23.27,59.43188852,3.167435237,14.99730778,247.038472
NLA12_CA-145,19.43,61.87073011,3.216349762,15.34884622,252.3344699
NLA12_CA-154,10.32,53.76942785,2.680878775,10.37653857,131.7508714
NLA12_CA-156,8.02,80.4668214,3.961029102,17.72269234,103.3329925
NLA12_CA-157,17.01,76.4968873,3.923614462,17.23730762,213.7573907
NLA12_CA-166,87.95,47.27014962,2.547520884,9.319615484,1051.524261
NLA12_CA-167,130.08,47.90201752,2.609150576,9.635000119,1531.648703
NLA12_CA-168,17.09,75.37026759,4.293063262,18.88346166,214.5322973
NLA12_CA-172,24.51,68.86674577,4.025646442,17.35000001,299.8425161
NLA12_CA-174,19.07,70.2389465,3.578833977,16.61576909,227.6267153
NLA12_CA-180,39.51,72.93127351,3.788054732,16.62807674,496.1282275
NLA12_CA-181,24.85,62.59048686,3.315411118,15.46192316,305.4982929
NLA12_CA-188,41.88,55.07794702,3.049170394,13.83807703,491.6440223
NLA12_CA-190,24.11,72.36669392,3.693980851,16.70269207,313.4494386
NLA12_CA-200,94.15,39.29897501,2.202572762,6.646153817,1031.247544
NLA12_CA-206,92.82,76.7998676,3.987553828,16.74307684,1166.217211
NLA12_CA-208,20.09,45.07408442,2.42012457,8.099230766,246.6934437
NLA12_CA-212,133.16,46.84406002,2.587634696,9.259999945,1372.355565
NLA12_CA-223,53.26,34.95727159,1.888989444,4.85884617,555.823069
NLA12_CA-R01,73.66,57.21821908,3.160698695,14.38653865,907.346303
NLA12_CA-R02,29.57,43.61594479,2.300813239,7.879615343,359.8211716
NLA12_CA-R03,29.35,72.61966945,3.757035727,16.46730775,372.3119491
NLA12_CA-R05,96.84,42.83470786,2.340502477,7.441153911,1154.177045
NLA12_CA-R06,83.64,43.35409977,2.382675609,7.926538467,918.7246161
NLA12_CA-R09,34.36,35.17286186,1.828855314,4.788077006,451.3782653
NLA12_CA-R10,83.64,43.35409977,2.382675609,7.926538467,963.0116066
NLA12_CA-R12,68.10,44.81576834,2.41289299,8.342692422,901.1388952
NLA12_CA-R13,34.36,35.17286186,1.828855314,4.788077006,451.3782653
NLA12_CO-101,20.33,68.32731522,2.716396594,12.5942306,255.2783417
NLA12_CO-102,65.27,35.17275968,1.659398174,3.503076993,746.0971108
NLA12_CO-103,20.86,59.54902034,2.434265586,10.79000003,259.8741463
NLA12_CO-104,24.72,60.84077046,2.468412027,11.10807687,294.5909162
NLA12_CO-105,26.97,50.50737977,2.326200781,9.226923191,344.3712759
NLA12_CO-106,23.46,59.05405089,2.423367827,10.90192289,283.9745795
NLA12_CO-107,50.67,34.11108856,1.713340723,3.807307738,697.2760796
NLA12_CO-108,33.11,36.5281885,1.690477755,4.231153818,463.3182732
NLA12_CO-109,74.02,34.50549466,1.651472445,3.331538531,867.259275
NLA12_CO-110,28.00,61.63432929,2.493593813,11.65230762,333.0261024
NLA12_CO-111,26.27,61.14746397,2.494130998,11.46115387,324.3302354
NLA12_CO-114,70.63,33.23727578,1.579360998,2.407307698,828.2166337
NLA12_CO-115,55.08,37.79478321,1.803085807,4.506538483,718.361641
NLA12_CO-117,36.77,42.3211305,2.071271735,6.200000066,470.4386455
NLA12_CO-119,95.57,26.99847236,1.356067617,-0.585769223,985.3445054
NLA12_CO-121,71.30,30.5961516,1.605523936,2.015384563,780.3442461
NLA12_CO-124,26.66,62.91579852,2.5101067,11.87730776,306.4716455
NLA12_CO-125,26.43,34.42695629,1.666944292,3.128076975,368.4636442
NLA12_CO-127,25.42,61.21058099,2.47341867,11.15653839,303.004869
NLA12_CO-129,15.67,62.8884789,2.587704476,12.28153843,200.790603
NLA12_CO-130,47.16,30.85471107,1.506695728,1.475769181,559.3745076
NLA12_CO-131,23.64,40.27627774,1.889032086,4.973076949,297.3492905
NLA12_CO-133,60.46,30.49270178,1.612274402,2.127692277,754.7032944
NLA12_CO-R01,51.14,36.18616372,1.711339248,4.01076922,704.9550741
NLA12_CO-R04,33.29,52.18240346,2.192657185,9.628076938,404.9153764
NLA12_CO-R07,58.21,34.36060597,1.663002514,3.033846085,656.3581329
NLA12_CO-R10,31.71,44.97975107,2.034892367,6.839999878,379.4177038
NLA12_CT-101,96.15,55.09851395,2.687652725,10.72269218,1153.47844
NLA12_CT-102,99.41,54.26686967,2.611842072,10.27076928,1158.446928
NLA12_CT-103,96.81,56.89961587,2.69785817,11.02692316,1085.981263
NLA12_CT-104,103.26,55.46639645,2.673939445,10.79346163,1242.14796
NLA12_CT-105,96.01,55.33745788,2.640368928,10.49769226,1110.322124
NLA12_CT-107,97.66,61.54465464,3.053682882,12.8884615,1178.621379
NLA12_CT-108,95.67,55.23491214,2.666310301,10.60076895,1083.700718
NLA12_CT-115,96.38,56.74403077,2.753319866,11.29769234,1143.551915
NLA12_CT-118,101.73,57.65878961,2.773988366,11.60038472,1204.285338
NLA12_CT-126,94.20,55.81228388,2.719474707,11.04461521,1138.76162
NLA12_DE-101,95.18,68.75357011,3.214176873,14.47423099,1000.357239
NLA12_DE-102,85.29,70.96070899,3.342749754,15.13000008,838.1576754
NLA12_DE-103,83.50,72.25881936,3.376894521,15.48923067,860.2856135
NLA12_DE-104,86.13,72.6654141,3.390682958,15.6234615,893.4820321
NLA12_DE-105,88.60,72.88091363,3.39822703,15.66000014,927.490648
NLA12_DE-107,85.79,71.72858234,3.417189639,15.40307702,843.1894702
NLA12_DE-121,84.98,72.71921634,3.390307337,15.64692314,885.5348144
NLA12_FL-101,97.90,98.21501383,5.012625755,23.52000016,1164.238824
NLA12_FL-102,110.96,98.57103852,4.954752182,23.33961531,1390.227179
NLA12_FL-103,93.51,95.32944727,4.84016775,22.60115396,1118.267846
NLA12_FL-104,106.46,98.18246565,4.934511956,23.17461527,1307.991264
NLA12_FL-105,99.08,93.9217157,4.73612101,22.28923064,1332.947198
NLA12_FL-106,109.15,97.05698849,4.892769932,22.97884633,1321.783763
NLA12_FL-107,119.28,98.11385811,4.924779999,23.25999979,1480.029009
NLA12_FL-108,127.61,87.40899667,4.304096463,20.46961572,1585.927798
NLA12_FL-109,105.72,96.13901807,4.817043251,22.75192276,1282.622415
NLA12_FL-110,114.67,97.31300265,4.928936369,23.18653855,1348.124776
NLA12_FL-114,106.46,98.18246565,4.934511956,23.17461527,1262.804018
NLA12_FL-123,117.57,94.54269028,4.869070912,22.8019228,1425.939275
NLA12_FL-126,94.56,96.85067393,4.920922173,23.07461562,1193.567362
NLA12_FL-130,102.47,95.25519949,4.824233073,22.64384637,1194.430855
NLA12_FL-132,98.13,99.22464971,5.14718822,23.7173079,1136.113731
NLA12_FL-141,127.56,85.69349748,4.152113426,20.074231,1581.195015
NLA12_FL-R04,113.07,92.32247142,4.655357604,21.92846159,1391.042863
NLA12_FL-R06,135.20,87.52121751,4.430931197,20.7965385,1733.275539
NLA12_GA-101,94.98,89.69258609,4.517657042,21.00038448,1090.117375
NLA12_GA-102,82.87,81.28346451,3.877953216,18.54923065,1048.889002
NLA12_GA-103,74.21,80.44476448,3.868238293,18.63499979,927.2440921
NLA12_GA-104,80.06,75.85370722,3.510907613,17.09076933,986.972965
NLA12_GA-105,118.60,65.01071981,3.08153548,14.73192322,1458.959147
NLA12_GA-107,73.81,80.25265943,3.834944875,18.45038421,934.4989136
NLA12_GA-111,83.70,83.93424397,4.052849769,19.34769249,1053.612416
NLA12_GA-112,78.92,77.5693677,3.596231346,17.61884616,899.147293
NLA12_GA-114,83.76,84.33602299,4.087398091,19.45038443,1072.13613
NLA12_GA-118,120.31,60.68623422,2.922221814,13.76961536,1461.187403
NLA12_GA-127,80.95,83.87927985,4.063493926,19.3642306,1018.521047
NLA12_GA-R01,85.67,78.58372458,3.706325041,18.07576876,1023.10745
NLA12_GA-R11,118.21,86.78977556,4.388894218,20.36576917,1459.250231
NLA12_IA-101,48.87,62.05843729,2.515486844,10.4446156,617.2745607
NLA12_IA-102,55.70,61.39292118,2.468466773,10.12961531,696.7212145
NLA12_IA-103,49.02,67.89798276,2.728718191,12.47730777,558.6413552
NLA12_IA-104,64.48,63.8835199,2.607419234,11.68192308,748.8448715
NLA12_IA-105,50.03,61.94294034,2.518818849,10.68769244,581.6225447
NLA12_IA-106,50.95,65.46891042,2.630109666,11.84384626,585.7600905
NLA12_IA-107,42.86,58.90238796,2.42320274,9.763846213,510.9133582
NLA12_IA-109,57.18,62.10794004,2.481023677,10.23653819,702.4522157
NLA12_IA-113,68.73,64.31244269,2.616393727,11.80461548,805.0657401
NLA12_IA-120,43.02,61.16921183,2.502396083,10.25115382,520.8255751
NLA12_IA-127,57.48,66.73054122,2.710718017,12.51461535,638.3960892
NLA12_IA-132,47.58,60.76653565,2.43072039,10.36499991,547.2287147
NLA12_IA-134,53.53,61.47431925,2.528685523,10.86115398,611.5094825
NLA12_IA-150,45.28,61.4077463,2.491650898,10.73384592,546.1637702
NLA12_IA-152,54.69,61.44272066,2.484433674,10.26653835,663.3903315
NLA12_IA-R01,52.71,62.09132301,2.537218318,10.83038469,593.822913
NLA12_IA-R02,50.14,62.29313267,2.543082676,10.86730742,581.1555589
NLA12_IA-R03,68.85,67.78928153,2.699273202,12.76692291,822.1824698
NLA12_ID-101,69.33,47.12025647,2.246764451,7.334615423,803.2280231
NLA12_ID-102,85.76,45.47799931,2.216916528,6.592307751,1069.278228
NLA12_ID-103,70.06,50.93870718,2.422864168,8.641538263,859.1107561
NLA12_ID-104,32.28,51.23010236,2.329879768,8.476923109,369.5803739
NLA12_ID-105,83.09,46.87474409,2.303883564,7.385769266,966.8527187
NLA12_ID-107,28.60,58.79745804,2.6075001,10.71730771,339.1992349
NLA12_ID-108,68.98,51.32608096,2.438429062,8.755769198,889.0366297
NLA12_ID-109,17.44,54.4455664,2.459151478,9.683461501,215.4708714
NLA12_ID-110,23.01,49.50716494,2.285834478,7.595000103,284.2361396
NLA12_ID-111,18.80,48.3872267,2.222738481,8.237692228,232.7528491
NLA12_ID-112,83.01,46.65420556,2.340404707,7.11769236,999.5713595
NLA12_ID-113,55.05,41.41281177,2.002276666,5.218461569,663.6155038
NLA12_ID-121,75.21,47.82258572,2.327972473,7.511922982,901.0321551
NLA12_ID-122,28.04,47.69969052,2.195649074,7.244230857,339.0205953
NLA12_ID-141,70.64,46.29672115,2.209534561,6.935769173,790.7037404
NLA12_ID-142,46.51,35.35585882,1.760119541,3.203076876,762.8065669
NLA12_ID-143,17.55,48.38236166,2.241711266,8.054999939,220.6992237
NLA12_ID-145,94.88,35.52895292,1.813951308,3.128076938,1140.337068
NLA12_ID-148,49.87,48.87736498,2.416307531,8.391923078,573.7550481
NLA12_ID-149,60.51,51.77439806,2.502023037,9.116923213,712.7146694
NLA12_ID-151,30.59,48.52927497,2.269156134,7.728461706,364.4310253
NLA12_ID-158,70.25,36.10482401,1.801567469,3.283461607,1035.609092
NLA12_ID-165,69.56,46.56987331,2.262450591,7.251538295,840.1722542
NLA12_ID-166,15.83,52.83990252,2.364801996,8.872307824,189.87824
NLA12_ID-168,90.15,37.96086735,1.910262013,4.052692257,1043.480615
NLA12_ID-175,25.43,51.28332859,2.358046596,8.798076831,312.2867625
NLA12_ID-180,127.24,39.69850462,2.090405764,4.736153932,1489.050588
NLA12_ID-194,19.48,60.28819987,2.618715004,10.98038444,255.1423795
NLA12_ID-198,32.31,45.12173356,2.076347373,5.959230845,448.9627085
NLA12_ID-203,35.79,43.03210734,2.031171211,5.961538407,464.4559934
NLA12_ID-205,110.89,37.1460728,1.876870032,3.674230695,1304.870503
NLA12_ID-207,91.08,45.96260959,2.224867986,6.825384682,1082.697678
NLA12_ID-209,96.12,36.42034514,1.868396365,3.67730779,1105.519645
NLA12_ID-210,128.98,35.26230526,1.752387453,3.055384526,1454.899161
NLA12_ID-214,23.27,54.10235464,2.470224519,9.804230974,283.1795727
NLA12_ID-215,46.51,35.35585882,1.760119541,3.203076876,665.053929
NLA12_ID-216,27.20,46.83578542,2.156862992,7.503846077,328.1506241
NLA12_ID-218,172.90,39.72772842,2.115517247,4.926538569,1947.784253
NLA12_ID-220,115.57,36.00937475,1.842232189,3.337692298,1332.79976
NLA12_ID-221,153.84,37.47942057,1.875641334,4.082692184,1741.921243
NLA12_IL-103,67.19,64.69456025,2.635055546,12.15961511,788.1541564
NLA12_IL-104,56.88,61.12201175,2.581006777,11.05269221,676.3165204
NLA12_IL-105,87.03,70.66256674,2.902391808,13.98730773,1029.935152
NLA12_IL-106,61.66,60.04205434,2.549481442,10.83692298,730.5714949
NLA12_IL-109,76.67,70.29141978,2.913529421,13.92115386,880.3206617
NLA12_IL-110,70.77,63.37349169,2.686651118,12.07153841,758.6139734
NLA12_IL-111,88.85,72.90776469,2.967796563,14.73807696,1071.638614
NLA12_IL-112,76.58,75.24396204,3.049636053,15.37346174,904.9829315
NLA12_IL-114,63.93,66.35355191,2.738674592,12.73000017,720.2584439
NLA12_IL-116,76.68,74.33052179,3.060458727,15.32576935,933.3947179
NLA12_IL-118,63.58,63.05044368,2.650719726,11.64384615,768.3054581
NLA12_IL-120,74.72,76.18683125,3.059145105,15.28730778,895.0690594
NLA12_IL-123,66.07,64.91960449,2.718775166,12.20884615,767.5101369
NLA12_IL-R01,89.43,72.96725021,3.065559826,15.19384632,1058.255739
NLA12_IL-R03,87.90,73.09241588,3.068410338,15.22038438,1058.255739
NLA12_IL-R04,87.58,71.51901855,3.016679135,14.86461535,1023.093333
NLA12_IN-101,70.24,59.54228097,2.562518845,11.04038448,842.4636855
NLA12_IN-102,71.03,61.84875588,2.631781902,11.65576921,841.7498269
NLA12_IN-103,71.65,61.27069126,2.620852908,11.52923088,870.8292712
NLA12_IN-104,99.41,72.64720117,3.005632623,14.99038473,1210.925154
NLA12_IN-105,72.30,61.56361264,2.636763456,11.5773077,843.4683537
NLA12_IN-106,73.10,61.99376509,2.653072414,11.73576933,859.6124539
NLA12_IN-108,68.37,62.06763419,2.658361097,11.72961535,780.4745717
NLA12_IN-110,71.24,62.47097437,2.672203886,11.79961533,846.9880142
NLA12_IN-111,90.32,64.55221003,2.743524742,12.76269229,1065.045416
NLA12_IN-112,90.45,64.38108962,2.712686756,12.60423041,1055.761912
NLA12_IN-113,78.96,59.29552078,2.575433348,10.97807701,936.7688193
NLA12_IN-115,93.28,66.99413419,2.813437094,13.43730778,1103.713933
NLA12_IN-116,92.43,67.63774478,2.811019285,13.4542309,1110.93223
NLA12_IN-117,87.22,70.0804153,2.839840587,13.7519231,1023.793133
NLA12_IN-120,74.90,61.62765825,2.642098269,11.62115401,894.504761
NLA12_IN-126,100.88,68.43896,2.896133063,14.06346162,1217.311619
NLA12_IN-127,92.47,66.76790272,2.776191169,13.3246152,1087.693497
NLA12_IN-128,73.81,62.48031868,2.671476464,11.82269241,867.8516973
NLA12_IN-130,98.90,71.40282843,3.034814048,14.82807666,1192.930436
NLA12_IN-131,86.41,68.54292605,2.827042437,13.54730793,1018.897151
NLA12_IN-134,82.64,61.27964776,2.673763474,11.57192313,997.5874538
NLA12_IN-135,90.28,73.88073969,3.022408096,15.09384627,1117.827567
NLA12_IN-142,106.12,66.75460578,2.872606618,13.69384619,1291.730916
NLA12_IN-144,72.13,61.89173189,2.655723932,11.70884611,868.6387449
NLA12_IN-145,75.02,61.05851177,2.640631637,11.45461538,890.7177462
NLA12_IN-146,97.07,66.85094154,2.771581751,13.34346155,1147.905331
NLA12_IN-147,88.55,64.06072909,2.719867158,12.54961525,1025.503938
NLA12_IN-149,72.17,61.36222919,2.632831696,11.54076932,861.9500807
NLA12_IN-155,82.84,70.14927183,2.900795348,14.11269253,991.745188
NLA12_IN-159,90.90,64.98645672,2.719624848,12.67423113,1075.22628
NLA12_IN-160,71.24,62.47097437,2.672203886,11.79961533,845.1046406
NLA12_IN-162,90.30,67.12929969,2.825770384,13.54769225,1091.153221
NLA12_IN-163,88.73,67.53666067,2.75932027,13.14423063,1029.479004
NLA12_IN-164,71.84,62.70506886,2.67435424,11.92000002,829.3451875
NLA12_IN-166,75.45,63.33549393,2.701922033,12.0449999,858.7063893
NLA12_IN-171,91.95,67.69418531,2.82039463,13.50423089,1106.394583
NLA12_IN-172,71.56,62.32393309,2.658459512,11.7523077,854.7742553
NLA12_IN-174,88.58,75.65374437,3.157815457,15.61846168,1082.064547
NLA12_IN-179,90.77,65.84429452,2.733237444,12.88923068,1099.316972
NLA12_IN-180,86.55,75.54800413,3.10007802,15.44038452,1054.904851
NLA12_IN-183,83.86,70.78045908,2.938270382,14.36538466,994.8088084
NLA12_IN-185,74.90,61.62765825,2.642098269,11.62115401,899.8926961
NLA12_IN-186,71.73,60.05247855,2.595884735,11.21500011,842.5979477
NLA12_IN-187,77.51,59.31933809,2.581414345,10.97230772,926.6248576
NLA12_IN-191,93.98,64.53617044,2.806998588,13.12038455,1120.144116
NLA12_IN-193,91.83,67.89264694,2.802225564,13.34807667,1066.512572
NLA12_IN-196,72.66,62.30922552,2.666353492,11.76500003,858.7247112
NLA12_IN-199,75.30,60.15503988,2.605126618,11.18384609,895.9182023
NLA12_IN-201,80.87,68.80426761,2.85910535,13.71384603,946.7764857
NLA12_IN-202,103.98,72.73839162,3.067844489,15.04461549,1247.715835
NLA12_KS-101,56.55,73.38244903,2.863631393,13.97461541,677.4061517
NLA12_KS-102,39.75,75.87379671,3.031463304,14.65730741,528.1036914
NLA12_KS-103,63.87,75.06300565,2.931524391,14.65615388,794.835839
NLA12_KS-105,55.18,75.71849728,3.07882539,14.83269231,716.8331368
NLA12_KS-106,69.80,78.73940117,3.27972755,15.90269226,860.6915544
NLA12_KS-107,59.70,74.74978593,3.03452281,14.74923092,739.7233531
NLA12_KS-108,58.50,71.84042096,2.780801536,13.72846176,744.7387001
NLA12_KS-109,61.57,73.19842271,2.88928173,14.24884596,752.1525837
NLA12_KS-114,72.95,74.79689797,2.98853208,14.78192295,890.8741983
NLA12_KS-121,65.24,78.38329208,3.062422909,15.4365384,805.1095283
NLA12_KS-122,48.39,71.80327728,2.777529838,13.38807686,576.6079497
NLA12_KS-124,67.73,78.72658737,3.253424535,15.59115375,844.8881493
NLA12_KS-125,60.69,75.20719509,2.951318918,14.68923075,764.3061086
NLA12_KS-126,88.95,77.36149033,3.166718733,15.6223077,1078.840137
NLA12_KS-130,67.19,75.42187046,2.985863011,14.85846151,839.7332298
NLA12_KS-138,62.07,79.60780031,3.261347929,15.65076903,811.2509618
NLA12_KS-R02,81.68,76.21727784,3.061933003,15.24999978,1001.205109
NLA12_KS-R07,62.91,79.63655874,3.367223095,15.93269244,797.3884374
NLA12_KS-R08,67.63,73.9669552,2.937646191,14.49576938,826.1033368
NLA12_KS-R11,66.09,78.39456264,3.279052646,15.83500002,822.4798434
NLA12_KY-101,121.41,70.29944737,3.236030284,15.11269232,1503.844959
NLA12_KY-102,90.95,76.63091383,3.232112036,16.23692289,1120.484789
NLA12_KY-103,89.05,64.20658142,2.870945769,13.37884604,1096.323537
NLA12_KY-104,103.35,74.99352016,3.194130445,15.95923068,1249.543815
NLA12_KY-107,96.63,67.03589994,2.984600138,14.13576959,1205.585459
NLA12_KY-114,108.88,70.47239441,3.055436539,14.90538436,1356.125521
NLA12_KY-116,92.07,76.92153549,3.248080902,16.14730773,1067.836865
NLA12_KY-117,106.41,70.92504891,3.042086396,14.72961525,1314.4563
NLA12_KY-120,89.57,76.74543715,3.216117608,16.17653817,1073.181283
NLA12_KY-122,107.81,67.86140687,2.96395061,14.02153857,1340.723113
NLA12_LA-101,129.15,86.22888194,3.8961301,19.49153805,1626.707231
NLA12_LA-102,132.22,89.15020404,4.142264642,20.16192319,1656.144782
NLA12_LA-103,122.98,90.88989909,4.294211307,20.76576915,1561.666791
NLA12_LA-104,131.53,88.03632701,3.947005577,19.39115378,1585.531271
NLA12_LA-105,129.20,88.83205233,4.147344221,20.04653843,1685.891589
NLA12_LA-106,119.63,86.83417785,3.914501538,19.20653857,1449.245759
NLA12_LA-109,114.57,88.20844918,3.897014272,19.78346186,1449.275146
NLA12_LA-134,116.07,90.90649135,4.39623248,20.92730794,1484.852719
NLA12_LA-141,129.67,87.69788097,4.032080264,19.93653833,1682.092387
NLA12_LA-152,137.60,88.14142018,4.146897663,20.11461537,1709.719785
NLA12_LA-154,118.36,88.91337435,3.975739175,19.56384622,1397.464881
NLA12_LA-155,125.67,85.92874664,3.879188298,18.96807671,1533.668683
NLA12_LA-161,115.76,89.60600533,4.133422061,20.1538463,1495.008296
NLA12_LA-172,141.67,89.62465353,4.292426225,20.62346165,1790.05433
NLA12_MA-101,106.64,58.78965709,2.925297055,12.16692306,1268.147411
NLA12_MA-102,106.03,58.40988838,2.761480581,11.63423074,1234.846115
NLA12_MA-103,98.71,50.40627315,2.541294327,8.953076895,1164.769208
NLA12_MA-104,103.18,57.42747463,2.698751537,10.96076926,1215.401818
NLA12_MA-105,94.60,54.92167203,2.605439057,9.928077056,1099.725458
NLA12_MA-106,97.94,55.99516014,2.694466216,10.82115379,1173.466068
NLA12_MA-108,103.29,58.72740812,2.819707049,11.90153847,1216.26551
NLA12_MA-109,94.99,59.71457578,2.809223591,11.68230776,1150.332995
NLA12_MA-110,101.96,52.86858097,2.583438748,9.678461533,1213.770416
NLA12_MA-111,104.51,58.16720947,2.891330042,11.97192308,1258.270601
NLA12_MD-101,82.07,59.73833862,2.784052352,12.03807708,959.4687258
NLA12_MD-102,93.21,68.89006379,3.113423472,14.30499996,959.4261001
NLA12_MD-103,104.30,51.10411307,2.535409328,9.667307854,1150.997842
NLA12_MD-104,91.93,72.77810614,3.414582049,15.75961527,989.3278328
NLA12_MD-105,87.79,72.73330101,3.405657544,15.71153857,942.4446659
NLA12_MD-108,93.83,67.89060929,3.065687412,14.12884584,972.7985695
NLA12_MD-115,71.25,75.13697622,3.467403818,16.07115375,793.063182
NLA12_MD-118,87.37,69.33598124,3.2420397,14.63153869,893.1128304
NLA12_ME-101,111.62,48.40225984,2.426272838,7.558076748,1198.841542
NLA12_ME-102,99.34,45.37876175,2.25702746,6.014615425,1152.042832
NLA12_ME-103,116.99,43.88416331,2.18376172,5.690000094,1342.025417
NLA12_ME-104,91.26,44.22987328,2.199418973,5.288846143,1035.568726
NLA12_ME-105,88.37,45.78613807,2.264612174,5.788846217,982.5135502
NLA12_ME-106,113.00,47.76251545,2.352976583,7.391153905,1346.340531
NLA12_ME-107,122.65,48.63773811,2.505055389,7.950384737,1376.360832
NLA12_ME-108,87.62,45.65155893,2.286079563,5.418461579,971.3117789
NLA12_ME-109,96.71,51.2482204,2.480905252,8.359230776,1100.135198
NLA12_ME-110,112.75,51.48321712,2.468519279,8.731153726,1310.393476
NLA12_ME-113,102.76,49.91586374,2.403869922,7.665000054,1147.337769
NLA12_ME-114,106.50,49.50097309,2.414131836,7.91461543,1209.122113
NLA12_ME-115,100.16,45.69052392,2.320292895,5.803076854,1108.00583
NLA12_ME-116,96.94,43.96471691,2.219309389,5.559230548,1068.003206
NLA12_ME-118,109.52,51.80127445,2.545232994,9.032692305,1267.920618
NLA12_ME-120,108.61,48.43774036,2.375495486,7.145000054,1194.991534
NLA12_ME-121,114.83,50.55212336,2.417888916,8.454230638,1326.118656
NLA12_ME-122,123.62,47.44192197,2.490649097,7.888846168,1335.822277
NLA12_ME-126,117.17,49.11530672,2.497993996,8.077692343,1296.117355
NLA12_ME-129,101.64,49.01261553,2.402196861,7.389230801,1105.97512
NLA12_ME-130,112.93,47.89808372,2.365665175,7.531153991,1323.189134
NLA12_ME-134,105.26,51.08968552,2.505824517,8.507692107,1192.084092
NLA12_ME-135,93.54,48.24840475,2.372533923,6.799615493,1014.180708
NLA12_ME-137,114.08,51.82165609,2.481632442,8.943846262,1335.137225
NLA12_ME-R02,125.53,51.39991668,2.587850852,9.358846013,1412.756625
NLA12_ME-R03,104.51,44.9606837,2.241086511,5.851923044,1159.092598
NLA12_ME-R06,92.99,46.86786709,2.339290532,5.81961518,1032.110924
NLA12_ME-R07,88.31,45.52747159,2.250944814,5.671923032,1014.95393
NLA12_ME-R08,111.85,49.12671813,2.422311143,7.580769245,1207.51143
NLA12_ME-R10,92.99,46.86786709,2.339290532,5.81961518,1036.994374
NLA12_ME-R11,112.33,50.62528361,2.517476986,8.563461359,1244.685663
NLA12_ME-R15,102.09,48.16239095,2.375166604,6.757307529,1122.513279
NLA12_MI-101,74.97,57.11590967,2.5308171,10.15538471,825.9770422
NLA12_MI-102,73.66,54.00456494,2.37683852,9.627692319,804.4011487
NLA12_MI-103,67.72,50.86681992,2.303991978,8.215769521,783.6078913
NLA12_MI-104,76.70,58.70509247,2.644875007,10.96769223,852.1229873
NLA12_MI-105,74.37,58.41092746,2.652834971,10.93615389,794.3224372
NLA12_MI-106,85.50,55.46661422,2.399554422,9.495769235,960.2255052
NLA12_MI-107,81.18,51.39171478,2.334267628,8.536923015,911.2058323
NLA12_MI-108,82.11,62.97715634,2.707851514,11.98230753,896.3997036
NLA12_MI-109,76.97,59.07356751,2.610280343,10.90423096,840.7980632
NLA12_MI-110,66.74,58.86437433,2.622985916,10.85653832,780.3226462
NLA12_MI-111,66.36,62.39947726,2.702226172,11.806923,778.9628445
NLA12_MI-112,75.63,59.96143983,2.613377395,11.14384603,883.7178335
NLA12_MI-113,77.01,53.63299771,2.410499589,9.167692534,874.074408
NLA12_MI-114,69.74,57.67696049,2.597005534,10.64076942,823.5764076
NLA12_MI-115,77.72,61.32395279,2.658512588,11.41923067,862.1710788
NLA12_MI-116,59.93,48.50042072,2.165068142,7.351538548,671.9962839
NLA12_MI-117,69.66,58.11781646,2.609105766,10.73115377,813.5334277
NLA12_MI-118,65.36,47.13406556,2.072439569,6.196923238,745.9745928
NLA12_MI-120,79.45,61.85473921,2.666846928,11.76423064,913.3896437
NLA12_MI-122,67.08,50.21944054,2.255670461,7.950769351,743.6199841
NLA12_MI-123,81.26,59.55526184,2.600363636,11.02269224,977.551482
NLA12_MI-124,77.79,56.31577341,2.50947466,10.10538471,827.7329909
NLA12_MI-125,62.11,47.20422002,2.092587665,6.518076888,696.9943942
NLA12_MI-126,67.65,50.43494932,2.28424688,7.993461481,752.6364644
NLA12_MI-128,78.32,62.39374177,2.697444481,11.70346177,868.1165831
NLA12_MI-129,80.15,52.37645289,2.330725048,8.789230759,920.901728
NLA12_MI-130,81.57,54.57115972,2.419731143,9.558846061,903.4722268
NLA12_MI-132,55.16,51.44715123,2.200921098,7.869999941,610.2107576
NLA12_MI-133,78.04,50.41229804,2.291650359,8.026538244,891.4967313
NLA12_MI-135,67.88,58.38791503,2.591829539,10.81538462,784.7323288
NLA12_MI-136,76.41,56.11110122,2.498111811,9.861923071,851.6978361
NLA12_MI-137,52.94,46.74358357,2.034463413,6.015769059,616.7564502
NLA12_MI-138,72.51,50.46663465,2.345794528,8.101538456,771.8307371
NLA12_MI-139,68.75,58.75180464,2.609367145,10.82538469,759.4278176
NLA12_MI-141,68.46,46.63751447,2.025311918,5.933076868,796.5371392
NLA12_MI-142,68.75,56.60173908,2.496129918,10.08192325,795.4452525
NLA12_MI-144,76.27,61.78806435,2.683617902,11.64115393,875.7538969
NLA12_MI-145,78.06,51.95821798,2.347238679,8.665000054,897.2684945
NLA12_MI-148,51.78,49.6294527,2.13149753,7.064615415,604.0914011
NLA12_MI-150,70.28,48.23172133,2.210422066,7.121538438,775.0233327
NLA12_MI-151,68.40,59.0747372,2.634686116,10.85230769,779.1333817
NLA12_MI-152,81.42,60.32866795,2.649838602,11.19538454,875.2110269
NLA12_MI-155,65.50,58.39268819,2.599297642,10.74153852,753.6773943
NLA12_MI-161,88.01,51.35065628,2.308487231,8.363461466,1012.824714
NLA12_MI-162,67.18,47.72586635,2.176668206,6.931923115,741.99103
NLA12_MI-164,66.17,48.52431207,2.118038083,6.891923006,732.8355074
NLA12_MI-165,87.65,51.3560899,2.275459292,8.324615442,1008.173528
NLA12_MI-167,68.56,58.17212024,2.618681197,10.69846164,775.2845287
NLA12_MI-168,77.09,59.03419741,2.612425914,10.83153859,869.8546105
NLA12_MI-169,67.51,46.18356527,2.036994033,6.014615398,764.4388566
NLA12_MI-172,77.21,61.57934241,2.686365309,11.55346153,849.3398393
NLA12_MI-177,77.30,55.45074755,2.503839206,9.88230765,836.5604183
NLA12_MI-178,68.31,48.50945452,2.209716198,7.134615311,738.9521428
NLA12_MI-R08,71.05,46.24785233,2.035502353,5.978846238,779.7239573
NLA12_MI-R09,52.47,46.08902924,2.05055917,5.85076908,622.6828526
NLA12_MN-101,58.59,48.7816378,2.060435445,6.028461474,714.6280412
NLA12_MN-102,69.72,47.57372689,2.070371238,5.843846027,847.7146931
NLA12_MN-103,69.96,52.80425962,2.194026365,7.473461464,899.6013538
NLA12_MN-104,49.23,53.35672713,2.212085619,7.349615281,602.8392567
NLA12_MN-105,61.53,47.59046213,2.044034831,5.45269239,713.0654103
NLA12_MN-106,48.18,55.28693807,2.295873086,8.06038464,602.6631384
NLA12_MN-107,60.60,58.97068814,2.409881912,9.27999986,785.7900666
NLA12_MN-108,50.42,52.48634362,2.201497858,7.109230701,597.4053319
NLA12_MN-109,69.05,46.66750238,2.013458027,5.270769247,812.9492721
NLA12_MN-110,54.65,53.36246384,2.216469342,7.591923293,667.2769334
NLA12_MN-111,60.30,61.11705209,2.478238752,10.08307675,743.2775581
NLA12_MN-112,47.44,59.85566473,2.406344387,9.852692458,582.3530893
NLA12_MN-113,42.38,57.42269539,2.300097892,8.986538392,511.7064377
NLA12_MN-114,42.64,57.5709542,2.347975846,8.795769123,537.0557012
NLA12_MN-115,46.51,53.80786261,2.228202945,7.5184613,561.2001549
NLA12_MN-116,60.46,62.82278927,2.521460874,10.41692301,753.163752
NLA12_MN-118,75.68,58.82291868,2.398832916,9.261538578,935.2901044
NLA12_MN-119,37.23,57.25935123,2.326599581,8.746538583,443.9225958
NLA12_MN-120,47.94,51.9356411,2.169447463,6.925384576,567.375104
NLA12_MN-121,42.47,57.44848584,2.345164265,8.767307777,517.3212529
NLA12_MN-122,52.11,59.40360971,2.418614287,9.311538393,653.2174731
NLA12_MN-123,40.00,58.14272173,2.315238368,8.993076911,485.4908979
NLA12_MN-126,55.58,51.60516398,2.165816811,6.871153832,682.5042598
NLA12_MN-127,38.51,56.00502627,2.289188262,8.153076924,454.98937
NLA12_MN-130,58.11,46.34337471,2.005566118,4.992307627,680.9347349
NLA12_MN-131,39.09,52.74219922,2.149137947,6.820384668,426.1108542
NLA12_MN-132,46.13,57.55440536,2.367296762,8.960768993,582.2487331
NLA12_MN-135,46.15,57.53933954,2.377394881,8.839999951,560.3569988
NLA12_MN-136,48.94,55.18398457,2.293030885,8.034999829,607.9727297
NLA12_MN-137,35.66,54.19235543,2.207654509,7.401922978,390.6864368
NLA12_MN-138,66.35,46.86581305,2.02793363,5.002307653,800.5904911
NLA12_MN-141,44.11,54.18980863,2.243229332,7.622307521,539.3609897
NLA12_MN-143,46.58,54.23791386,2.231869943,7.591923071,563.3787636
NLA12_MN-144,70.32,54.14643519,2.238367553,7.563846129,883.5630763
NLA12_MN-145,60.96,58.46517986,2.396328496,9.45192337,744.5194999
NLA12_MN-147,63.70,53.98417883,2.224627382,8.135384568,798.9065548
NLA12_MN-150,60.95,48.13924727,2.058271053,5.500000109,710.0526054
NLA12_MN-152,40.94,57.31021776,2.335040895,8.656923313,516.8958181
NLA12_MN-153,42.93,52.05880178,2.15585944,6.960769342,496.3040467
NLA12_MN-157,40.68,54.66582748,2.261181446,7.783846102,483.0492503
NLA12_MN-158,38.59,51.33660245,2.085026494,6.381153785,431.9670547
NLA12_MN-160,49.49,52.00030521,2.176377244,7.139999868,613.4290516
NLA12_MN-162,62.97,48.38092558,2.055011097,5.866538561,783.199419
NLA12_MN-163,60.83,56.74659852,2.318751481,8.836538314,754.4872925
NLA12_MN-167,41.87,57.8610831,2.353141783,8.941538609,536.98216
NLA12_MN-170,72.61,44.97367962,1.944323521,4.65346152,862.0158252
NLA12_MN-171,36.87,56.38550678,2.311415184,8.562307798,433.3577823
NLA12_MN-177,48.60,59.11419592,2.391605385,9.63076929,604.0942311
NLA12_MN-178,58.23,46.28148564,1.996568468,5.037307647,695.9048175
NLA12_MN-180,46.17,55.88171405,2.318381391,8.233846059,571.6317443
NLA12_MN-181,45.62,50.24236614,2.084346816,6.267692346,537.0369792
NLA12_MN-184,49.54,53.67786155,2.217708082,7.452692381,602.6353488
NLA12_MN-185,44.16,51.21375536,2.110705308,6.558846161,541.9689772
NLA12_MN-186,48.30,60.41530476,2.458876903,9.991538562,591.3432342
NLA12_MN-187,38.57,60.49185361,2.340745071,9.503461323,473.2522946
NLA12_MN-189,42.64,53.92364621,2.226881112,7.547307547,500.9751717
NLA12_MN-191,39.01,55.57950548,2.291151746,8.034999755,464.9642518
NLA12_MN-195,36.82,51.41785543,2.093906707,6.372692347,386.1148191
NLA12_MN-196,47.33,56.05879386,2.28497937,8.330384658,573.9027378
NLA12_MN-197,40.59,51.09894723,2.069384409,6.296538445,433.7076601
NLA12_MN-199,42.49,57.38143391,2.34360851,8.770769193,511.5719296
NLA12_MN-200,47.87,55.25975948,2.279217045,8.184999815,594.5249934
NLA12_MN-201,37.22,51.83055536,2.143568981,6.807307775,427.4804388
NLA12_MN-202,62.89,47.49146912,2.03730341,5.398845938,743.268504
NLA12_MN-203,38.55,55.91292611,2.281978766,8.216153842,467.2815957
NLA12_MN-204,47.50,59.22806175,2.384248753,9.455769283,595.1933301
NLA12_MN-205,47.85,53.00880038,2.211748382,7.350384602,576.6176509
NLA12_MN-206,37.53,50.74274278,2.089419029,6.334615433,407.1811309
NLA12_MN-207,43.12,54.03219201,2.20506189,7.475000016,496.1740368
NLA12_MN-211,54.04,54.84910633,2.258864348,8.326154132,675.3515123
NLA12_MN-212,48.96,56.93071955,2.368876958,8.825769114,618.8120505
NLA12_MN-213,38.34,52.33043174,2.139213637,6.843461293,425.8501893
NLA12_MN-214,61.98,45.43254096,1.974894053,4.922307601,730.3044164
NLA12_MN-215,33.52,60.30975714,2.355154503,9.590384703,414.4436761
NLA12_MN-217,46.55,49.43537296,2.034945503,6.180769223,516.687856
NLA12_MN-218,69.01,46.45098557,2.012907916,5.244230536,813.3192974
NLA12_MN-219,38.06,57.16962682,2.323502019,8.750384662,457.9162343
NLA12_MN-220,49.31,58.88048707,2.349700945,9.411538326,602.707066
NLA12_MN-221,45.03,54.42021333,2.254885828,7.733076865,537.3045891
NLA12_MN-227,61.64,56.59484864,2.307829832,8.713461563,755.8087487
NLA12_MN-228,42.92,56.06550128,2.299068518,8.254230811,511.5920987
NLA12_MN-229,46.65,49.90526597,2.060319363,6.176923036,549.7230691
NLA12_MN-233,53.42,49.037147,2.060652674,6.044615434,645.3425274
NLA12_MN-235,39.64,56.75596857,2.310469828,8.64807703,475.3452018
NLA12_MN-236,52.57,58.71206371,2.370118824,9.474230619,645.8443865
NLA12_MN-237,58.80,62.8309627,2.530182816,10.42423074,733.865243
NLA12_MN-240,61.51,52.34895315,2.214762319,7.459615506,775.9378308
NLA12_MN-243,75.54,51.25290632,2.152452169,7.13153861,956.4821628
NLA12_MN-245,50.36,51.2598958,2.137182034,6.662307647,599.0928271
NLA12_MN-247,64.20,59.0203047,2.393215785,9.290769101,806.4373709
NLA12_MN-248,49.54,53.67786155,2.217708082,7.452692381,591.1208753
NLA12_MN-249,52.59,50.60817255,2.102121697,6.437692275,631.8920261
NLA12_MN-250,55.64,59.17253944,2.337944582,9.414230879,691.9986956
NLA12_MN-251,36.39,60.28370705,2.359061182,9.61384599,431.4745117
NLA12_MN-252,57.03,59.17561291,2.402778945,9.286922987,723.666053
NLA12_MN-253,47.62,53.86553742,2.225863992,7.521922863,573.1645938
NLA12_MN-254,62.02,51.26576309,2.144923202,6.8261537,770.0201873
NLA12_MN-255,40.53,55.31311076,2.276114849,7.868846324,485.5381671
NLA12_MN-256,63.73,51.23263147,2.149307572,6.831923136,784.9220166
NLA12_MN-258,56.14,48.49957708,2.044447145,5.923077015,680.6460796
NLA12_MN-264,45.52,54.69876666,2.276570486,7.898846112,574.9355876
NLA12_MN-265,42.84,52.97268497,2.194836342,7.268846347,494.1505613
NLA12_MN-267,37.30,56.01916516,2.294566437,8.293846038,448.0470157
NLA12_MN-268,47.99,59.29348706,2.366661752,9.483846022,593.5723378
NLA12_MN-269,44.59,53.84273453,2.248908835,7.624999963,545.3501231
NLA12_MN-271,45.02,54.80856315,2.255314518,7.744230783,534.9141698
NLA12_MN-272,70.22,53.16348565,2.199669128,7.534230837,895.7322917
NLA12_MN-273,58.91,60.94569625,2.466501858,9.878077177,724.9384033
NLA12_MN-274,60.80,50.28678324,2.099171789,6.463461527,743.9631303
NLA12_MN-275,62.40,58.27327082,2.383155611,9.30115388,761.9652892
NLA12_MN-276,52.77,57.83512896,2.370546017,9.07346156,680.0092507
NLA12_MN-277,39.81,52.20459538,2.121129966,6.706153962,414.6766817
NLA12_MN-280,45.97,56.83093864,2.301883808,8.557307666,568.2795241
NLA12_MN-281,46.21,51.40456629,2.146197664,6.741923168,530.5429055
NLA12_MN-283,35.44,56.14617099,2.284679764,8.435769137,430.6767376
NLA12_MN-284,56.05,59.99486936,2.389656519,9.661538508,691.2397591
NLA12_MN-287,33.67,55.49763871,2.232191097,7.767307832,376.6494252
NLA12_MN-288,61.18,50.25409974,2.126387549,6.52461538,759.3070493
NLA12_MN-290,65.49,50.53945394,2.100353512,6.642307758,813.8276084
NLA12_MN-293,47.45,49.52127015,2.038172562,6.115769423,540.1819042
NLA12_MN-297,46.16,48.50222948,2.063398958,5.834230615,552.1373842
NLA12_MN-299,38.64,57.70317033,2.320352416,8.893461484,467.6694799
NLA12_MN-300,49.36,60.69397904,2.432080004,9.983076847,610.2084932
NLA12_MN-303,32.70,51.87503934,2.119058289,6.587692334,351.7937838
NLA12_MN-304,71.51,54.03562277,2.214159057,7.823461716,888.179558
NLA12_MN-306,65.18,45.52392061,1.985865897,4.931923105,768.8900354
NLA12_MN-313,49.02,51.1482601,2.135961918,6.611153749,579.3536023
NLA12_MN-315,46.36,58.52774552,2.334229934,9.299230868,549.9914721
NLA12_MN-318,62.04,50.73565219,2.12793694,6.627307764,758.9928558
NLA12_MN-320,65.74,51.87813926,2.160563424,6.99692297,831.8986466
NLA12_MN-322,55.52,48.90523018,2.062045329,6.045384636,682.6018134
NLA12_MN-325,38.00,53.32168889,2.171076808,7.118461482,436.7403128
NLA12_MN-334,39.64,51.55234716,2.060986403,6.738461688,430.0152322
NLA12_MN-335,50.96,55.90336833,2.272406675,7.969230726,604.5730383
NLA12_MN-338,53.60,50.53247426,2.099917028,6.513461498,655.3206915
NLA12_MN-341,33.23,51.72321601,2.105326523,6.549615272,367.7267134
NLA12_MN-342,57.70,48.08474799,2.074581773,5.899615233,702.0467455
NLA12_MN-346,69.62,45.65411185,1.988348904,5.082307613,813.0664612
NLA12_MN-367,35.42,52.26112256,2.134939695,6.696153935,376.3673408
NLA12_MN-378,48.44,60.59995206,2.466974469,10.06807707,593.2473709
NLA12_MN-395,35.91,56.1040211,2.292441635,8.311153926,437.7331651
NLA12_MN-396,46.33,59.17274125,2.388446013,9.421538444,590.8261262
NLA12_MN-414,38.29,51.12613141,2.086944411,6.372307833,421.8827961
NLA12_MN-415,33.19,55.0943834,2.22222696,7.614230909,364.6446569
NLA12_MN-420,38.27,55.79702315,2.287003373,8.208076972,462.6065855
NLA12_MN-427,39.42,57.601901,2.321569379,8.881153859,471.2153063
NLA12_MN-443,51.48,58.04699918,2.31872813,9.161923041,636.2569037
NLA12_MN-444,51.45,58.46637166,2.34033996,9.290769136,635.5813072
NLA12_MN-475,36.58,56.21175845,2.30626632,8.498461449,430.6769435
NLA12_MN-R01,44.77,52.34099013,2.18405706,7.085000002,530.9576384
NLA12_MN-R12,47.65,49.94030612,2.064229056,6.185384447,552.1703156
NLA12_MN-R13,52.83,52.09297842,2.184604529,6.996153758,633.891868
NLA12_MN-R14,66.83,49.24907952,2.10113747,6.468846119,831.1404573
NLA12_MO-101,100.80,75.99169658,3.079374822,15.42423087,1247.471685
NLA12_MO-102,85.29,73.38682115,2.974284381,14.9626921,1033.063909
NLA12_MO-103,61.98,72.3657393,2.830124651,13.96307709,768.2302401
NLA12_MO-104,77.01,71.82425773,2.972003133,14.90538467,917.0833534
NLA12_MO-105,75.67,71.64987108,2.868742541,14.59076898,904.8861524
NLA12_MO-106,91.81,76.93185762,3.199839015,15.8980769,1124.394324
NLA12_MO-107,101.00,75.95210405,3.205217998,15.99230752,1205.253233
NLA12_MO-108,92.53,72.04381304,2.994297303,14.87192295,1124.946383
NLA12_MO-109,72.80,73.68691418,2.933415091,14.54538446,838.3522243
NLA12_MO-110,86.75,69.66396922,2.846831491,14.10576918,1022.799386
NLA12_MO-115,61.66,72.19919075,2.810247512,13.75692313,757.9137083
NLA12_MO-117,69.54,71.74797932,2.932090881,14.68230768,836.0829966
NLA12_MO-119,77.54,74.87280149,2.983464746,14.90884588,924.1909904
NLA12_MO-120,67.77,71.41187797,2.884629727,14.23846131,783.2691205
NLA12_MO-122,67.55,66.9623987,2.709142494,12.80884581,770.6601724
NLA12_MO-123,81.49,74.82466079,2.956956106,14.86615381,945.6876523
NLA12_MO-126,62.62,68.62301266,2.756867269,13.12461561,735.7659232
NLA12_MO-R01,72.89,72.43483676,2.95930029,14.94269239,868.9496604
NLA12_MO-R02,76.25,71.90695803,2.940384464,14.8007694,891.3907174
NLA12_MS-101,123.94,85.84850413,3.873729577,19.43500005,1585.726804
NLA12_MS-102,134.14,85.12979116,3.842716113,19.34384595,1714.643196
NLA12_MS-103,143.28,86.82485063,4.216227024,20.22269242,1798.748038
NLA12_MS-104,118.79,84.32704626,3.904485934,18.74769222,1367.484127
NLA12_MS-105,131.76,85.03185272,3.941412871,19.47499972,1658.940981
NLA12_MS-106,99.50,79.53697008,3.561603226,17.34807675,1135.453729
NLA12_MS-107,87.66,80.98992815,3.588342633,17.54230774,1011.994228
NLA12_MS-112,113.24,80.02602959,3.639409821,17.85153851,1293.016646
NLA12_MS-113,117.09,74.24315962,3.365659036,16.34653869,1374.299615
NLA12_MS-116,108.17,78.49742515,3.566640543,17.40269199,1233.49453
NLA12_MS-119,119.36,80.57461045,3.723595181,18.25384602,1403.329808
NLA12_MS-125,134.70,79.00511428,3.667779113,18.05230794,1639.481381
NLA12_MS-126,138.17,86.97852905,4.015410652,20.00807681,1755.528901
NLA12_MS-128,116.21,76.66782014,3.47442163,16.94615371,1401.405665
NLA12_MS-R03,118.01,78.95212588,3.623365468,17.72038452,1349.117729
NLA12_MT-102,53.25,45.8311898,2.177649907,6.810769283,601.4051359
NLA12_MT-103,24.93,49.68387854,2.047149136,6.307692234,295.3990145
NLA12_MT-104,24.85,48.39381955,2.172174636,7.685000053,289.0831879
NLA12_MT-105,39.92,50.5989592,2.316074061,7.993076949,480.9588792
NLA12_MT-106,25.23,46.1374789,2.078071277,6.913461703,286.0660294
NLA12_MT-107,33.79,42.1603073,1.969159149,5.555769443,383.4448934
NLA12_MT-108,29.87,45.4512168,2.044961526,6.072307587,354.5277962
NLA12_MT-109,28.37,54.85175579,2.236409177,7.793846369,347.811323
NLA12_MT-110,79.43,34.89571406,1.754954064,2.892307649,893.8991953
NLA12_MT-111,59.13,44.51545951,2.149445343,6.218461495,657.5588482
NLA12_MT-113,21.07,47.84932668,2.113922673,7.288461464,241.1548019
NLA12_MT-118,24.40,51.58743818,2.154559733,6.958846312,300.3858055
NLA12_MT-119,22.56,52.76459039,2.184212415,7.774230902,258.4879721
NLA12_MT-120,129.04,37.13035204,1.929989661,3.540384458,1521.481155
NLA12_MT-124,37.31,37.72757604,1.886301471,3.936923009,449.7587252
NLA12_MT-126,24.87,51.35287585,2.110202072,6.564230664,294.6169119
NLA12_MT-135,37.63,47.15611932,2.046818544,7.119615371,427.3554234
NLA12_MT-136,82.80,41.3774105,2.019205534,5.218461679,952.9992652
NLA12_MT-138,28.17,56.4597373,2.294155379,8.929230763,331.8906969
NLA12_MT-140,121.75,37.52478946,1.880552189,3.970384763,1448.719558
NLA12_MT-142,24.21,53.22640774,2.117673689,7.250384643,278.83969
NLA12_MT-143,40.80,41.92737133,1.978042039,5.291923092,449.4648682
NLA12_MT-144,20.82,47.61025786,2.118532748,7.210769139,253.0610442
NLA12_MT-151,27.19,52.35371194,2.195993973,7.931153829,317.4282151
NLA12_MT-152,80.79,32.87137477,1.665456244,1.945769291,964.4140059
NLA12_MT-154,21.56,50.86299329,2.093055106,6.288461519,255.3771735
NLA12_MT-156,26.97,42.87675156,1.951803967,5.644615485,323.636391
NLA12_MT-160,20.91,46.03163494,2.058078894,6.736923146,241.6884459
NLA12_MT-161,26.09,59.79837683,2.405184077,9.226153741,318.4240355
NLA12_MT-162,80.90,33.43028879,1.656161159,1.913076878,1108.57006
NLA12_MT-164,41.61,44.99177892,2.205357385,6.500384643,469.262422
NLA12_MT-177,24.03,57.29935486,2.292026951,8.851538383,275.6016494
NLA12_NC-101,98.21,70.98395236,3.275452173,15.71192309,1184.623498
NLA12_NC-103,98.27,76.25549942,3.528899082,16.91653842,1222.184472
NLA12_NC-104,99.00,77.73484383,3.74454669,17.71692276,1180.497533
NLA12_NC-105,120.17,59.1906781,2.875709177,13.14115401,1447.305235
NLA12_NC-107,75.82,76.44335505,3.545816881,17.07961548,936.3728135
NLA12_NC-108,116.13,64.86432526,3.068350747,14.41961545,1451.754052
NLA12_NC-109,158.98,57.10542092,2.828082575,12.70807688,2000.733805
NLA12_NC-114,98.62,75.08229188,3.409368448,16.52961548,1211.517347
NLA12_NC-115,87.05,77.06785944,3.577984699,17.14961529,1065.046014
NLA12_NC-116,100.65,72.50426422,3.273853825,15.97692303,1246.383998
NLA12_NC-124,85.60,75.91914507,3.508992419,16.90999985,1078.93887
NLA12_NC-127,90.28,75.21588336,3.434437535,16.5996155,1118.337029
NLA12_NC-134,89.45,73.97591,3.437403654,16.41153831,1102.7209
NLA12_ND-101,37.96,56.85937458,2.329899845,8.44115393,434.5233515
NLA12_ND-102,35.54,51.35895267,2.107002905,6.346153809,373.1153729
NLA12_ND-103,35.79,53.53475815,2.212685201,7.404230705,391.6426808
NLA12_ND-104,31.94,53.85313299,2.215976607,7.548461639,350.561781
NLA12_ND-105,28.57,52.51851115,2.150638266,6.715769227,296.5041788
NLA12_ND-106,28.28,52.90541994,2.146384161,6.960384515,306.1447273
NLA12_ND-107,28.19,54.7922287,2.291014422,7.992307534,349.5361472
NLA12_ND-108,28.91,53.47070296,2.248055638,7.562307669,357.5372651
NLA12_ND-109,34.77,53.39674919,2.230110604,7.434615575,400.7333595
NLA12_ND-110,33.24,53.45351011,2.207237861,7.345384597,371.6001044
NLA12_ND-112,34.53,53.32796845,2.236204206,7.510769184,417.8185574
NLA12_ND-113,30.86,47.4770077,2.005657827,5.15769223,323.2345517
NLA12_ND-114,35.55,54.03325693,2.260988311,7.762307754,414.0115216
NLA12_ND-115,31.83,54.90758432,2.255230165,8.064230717,378.2082224
NLA12_ND-118,26.99,53.62388456,2.251803029,7.623846182,321.2584581
NLA12_ND-119,32.01,54.35240843,2.250540381,7.713846188,351.2771177
NLA12_ND-126,31.18,49.811541,2.070067825,6.171153913,367.7043046
NLA12_ND-129,31.62,55.65754267,2.294066751,8.18269218,385.0645983
NLA12_ND-131,26.84,54.05929422,2.22810793,7.893846256,321.421615
NLA12_ND-134,28.08,54.90157501,2.281673844,7.853845908,350.9301018
NLA12_ND-139,33.29,53.90140921,2.208556643,7.469999936,363.2661028
NLA12_ND-145,30.68,53.24140164,2.209400035,7.354230752,347.5064645
NLA12_ND-146,32.53,47.69354282,2.017106912,5.139230986,349.6134921
NLA12_ND-149,30.19,53.03294463,2.207493859,7.290384825,337.6046623
NLA12_ND-151,32.63,54.88962118,2.269433155,7.950000047,372.9636866
NLA12_ND-155,30.62,50.23720694,2.105616362,6.348461592,344.9567185
NLA12_ND-156,34.20,52.54371332,2.175017422,7.095384542,378.334487
NLA12_ND-160,30.88,52.92193171,2.201080456,7.230384606,355.8503993
NLA12_ND-162,33.28,49.47341713,2.031390591,5.658076745,360.3312145
NLA12_ND-163,21.17,56.35757264,2.23347352,8.608077142,235.4434876
NLA12_ND-164,32.02,52.82417078,2.188415819,7.198846158,360.3743596
NLA12_ND-167,31.25,54.34174826,2.24587272,7.746153978,353.3268126
NLA12_ND-172,34.46,52.59771035,2.174542852,7.107307745,383.0525199
NLA12_ND-173,30.67,54.05995944,2.263868574,7.719615312,365.6683539
NLA12_ND-178,34.36,46.88894903,1.9779508,4.983076811,366.3149362
NLA12_ND-186,24.40,52.97334055,2.157219854,7.045384627,278.1816833
NLA12_ND-187,31.51,53.08650017,2.188974996,7.264230838,343.8876434
NLA12_ND-190,36.90,48.85511851,2.044128539,5.535769445,420.3295072
NLA12_ND-193,32.62,53.04316005,2.196548307,7.278846061,364.9851421
NLA12_ND-194,33.27,51.92081603,2.095942367,6.625769156,393.5639345
NLA12_ND-196,35.26,52.2973712,2.189550527,7.023076846,399.1835761
NLA12_ND-198,30.76,47.05336393,1.980904587,5.011923111,340.9560788
NLA12_ND-199,31.77,52.51693329,2.162049361,7.068461492,334.7436652
NLA12_ND-202,30.52,50.35584744,2.076380962,6.302307844,351.3177876
NLA12_ND-R17,35.32,52.75743055,2.224209919,7.357307819,418.3044984
NLA12_ND-R18,35.15,53.57912777,2.215740761,7.40730779,387.4995927
NLA12_NE-101,39.99,67.70701581,2.659261792,12.31846129,503.5482544
NLA12_NE-102,32.61,65.65862066,2.582723432,11.89846134,410.5233285
NLA12_NE-103,27.42,64.81091676,2.540686578,11.52576922,339.6139557
NLA12_NE-104,32.01,63.49629913,2.538781515,11.10615393,411.3808693
NLA12_NE-105,30.64,64.68561709,2.545763375,11.60769246,380.2333377
NLA12_NE-106,44.27,67.34980222,2.667026739,12.17615386,531.1095182
NLA12_NE-107,17.47,61.13018177,2.392514169,10.42730746,211.873655
NLA12_NE-108,31.42,64.8267182,2.543773464,11.65807709,398.4938535
NLA12_NE-109,24.72,63.70637346,2.541096258,11.28423067,300.3160707
NLA12_NE-110,51.14,68.82428971,2.719655835,12.77807692,593.7293352
NLA12_NE-111,14.86,62.57891029,2.481013277,10.93923079,191.6975927
NLA12_NE-112,21.92,59.9396742,2.411780409,10.00076919,278.6550544
NLA12_NE-113,41.17,61.9625576,2.46258292,10.8407692,518.0722195
NLA12_NE-114,31.53,62.89635487,2.489094095,10.95846158,405.7827642
NLA12_NE-121,29.51,64.40345094,2.528484509,11.5076923,377.7456046
NLA12_NE-125,31.99,64.93912431,2.548617913,11.67307674,403.602845
NLA12_NE-127,16.19,60.3258372,2.381694943,10.18384607,202.8777771
NLA12_NE-129,38.68,68.56402288,2.675875749,12.35423073,451.511308
NLA12_NE-133,31.99,63.7991899,2.509264709,11.14846171,412.8362947
NLA12_NE-135,15.69,60.4925054,2.375192791,10.2342307,185.8052132
NLA12_NE-149,26.87,65.25286356,2.58196591,11.9273077,342.8624819
NLA12_NE-154,44.12,69.56556177,2.738005693,12.92769223,540.6593355
NLA12_NE-156,21.95,62.04389895,2.443098686,10.78884609,282.6403203
NLA12_NE-157,44.72,69.26618439,2.706377827,12.51307719,530.5779389
NLA12_NE-158,50.36,69.59756721,2.720052826,12.98307703,612.6388437
NLA12_NE-160,16.15,63.22187075,2.500821738,11.0919232,198.3175399
NLA12_NE-166,29.47,63.77527352,2.593493457,11.65384586,378.3914616
NLA12_NE-170,44.75,68.78224939,2.709592436,12.62384624,536.6857574
NLA12_NH-101,115.21,50.53861525,2.439046762,8.492307627,1325.129165
NLA12_NH-102,99.42,44.10484183,2.198860057,5.885000009,1180.942019
NLA12_NH-103,97.83,55.23949207,2.640074121,9.929230911,1125.77144
NLA12_NH-104,102.33,51.68123364,2.531909861,9.176153879,1130.607118
NLA12_NH-105,101.18,53.27980357,2.551539026,9.595384469,1148.846394
NLA12_NH-107,94.40,56.46202896,2.675164973,10.66153864,1095.087865
NLA12_NH-108,98.82,53.29633874,2.576849673,9.499231063,1130.627672
NLA12_NH-109,110.21,51.46889024,2.568781954,9.21692309,1262.584906
NLA12_NH-111,104.54,54.73111791,2.595988842,10.01115386,1218.804457
NLA12_NH-112,106.78,51.39606274,2.49585136,9.189231101,1161.268213
NLA12_NH-115,111.27,51.08697301,2.443824315,8.612307988,1290.576259
NLA12_NH-R04,108.09,52.75175926,2.572414378,9.542692258,1258.329247
NLA12_NJ-101,101.30,59.23937071,2.824433888,11.83000005,1142.749672
NLA12_NJ-102,100.89,57.99472724,2.795108692,11.51499998,1146.323212
NLA12_NJ-103,86.55,62.79783944,2.946219765,12.81692309,1043.917281
NLA12_NJ-104,95.99,65.47105062,3.100912378,13.66961531,1078.279822
NLA12_NJ-105,106.37,56.84766292,2.737045878,11.03307694,1204.351857
NLA12_NJ-106,93.84,62.44961281,2.920867955,12.62730762,1065.011165
NLA12_NJ-107,103.37,58.41836318,2.775252192,11.5265384,1209.306006
NLA12_NJ-108,95.02,66.24114838,3.101503341,13.93692292,1082.859777
NLA12_NJ-118,99.16,55.06279112,2.656923263,10.82307702,1130.50256
NLA12_NJ-119,102.17,57.62811545,2.758244836,11.35884637,1135.687255
NLA12_NJ-131,94.92,65.70947368,3.114861484,13.87115381,1020.684949
NLA12_NJ-R01,111.85,58.68817902,2.782428533,11.61192313,1233.746064
NLA12_NM-104,20.91,56.82776369,2.611577988,11.37846176,266.1174234
NLA12_NM-105,21.32,52.93960451,2.413852853,10.59653856,266.9257491
NLA12_NM-117,31.63,42.79001554,2.024091432,7.306538288,429.501152
NLA12_NM-129,18.52,79.03646307,3.247877882,16.25346137,228.0494377
NLA12_NM-132,22.03,53.25599595,2.302700593,10.31307693,276.8358469
NLA12_NM-133,41.99,36.68335987,1.82431477,5.065384535,528.3187222
NLA12_NM-134,15.54,62.31438615,2.741536593,12.05115399,199.7234854
NLA12_NM-138,28.77,46.44325377,2.185820525,8.536538545,334.3096398
NLA12_NM-150,12.64,63.75196356,2.774547078,12.37884622,165.3778989
NLA12_NM-152,25.38,52.43107292,2.369595769,10.39230774,314.240565
NLA12_NM-160,20.17,54.30626661,2.461363114,11.02538459,240.2614681
NLA12_NM-161,61.88,31.89146769,1.656353854,2.740000018,745.6842124
NLA12_NM-162,30.77,46.52235052,2.20739083,8.021153727,390.2059851
NLA12_NV-101,11.10,46.63954241,2.277438157,7.838076977,137.0876464
NLA12_NV-102,25.02,56.52515627,2.667691676,11.00115374,299.4086741
NLA12_NV-103,17.17,55.46207457,2.580552796,10.52230767,213.9278054
NLA12_NV-104,9.06,58.49449517,2.618002082,10.80538453,108.2906764
NLA12_NV-105,14.03,50.96703272,2.311642954,8.747307502,178.8713862
NLA12_NV-106,4.96,61.65415869,2.870069118,12.04192316,64.12184574
NLA12_NV-109,4.09,62.95776553,2.737721628,12.50769202,52.10017368
NLA12_NV-119,11.29,55.67157861,2.578096584,10.31461541,136.4305232
NLA12_NV-127,25.79,43.95703682,2.1520105,6.829230775,315.3318382
NLA12_NV-137,16.26,52.56419409,2.647973918,9.984230738,195.0797899
NLA12_NV-141,6.97,61.72942084,2.95993854,12.52423072,88.39925582
NLA12_NV-144,30.78,46.1599304,2.249044988,8.291153761,409.1221611
NLA12_NV-167,15.88,44.91600763,2.159675357,6.930384544,202.9921669
NLA12_NV-177,18.34,48.91324015,2.439127167,8.6303844,298.4502026
NLA12_NV-193,29.92,43.02612532,2.333241167,7.794230773,348.5765499
NLA12_NV-R01,47.11,37.52180995,1.884499276,4.683461547,579.7248253
NLA12_NY-0101,67.21,55.43776345,2.64388358,10.41538467,757.3123363
NLA12_NY-0102,89.63,46.26739309,2.330354597,7.11307687,1018.976276
NLA12_NY-0103,95.51,53.04037917,2.572377304,9.882307731,1120.379201
NLA12_NY-0104,84.54,58.43614578,2.707850947,10.72000012,968.0336533
NLA12_NY-0106,90.68,46.34227409,2.337654728,7.019230861,1049.673167
NLA12_NY-0108,98.67,61.66560816,2.914001278,12.50269241,1172.255408
NLA12_NY-0109,86.32,46.95006984,2.377738716,7.220000084,1011.12759
NLA12_NY-0110,95.06,48.38189461,2.387329287,7.804999865,1056.716083
NLA12_NY-0111,119.23,45.29601928,2.32725028,6.869615445,1348.400266
NLA12_NY-0112,70.36,53.18297802,2.55053099,9.7080769,813.6401186
NLA12_NY-R02,91.59,51.39874265,2.493229995,9.070769356,1012.668643
NLA12_NY-R03,87.12,48.00395891,2.377167868,7.688461506,956.3185252
NLA12_NY-R04,76.69,54.22505678,2.666347646,9.401538519,921.3417128
NLA12_NY-R06,96.58,52.78979553,2.56395064,9.36846138,1049.699644
NLA12_NY-R07,78.68,51.74543292,2.517225468,9.370769198,918.1476212
NLA12_NY-R08,100.26,59.04350882,2.721086954,11.49576934,1182.636291
NLA12_NY-R11,111.89,55.72486605,2.633851942,10.6565385,1330.733233
NLA12_OH-101,91.29,62.25830826,2.722101554,12.08384622,1082.615766
NLA12_OH-102,88.55,62.99420244,2.704808983,12.23346136,1049.928394
NLA12_OH-103,88.18,60.81415354,2.761433351,12.12230763,1019.243069
NLA12_OH-104,97.59,60.95834548,2.682995565,11.7603845,1115.25995
NLA12_OH-105,94.78,63.06880305,2.717012163,12.25192306,1113.596839
NLA12_OH-106,94.44,62.97705417,2.800024794,12.76961548,1147.187385
NLA12_OH-107,85.11,60.69210279,2.696961294,11.753846,989.6253874
NLA12_OH-112,89.95,62.91875266,2.716664078,12.18384631,1031.066808
NLA12_OH-113,83.61,60.24843793,2.706738428,11.7419232,969.8870135
NLA12_OH-115,93.68,62.85643789,2.771816381,12.52999988,1091.110465
NLA12_OH-118,96.46,62.06026666,2.700344732,11.89461532,1141.468237
NLA12_OH-122,87.01,63.59418572,2.72760964,12.47230771,1027.646767
NLA12_OH-127,89.46,63.22627518,2.805860931,12.89192318,1057.978444
NLA12_OH-134,89.10,65.63513018,2.783202276,12.83307684,1069.289754
NLA12_OH-136,96.65,60.16361531,2.682412852,11.70538453,1056.734853
NLA12_OH-137,91.60,61.40634537,2.712176874,11.98461544,1035.020979
NLA12_OH-R02,94.79,61.36074996,2.71047599,11.81153828,1055.42776
NLA12_OH-R03,110.20,56.32959087,2.597593665,10.73538469,1214.598308
NLA12_OK-101,68.79,82.55777795,3.663305487,17.45769233,889.5469614
NLA12_OK-102,61.64,82.30023407,3.628932738,17.08307684,799.7339739
NLA12_OK-103,74.65,84.58293666,3.628800281,17.37115365,823.574439
NLA12_OK-104,63.36,83.88606783,3.593538223,17.15653838,761.4220209
NLA12_OK-105,75.70,83.99249678,3.621946306,17.28192311,934.3754104
NLA12_OK-106,57.81,80.41006082,3.42667246,16.27346176,711.1818743
NLA12_OK-107,82.90,81.60061773,3.563126682,17.04153809,1000.599884
NLA12_OK-108,68.29,85.9565677,3.673119638,17.98346182,892.7608115
NLA12_OK-109,64.31,81.6334332,3.5467422,16.69153856,804.0277472
NLA12_OK-117,65.79,80.02060861,3.539255795,16.48346177,823.0987653
NLA12_OK-118,63.65,84.436908,3.628581674,17.24076924,828.7369214
NLA12_OK-119,66.27,85.48006493,3.819541409,18.17807671,830.8349317
NLA12_OK-120,67.08,80.61457568,3.445026279,16.50230789,789.9103004
NLA12_OK-121,63.22,83.21681892,3.577455813,17.07576924,792.6890614
NLA12_OK-122,62.39,87.64350243,3.767827358,18.13576918,776.2527901
NLA12_OK-132,70.49,83.50366194,3.663219614,17.48538472,916.4630087
NLA12_OK-133,52.75,83.55832063,3.60532488,17.01423073,676.48838
NLA12_OK-134,67.24,82.48179319,3.434660875,16.74692304,827.0165221
NLA12_OK-135,84.18,85.785361,3.730944853,17.85346152,1094.475116
NLA12_OK-285,75.48,82.08967766,3.700738309,17.48269261,972.6231068
NLA12_OK-286,56.41,82.78957241,3.541538926,16.72538449,687.6694113
NLA12_OK-288,90.30,83.56352958,3.820749091,17.9246152,1113.319119
NLA12_OK-291,80.24,84.02017196,3.673035814,17.56807694,977.7527012
NLA12_OK-292,71.28,83.79769357,3.679187671,17.55807704,872.6218887
NLA12_OK-293,41.95,82.98468073,3.533368873,16.92115424,550.6925773
NLA12_OK-296,74.91,84.00135642,3.705693918,17.79999997,964.3516024
NLA12_OK-299,94.76,85.62412022,3.733813307,17.93615407,1168.125275
NLA12_OK-302,57.94,83.11636323,3.541738351,16.68115374,743.6794378
NLA12_OK-306,70.44,84.77873727,3.633518916,17.36230758,876.9668162
NLA12_OK-311,95.66,83.37908715,3.751054144,17.64807664,1209.446545
NLA12_OK-R01,73.23,82.32283661,3.6924136,17.45423071,918.8336063
NLA12_OK-R09,66.36,85.15503937,3.720119509,17.85076901,858.7352349
NLA12_OR-101,23.09,54.68035896,2.556100993,9.993077187,224.7414557
NLA12_OR-102,14.68,48.96647474,2.336008582,8.437692274,168.1934543
NLA12_OR-103,201.01,38.6905449,2.192704183,5.738076889,2442.00974
NLA12_OR-104,112.38,51.18864824,2.812972271,10.93923068,1322.065155
NLA12_OR-105,33.80,44.96698624,2.240761803,7.097692233,380.8225788
NLA12_OR-106,209.91,44.78401765,2.579840462,8.488846082,2331.338371
NLA12_OR-107,183.82,47.4665906,2.634080859,10.72423077,2059.630655
NLA12_OR-109,175.73,35.1025039,2.071104375,4.656923101,2078.015323
NLA12_OR-110,100.44,52.66694827,2.866006596,11.3576923,1159.628097
NLA12_OR-111,16.44,51.23715854,2.433672619,9.172692336,181.0672113
NLA12_OR-112,17.82,55.81845822,2.502695796,9.82615381,213.2912281
NLA12_OR-113,37.04,52.35151126,2.743030815,10.79076914,480.7713352
NLA12_OR-121,164.03,40.09196286,2.252662664,6.622692438,2057.343155
NLA12_OR-123,55.33,48.22221934,2.742171353,9.188461496,660.564835
NLA12_OR-126,183.74,38.6994346,2.292113643,6.090384575,2156.931555
NLA12_OR-128,110.62,37.83329497,2.126499886,5.61076929,1230.123808
NLA12_OR-129,169.82,44.00022364,2.537619674,9.923846171,1962.65662
NLA12_OR-131,101.36,51.81156591,2.857573601,11.03269223,1289.361428
NLA12_OR-133,95.11,53.44929878,2.876896364,11.66076928,1141.92491
NLA12_OR-144,176.80,34.15767374,2.01158335,4.095769048,2060.545636
NLA12_OR-145,151.74,46.21818125,2.596052752,10.68884633,1780.818861
NLA12_OR-154,18.55,51.07495227,2.34014789,8.499230798,220.6739491
NLA12_OR-155,44.69,56.94194472,2.995555158,11.98807696,539.3139053
NLA12_OR-158,92.48,55.6745172,2.945394833,11.90961542,1151.882093
NLA12_OR-160,122.81,37.13536772,2.118123045,5.319615401,1439.173636
NLA12_OR-163,283.45,41.38143381,2.453883371,7.322307798,3155.685893
NLA12_OR-167,162.47,47.2300559,2.662374996,10.34884607,1826.413645
NLA12_OR-169,123.66,50.41763463,2.840522369,10.61576937,1444.118328
NLA12_OR-173,190.87,36.14189068,2.180848376,5.006538529,2227.891788
NLA12_PA-101,89.50,61.3896344,2.839311229,12.27807705,1040.655421
NLA12_PA-102,96.38,61.82253753,2.957223492,12.67269218,1028.969755
NLA12_PA-103,97.88,51.82478896,2.477809717,9.432692088,1130.42868
NLA12_PA-105,93.89,51.86773232,2.501680788,9.368461544,1111.44964
NLA12_PA-106,112.15,56.97537526,2.707369801,11.13538453,1308.400086
NLA12_PA-107,107.28,51.75682783,2.509666188,9.886538845,1221.278842
NLA12_PA-108,90.31,66.20578244,3.0850591,13.77615376,1059.053464
NLA12_PA-109,116.31,51.18757539,2.495839437,9.201153902,1367.259236
NLA12_PA-110,84.87,53.2965282,2.547236592,9.842692339,1006.426732
NLA12_PA-111,90.92,54.94201608,2.57849172,10.3461537,1067.272899
NLA12_PA-113,103.44,56.39400359,2.635202692,10.80692337,1176.85131
NLA12_PA-114,94.66,50.29284045,2.457875705,8.989999983,1093.630974
NLA12_PA-115,86.31,58.13576641,2.674152226,11.25961536,1000.533387
NLA12_PA-117,111.90,57.92153129,2.753466353,11.41923085,1289.828856
NLA12_PA-118,91.99,51.62093336,2.50493896,9.56346168,1065.927861
NLA12_PA-119,102.15,53.25101366,2.549240586,10.32884642,1175.672208
NLA12_PA-R10,95.80,55.93632731,2.662605617,10.87038471,1158.610659
NLA12_PA-R11,106.60,53.5819127,2.601098844,10.43846164,1228.760453
NLA12_RI-102,105.36,58.64716294,2.88161362,12.0123077,1277.732349
NLA12_RI-103,101.85,57.58951754,2.770652336,11.50999999,1184.735818
NLA12_RI-104,103.71,56.67148692,2.734107446,11.34884621,1215.802507
NLA12_RI-108,105.14,58.34019935,2.837780863,11.81192328,1261.111822
NLA12_RI-110,106.37,57.46958984,2.844472744,11.7930767,1305.943394
NLA12_RI-111,107.40,60.78158617,2.923041079,12.41192326,1288.473279
NLA12_RI-112,103.86,57.52477996,2.7725351,11.5492308,1230.600735
NLA12_RI-113,104.59,57.73301533,2.901204559,11.95307694,1282.619678
NLA12_SC-102,101.16,84.74210432,4.123075381,19.46307718,1288.512061
NLA12_SC-103,168.20,63.44160684,3.057034432,14.28269221,2037.787355
NLA12_SC-104,83.58,78.12273046,3.664968483,17.54538463,1046.4425
NLA12_SC-105,76.97,83.31367376,3.903372547,18.7192308,972.8624361
NLA12_SC-106,107.77,71.49918315,3.385738329,15.92884603,1300.054132
NLA12_SC-108,79.37,81.82080562,3.882795181,18.56730777,997.1178089
NLA12_SC-112,77.42,78.88971779,3.879503822,17.96269241,975.1050962
NLA12_SC-118,91.89,82.86881582,3.967544375,18.85000023,1170.636504
NLA12_SC-127,99.57,83.32853846,4.055263692,19.23269242,1243.544007
NLA12_SD-101,26.01,63.53479729,2.591429648,10.45538473,326.4077545
NLA12_SD-102,32.05,57.3165702,2.333093964,8.707692513,397.9300042
NLA12_SD-103,38.95,56.70562238,2.311230943,8.732692243,465.9670392
NLA12_SD-104,40.87,58.21935049,2.377961301,8.885384486,440.9693157
NLA12_SD-105,30.67,54.88582959,2.299849264,8.122307483,377.0944779
NLA12_SD-106,41.43,57.67848755,2.399335154,8.778461493,464.7566562
NLA12_SD-107,31.26,51.85656512,2.220672793,8.451538471,385.8612705
NLA12_SD-108,26.81,56.26424359,2.38500108,8.469999955,334.9333459
NLA12_SD-109,43.89,59.70026917,2.397713157,9.566538463,546.5409807
NLA12_SD-110,41.78,57.9775514,2.382976402,8.814615304,462.6855373
NLA12_SD-111,42.25,55.66272708,2.325327729,8.16269229,458.917663
NLA12_SD-114,35.90,62.00790474,2.444393255,10.13192324,439.9403272
NLA12_SD-115,38.39,68.41212596,2.643028414,11.95576923,448.6943571
NLA12_SD-119,20.85,61.32286423,2.432155498,10.16076944,252.3307204
NLA12_SD-122,37.18,56.63840154,2.330597696,8.391923116,385.8195466
NLA12_SD-124,25.52,56.28525306,2.274007792,8.760384688,305.852751
NLA12_SD-126,41.71,57.54660637,2.37393921,8.686538477,457.9968389
NLA12_SD-130,44.11,54.51096175,2.283063792,7.986538594,490.112469
NLA12_SD-131,38.35,68.79353295,2.649278867,12.04769241,471.0400194
NLA12_SD-132,28.00,60.44025521,2.480108668,10.00230727,357.5064392
NLA12_SD-133,36.48,60.32719773,2.469714959,9.752692515,458.3052317
NLA12_SD-134,34.14,55.71766829,2.315867887,8.384615294,423.4563114
NLA12_SD-137,35.18,65.50333599,2.622069289,11.40384614,457.3346634
NLA12_SD-138,40.93,55.15902029,2.322188547,7.802307533,430.7269551
NLA12_SD-140,27.92,57.22656021,2.292666046,8.947307586,330.0926606
NLA12_SD-141,31.89,54.72511911,2.294752109,8.090384705,393.2868357
NLA12_SD-143,27.76,65.24317925,2.608754403,11.27230771,348.4822877
NLA12_SD-146,40.31,54.96469408,2.297212412,8.040384696,442.4378285
NLA12_SD-147,37.10,64.65211214,2.58496204,11.21576931,473.47811
NLA12_SD-150,26.85,56.39823023,2.384353462,8.507692539,332.5993602
NLA12_SD-154,40.75,55.74922281,2.308384444,8.422307748,454.5427958
NLA12_SD-157,28.65,54.95961718,2.301420858,8.026154023,358.2412665
NLA12_SD-158,39.04,57.77955102,2.324397116,8.953846016,464.1641756
NLA12_SD-162,48.61,57.49581348,2.295740751,8.948845937,595.4493185
NLA12_SD-165,35.19,61.10713314,2.483132765,9.636538376,456.3210857
NLA12_SD-166,40.77,55.29993156,2.324939519,7.876923158,430.7796265
NLA12_SD-168,27.33,59.18247592,2.421046811,9.460384516,341.8458078
NLA12_SD-170,42.77,58.51177786,2.402692801,8.933846327,467.0176061
NLA12_SD-172,24.92,59.07052411,2.330194902,9.425384503,314.8717963
NLA12_SD-182,40.93,55.15902029,2.322188547,7.802307533,431.266588
NLA12_SD-183,31.93,63.88906115,2.542912609,10.64230781,401.8451218
NLA12_SD-189,31.96,60.20125383,2.453589169,9.610384667,403.5825839
NLA12_SD-198,44.97,57.81534909,2.319995261,8.929615369,531.9505882
NLA12_SD-212,28.09,61.33272646,2.521055663,9.862307769,359.2121894
NLA12_TN-101,115.93,71.41584803,3.20138222,15.58038455,1419.809324
NLA12_TN-103,113.47,70.87495612,3.126761629,15.34384625,1364.991382
NLA12_TN-104,103.17,62.34543176,2.895075866,13.51423091,1247.243684
NLA12_TN-106,98.01,75.05054486,3.375875651,16.31653848,1158.525655
NLA12_TN-108,106.62,71.1796074,3.147328678,15.3673077,1266.94336
NLA12_TN-113,103.47,82.10388504,3.58032207,17.58807674,1219.268497
NLA12_TN-114,97.96,75.27035385,3.337128276,16.29000018,1152.385805
NLA12_TN-119,101.33,71.59614479,3.126963556,15.36423093,1256.131503
NLA12_TN-122,94.24,75.24489518,3.391048327,16.32846128,1099.115776
NLA12_TN-R01,126.30,71.36458129,3.236362009,15.87807652,1475.12983
NLA12_TX-101,98.72,88.89514561,4.019565864,19.24461512,1254.684142
NLA12_TX-103,26.62,79.50913576,3.266570483,16.18653869,337.440897
NLA12_TX-104,94.98,93.0155001,4.288320891,20.85653848,1199.22386
NLA12_TX-105,102.93,89.08023092,4.07771232,19.69423081,1284.997818
NLA12_TX-107,71.24,86.78698829,3.776903581,18.82846143,894.6310922
NLA12_TX-109,94.50,88.9691855,4.058367313,19.59769264,1210.846498
NLA12_TX-110,73.66,94.63350565,4.191425753,20.00923069,928.2989407
NLA12_TX-111,50.75,87.76951382,3.678891811,18.71653854,647.1189779
NLA12_TX-112,72.54,95.73602396,4.295238791,20.92923106,963.5618091
NLA12_TX-113,90.31,90.27827165,4.010689507,19.58807681,1101.54729
NLA12_TX-114,81.75,93.29027931,4.160977271,19.95307688,1024.942746
NLA12_TX-116,76.77,94.24684566,4.054120331,19.90384615,994.3314904
NLA12_TX-117,81.48,87.97935627,3.990086987,19.09461528,994.6530945
NLA12_TX-118,104.00,96.16351999,4.684237067,22.0923079,1330.179029
NLA12_TX-121,80.50,90.35099712,4.179871855,19.95692319,1010.189442
NLA12_TX-124,62.61,89.74646328,3.873944541,18.97346148,799.0663932
NLA12_TX-128,84.09,89.02094669,3.962229624,19.14461554,1061.647856
NLA12_TX-129,112.95,96.69556573,4.571385711,21.85461536,1464.500454
NLA12_TX-135,31.76,108.9945078,5.265665012,24.47653873,415.2740256
NLA12_TX-136,50.08,86.49778534,3.616785862,18.47807646,628.7140903
NLA12_TX-137,113.11,88.07293662,4.041063493,19.65884612,1448.530559
NLA12_TX-141,126.53,88.34253736,4.02316006,19.69538476,1613.895638
NLA12_TX-144,69.09,87.54058871,3.953079599,19.22307671,879.5171566
NLA12_TX-148,78.76,89.61047916,3.843120941,18.86884649,995.5164331
NLA12_TX-152,41.75,87.79760525,3.672905791,18.65769206,532.7350729
NLA12_TX-157,85.00,87.93503737,3.941014227,19.31923074,1049.787809
NLA12_TX-158,40.65,108.594312,5.309083554,24.58461571,505.9037094
NLA12_TX-159,80.76,93.20166384,4.34129847,21.01269267,1012.817113
NLA12_TX-160,75.34,97.88062872,4.331713175,20.66769233,976.6498697
NLA12_TX-161,125.56,96.00989022,4.635736617,21.9373078,1567.923585
NLA12_TX-165,91.71,87.40993212,3.963740628,18.76846167,1147.655115
NLA12_TX-169,105.67,87.25215186,4.002145375,19.43192313,1358.433293
NLA12_TX-170,96.10,89.47543123,4.102190917,20.19538476,1200.026918
NLA12_TX-176,96.57,89.52315248,4.102838553,19.44038461,1213.760544
NLA12_TX-182,65.78,86.75440837,3.944451262,19.14307715,851.5151522
NLA12_TX-187,106.52,89.44424514,4.076878349,19.48730777,1319.506383
NLA12_TX-190,80.50,89.8601765,4.111339454,19.57423052,1032.464303
NLA12_TX-195,85.80,86.14453911,3.888608115,18.68423066,1054.681958
NLA12_TX-196,80.58,91.72151115,4.16513127,20.06576934,1048.578481
NLA12_TX-199,99.58,89.66885828,4.119531827,19.71153846,1260.682848
NLA12_TX-201,101.26,91.03536353,4.260946653,20.66192319,1238.615592
NLA12_TX-202,84.92,90.52283781,4.138203346,19.71999968,1086.681868
NLA12_TX-205,111.50,94.41951804,4.593901352,21.84000008,1442.291702
NLA12_TX-218,84.93,87.85288237,4.003758444,18.68423036,1038.638391
NLA12_TX-232,107.49,86.69142698,3.93970363,18.92653876,1335.135856
NLA12_TX-234,71.23,86.24646967,3.876551853,18.85730762,914.7972909
NLA12_TX-235,126.31,88.26542534,3.996050922,19.60115359,1600.369351
NLA12_TX-R02,142.02,88.85017048,4.168403807,20.14538486,1807.642525
NLA12_TX-R08,95.77,85.28410918,3.907238827,18.43076944,1185.138356
NLA12_TX-R09,96.38,85.69574204,3.917735109,18.51923084,1187.044052
NLA12_UT-101,57.86,36.53295668,1.907587782,5.308461465,655.1884108
NLA12_UT-102,17.23,52.29207433,2.320766281,8.841153804,203.30265
NLA12_UT-103,50.68,47.69989533,2.171447675,7.803076836,582.6752053
NLA12_UT-104,26.29,60.80994616,2.63157421,11.07653864,289.4372245
NLA12_UT-105,22.87,51.03135095,2.258693116,8.598076912,263.0670014
NLA12_UT-108,19.38,43.50567727,2.05099405,6.935769392,229.9320138
NLA12_UT-109,18.16,48.01072975,2.123932318,7.506153987,231.2675474
NLA12_UT-110,12.46,57.05820497,2.408099076,9.92115371,148.916535
NLA12_UT-112,64.45,39.43968022,1.885731374,5.432307601,742.6358842
NLA12_UT-118,53.56,29.32441144,1.508862186,0.910384701,657.9135833
NLA12_UT-122,50.95,30.25699469,1.550359673,1.300384586,608.7102968
NLA12_UT-125,54.64,35.64026265,1.723462155,4.429615369,634.522154
NLA12_UT-126,90.88,37.79802603,1.873227241,4.316923123,990.9290878
NLA12_UT-128,27.41,68.23598137,2.840236705,12.6957692,301.2162144
NLA12_UT-137,48.61,40.23248653,2.045332316,6.634999972,599.3446906
NLA12_UT-141,14.15,55.13825649,2.456701324,10.07538464,159.9206718
NLA12_UT-147,70.52,35.22574193,1.732446932,3.517307703,785.584731
NLA12_UT-148,24.82,55.05960176,2.495916474,9.445769045,281.9574567
NLA12_UT-159,61.84,32.01973828,1.607342375,2.154615458,759.6726449
NLA12_UT-160,21.05,49.64475916,2.245419887,8.160384454,256.29234
NLA12_UT-165,52.11,33.2309416,1.655430294,3.290000072,606.6727954
NLA12_UT-167,12.94,56.83289682,2.430208148,10.15153839,153.9279302
NLA12_UT-169,24.43,50.50949226,2.315011419,8.797307693,295.967885
NLA12_UT-173,22.64,75.65020597,3.403843658,15.71423081,286.2793553
NLA12_UT-186,46.43,40.16171145,1.958788915,6.092692321,581.7254307
NLA12_UT-196,44.28,36.81015174,1.802882988,4.430769278,547.3025737
NLA12_UT-203,67.94,37.60172239,1.84058916,4.63653856,826.2221874
NLA12_UT-210,31.55,46.63187843,2.19080328,8.096153809,436.6482726
NLA12_UT-218,32.62,49.32707296,2.249020762,8.466153823,365.4777054
NLA12_UT-222,32.28,47.82262053,2.221516872,8.474230839,401.1991783
NLA12_UT-229,30.84,37.91103653,1.787898554,4.587692243,366.6624327
NLA12_UT-260,58.20,34.26852059,1.658120564,3.822692302,682.9109218
NLA12_UT-264,40.54,34.62195219,1.670754718,3.819615273,501.810061
NLA12_UT-290,13.40,55.92313705,2.379778484,9.670384701,152.3603136
NLA12_UT-294,38.21,51.77760563,2.329985919,9.121538254,447.1244011
NLA12_UT-324,57.78,34.03946915,1.691407034,3.003461637,750.4424318
NLA12_UT-325,31.00,50.55031053,2.27718512,8.588846207,368.6583591
NLA12_UT-343,38.53,34.31213989,1.65924437,3.144999962,460.081167
NLA12_UT-359,10.45,55.93668267,2.426175329,9.375384422,130.1051181
NLA12_UT-374,16.10,50.89510855,2.258842403,8.822307605,212.5982968
NLA12_UT-392,21.42,60.56983084,2.659874456,11.38923088,260.2281957
NLA12_UT-397,35.45,42.91070115,2.098331206,7.032692268,414.6962921
NLA12_UT-400,28.81,47.83052537,2.175207484,8.02384626,346.9258834
NLA12_UT-409,26.60,69.84821965,2.927814987,13.11346159,300.8052118
NLA12_UT-412,29.41,38.83382207,1.823902316,4.876923065,370.8881831
NLA12_UT-424,53.14,32.72983866,1.58453077,2.456923155,611.0886886
NLA12_VA-101,79.50,72.04583866,3.20880168,15.55038471,938.862972
NLA12_VA-102,83.34,72.6619473,3.285760183,15.7884615,993.1116145
NLA12_VA-103,87.25,67.8709969,3.091489988,14.20346148,921.3874799
NLA12_VA-104,96.20,61.53753163,2.863399344,13.16884613,1219.110929
NLA12_VA-105,80.86,71.30928681,3.213662297,15.1738463,920.5204636
NLA12_VA-106,99.92,74.8852431,3.536785521,16.47076937,1144.425546
NLA12_VA-108,86.06,70.53972712,3.170613966,15.18615404,1038.516934
NLA12_VA-109,90.71,67.50106703,3.060069581,14.58653872,1159.741136
NLA12_VA-110,83.74,72.54511457,3.215934629,15.15846159,904.4066251
NLA12_VA-111,96.23,74.90969714,3.401957965,16.34961521,1153.049097
NLA12_VA-112,101.69,74.58166604,3.487476389,16.5919232,1111.855819
NLA12_VA-114,93.98,68.3318052,3.062199728,14.57884624,1152.998934
NLA12_VA-116,95.29,66.32922429,3.059117621,14.34653847,1149.266488
NLA12_VA-118,92.40,70.35506541,3.159739475,14.683846,1024.650771
NLA12_VA-119,100.06,74.25387714,3.567117106,16.3926922,1105.474486
NLA12_VA-121,82.03,76.07257376,3.423443394,16.52692311,912.1864939
NLA12_VA-123,105.70,77.07450739,3.667099073,17.24538444,1086.170873
NLA12_VA-125,122.50,59.70943668,2.88027677,13.05038452,1567.361248
NLA12_VA-126,80.90,59.23658367,2.762208626,12.29538476,1030.486756
NLA12_VA-127,90.63,75.14215437,3.369471757,16.24653835,1054.293411
NLA12_VA-130,97.15,67.80524481,3.075011794,14.39615384,1151.758211
NLA12_VA-R01,81.57,59.01545797,2.823906007,12.60230785,1010.49457
NLA12_VA-R05,97.41,74.41036639,3.488344584,16.29269233,1122.9276
NLA12_VA-R06,100.86,75.02513616,3.609239092,16.57115382,1096.45002
NLA12_VA-R14,85.44,66.81881777,3.104361248,14.41730789,1057.168575
NLA12_VA-R17,113.85,52.11139257,2.581757021,10.7426923,1408.040068
NLA12_VA-R18,93.79,74.17485385,3.508184089,16.23153841,1054.16195
NLA12_VT-101,81.83,47.18390269,2.321710402,7.120769355,961.8535463
NLA12_VT-102,95.01,46.68717884,2.317187357,6.855769249,1084.844428
NLA12_VT-103,71.77,56.8294126,2.671936599,10.00038468,825.8521502
NLA12_VT-104,87.74,47.87272217,2.380585208,7.76346137,981.5716614
NLA12_VT-106,87.72,46.25872159,2.318280112,6.659999958,1096.860166
NLA12_VT-109,110.51,48.72897143,2.471985249,8.368846197,1287.495524
NLA12_VT-110,99.92,48.27661802,2.379356155,7.444999878,1175.207512
NLA12_VT-112,89.57,51.94832937,2.48979343,8.715384566,1052.057217
NLA12_VT-114,107.13,43.73113294,2.209164516,5.63307687,1275.657084
NLA12_VT-115,92.68,45.10406906,2.255202306,6.284230653,1073.40292
NLA12_VT-119,85.23,51.46299761,2.48390708,8.97884633,960.8187878
NLA12_VT-120,108.87,45.94655355,2.321244567,7.617307801,1232.66391
NLA12_VT-121,107.69,48.48000351,2.431300319,8.213461389,1236.809767
NLA12_VT-123,88.82,48.17584068,2.370150011,7.411153776,1010.98808
NLA12_VT-124,83.76,53.70360636,2.548989651,9.311538458,947.0919392
NLA12_VT-125,130.82,43.90403635,2.258774161,6.788461502,1496.339256
NLA12_VT-126,88.50,47.85491579,2.360590788,7.308461519,973.5964037
NLA12_VT-129,99.92,48.27661802,2.379356155,7.444999878,1202.767777
NLA12_VT-130,86.78,48.85619094,2.416697918,7.895769119,1020.327904
NLA12_VT-131,84.60,54.92864772,2.594367803,9.916153927,975.0213453
NLA12_VT-132,100.12,46.027765,2.322016063,7.520769156,1120.193929
NLA12_VT-134,88.37,46.45932545,2.324527127,6.752307911,1024.307141
NLA12_VT-135,80.07,53.5455842,2.544345126,9.446538412,915.2504781
NLA12_VT-138,88.94,47.904318,2.351334672,7.188076936,1059.836493
NLA12_VT-139,85.38,46.81149567,2.378593016,7.305000067,964.8945967
NLA12_VT-141,126.99,44.32926704,2.303996192,7.067307729,1471.940311
NLA12_VT-143,83.06,47.28996699,2.364065538,7.214615291,970.4422928
NLA12_VT-144,80.57,52.21431629,2.511893934,9.066153866,942.2853455
NLA12_VT-149,95.56,45.94412974,2.303488477,6.533076891,1140.717232
NLA12_VT-150,82.38,45.87052457,2.304280057,6.595384488,949.3424265
NLA12_VT-151,77.43,54.48874549,2.574707667,9.673461601,881.4909379
NLA12_VT-152,82.27,48.08033857,2.403497945,7.710000076,968.9874723
NLA12_VT-153,113.02,46.91648344,2.39809112,7.734230775,1309.959277
NLA12_VT-155,86.01,47.06574261,2.362654815,7.421153674,988.2177857
NLA12_VT-157,124.58,44.80270743,2.284997802,7.024999985,1384.115371
NLA12_VT-158,105.89,42.3522908,2.161953583,5.200384507,1245.876327
NLA12_VT-159,87.90,46.22229163,2.300081162,6.711153764,1005.019752
NLA12_VT-161,99.80,50.41921243,2.480539634,8.015000197,1182.568852
NLA12_VT-162,86.13,50.60548079,2.427508554,8.232307746,987.0479333
NLA12_VT-163,83.91,53.74382939,2.550752103,9.604999983,964.5124341
NLA12_VT-164,96.80,48.25632307,2.39679384,8.383846155,1110.76199
NLA12_VT-165,95.07,45.67007013,2.307429239,6.474230656,1125.377548
NLA12_VT-166,87.81,48.39420952,2.367508477,7.514230802,1002.202454
NLA12_VT-168,82.85,49.79382583,2.433306999,8.186538366,963.3433343
NLA12_VT-169,101.21,44.28164264,2.237073604,6.229615395,1182.048507
NLA12_VT-171,98.30,50.77372879,2.508587802,8.828076858,1107.709551
NLA12_VT-174,87.91,48.74969019,2.426032846,8.374615513,988.3397971
NLA12_VT-175,87.77,47.33759369,2.341362504,7.048461345,1027.501399
NLA12_VT-177,82.87,50.27936981,2.42245983,7.89461532,988.6278937
NLA12_VT-178,79.87,56.00658067,2.616200057,9.894999798,914.0600605
NLA12_VT-R01,102.10,44.66888607,2.258470966,6.153076906,1167.244913
NLA12_VT-R02,93.19,49.62610879,2.449932147,8.755769235,1081.02091
NLA12_WA-101,166.64,45.30405229,2.565788029,9.631153767,1863.365916
NLA12_WA-102,139.45,40.87874688,2.292204211,6.289230823,1841.458297
NLA12_WA-103,92.67,48.92666198,2.608415248,9.887307516,1036.206181
NLA12_WA-104,15.44,58.60120495,2.624803587,10.40884637,172.7124096
NLA12_WA-106,132.10,48.81588525,2.642310401,9.798076776,1564.408557
NLA12_WA-107,129.34,52.58883671,2.821751098,11.1203846,1420.358586
NLA12_WA-108,60.36,47.17782604,2.317288478,7.214615346,734.9557618
NLA12_WA-109,122.47,48.51286051,2.550432525,9.499615247,1402.955314
NLA12_WA-110,118.46,47.2523319,2.541693965,9.356538351,1280.864269
NLA12_WA-111,26.09,56.21977143,2.623819515,9.451538682,297.774874
NLA12_WA-112,59.87,46.1606518,2.32741186,6.836153947,714.6413138
NLA12_WA-114,129.95,48.15160413,2.573875947,9.698076817,1452.314287
NLA12_WA-115,68.21,48.24056459,2.409901756,7.20769233,774.2937412
NLA12_WA-116,15.61,59.06511918,2.689743907,10.68576912,170.5265525
NLA12_WA-118,109.85,48.43559418,2.61059838,9.730384716,1320.589424
NLA12_WA-120,53.32,49.31679828,2.428192269,7.706538512,607.4309999
NLA12_WA-121,87.93,50.32924628,2.663914971,10.45038462,992.5480227
NLA12_WA-124,34.76,52.90503987,2.581077281,8.559230786,391.2178602
NLA12_WA-125,200.21,46.72458048,2.594138348,9.827692435,2244.392058
NLA12_WA-126,111.61,41.78072836,2.175527924,5.50423093,1229.615349
NLA12_WA-129,209.79,42.13827822,2.360926957,7.302692266,2412.659961
NLA12_WA-131,34.18,50.02155595,2.410733638,7.52076913,404.0396477
NLA12_WA-133,57.71,47.2255093,2.512734923,9.800000043,601.322117
NLA12_WA-138,98.77,51.50180455,2.727022,10.65076918,1117.213453
NLA12_WA-141,112.04,49.13217524,2.618862217,10.00384611,1245.424748
NLA12_WA-146,156.15,37.86106528,2.203077369,5.467692256,1753.879069
NLA12_WA-147,29.12,53.61803493,2.570047956,8.728077136,333.786565
NLA12_WA-151,238.21,46.02559206,2.526494013,8.114615505,2812.795132
NLA12_WA-154,73.95,49.91966388,2.687331857,10.21500006,824.2584452
NLA12_WA-157,226.07,48.0006473,2.611615048,9.264230838,2544.837483
NLA12_WA-159,19.69,55.1761931,2.563138148,9.757307777,224.797817
NLA12_WA-R08,14.85,58.55925397,2.658738854,10.35384614,163.412931
NLA12_WA-R09,18.23,58.26519152,2.681269605,10.10653852,209.8192526
NLA12_WA-R10,15.61,59.06511918,2.689743907,10.68576912,172.0464072
NLA12_WA-R11,197.91,39.53826642,2.229011294,5.851923181,2505.499673
NLA12_WI-101,60.44,60.66865748,2.499876596,10.48499993,663.527975
NLA12_WI-102,62.20,59.53105131,2.46942762,10.26230767,699.8063058
NLA12_WI-103,55.54,55.58843506,2.307749528,8.655769275,695.0770629
NLA12_WI-104,64.53,47.7221324,2.086645897,6.376923066,732.9108027
NLA12_WI-106,62.46,50.85798067,2.174724649,7.315000297,756.044874
NLA12_WI-107,63.84,59.71859634,2.417645894,10.1680771,709.6317579
NLA12_WI-108,56.19,54.57977625,2.236286072,8.299999989,698.8096503
NLA12_WI-109,55.82,49.46698781,2.147452209,6.88346143,647.2599927
NLA12_WI-110,60.89,56.99815754,2.332514795,9.242307791,684.2737877
NLA12_WI-111,57.42,54.15815896,2.292426769,8.609230702,652.0871561
NLA12_WI-112,51.72,50.59266659,2.166053313,7.390384729,595.599185
NLA12_WI-113,70.34,58.62043425,2.376490099,9.73499997,773.8369751
NLA12_WI-115,60.53,48.80562966,2.121509799,6.757307676,698.7035904
NLA12_WI-117,64.16,57.89682176,2.347693811,9.377307672,671.8711688
NLA12_WI-120,66.89,60.1209811,2.577999604,10.8311539,742.2564223
NLA12_WI-122,56.81,61.5655136,2.472159422,10.73384622,654.7514051
NLA12_WI-127,52.36,58.60566411,2.375086375,9.589230665,630.1383775
NLA12_WI-128,60.75,56.24768675,2.349835356,9.154615237,664.2089006
NLA12_WI-129,58.95,55.19590981,2.415886657,9.435000016,644.710488
NLA12_WI-131,63.68,47.93486925,2.085054084,6.400384673,718.8656764
NLA12_WI-132,56.67,52.52736332,2.338796687,8.606153746,619.4439055
NLA12_WI-133,80.20,54.9207506,2.420430586,9.2123076,898.5583886
NLA12_WI-134,60.31,60.12106664,2.483430572,10.38807675,666.0411745
NLA12_WI-135,65.83,50.21444775,2.118139692,7.010769147,767.878251
NLA12_WI-136,59.92,59.52535116,2.468274124,10.25384606,681.6428819
NLA12_WI-138,54.85,50.80705847,2.187549126,7.349615336,636.3771477
NLA12_WI-140,62.16,60.34358337,2.483729348,10.43230768,686.9593925
NLA12_WI-142,71.42,48.78629636,2.101381716,6.561923192,849.867675
NLA12_WI-144,57.73,50.77412135,2.199579867,7.48423084,651.4475222
NLA12_WI-147,60.08,51.58145267,2.141488276,7.383846311,726.9717274
NLA12_WI-151,67.91,49.96424093,2.135013178,6.97000001,812.9993825
NLA12_WI-152,57.42,59.75026981,2.509848253,10.66230775,651.8218308
NLA12_WI-153,59.13,60.76312373,2.438706385,10.17692316,724.6590052
NLA12_WI-154,69.02,48.1784738,2.132321267,6.616923103,778.3519912
NLA12_WI-155,52.77,54.95283786,2.26613097,8.417692276,644.4936029
NLA12_WI-157,59.79,57.69162126,2.410391312,9.624615413,687.5873598
NLA12_WI-161,61.18,57.516967,2.347837076,9.391923171,683.9926497
NLA12_WI-163,67.38,50.91411656,2.160341862,7.105384799,842.2859624
NLA12_WI-166,51.97,59.5215415,2.40972172,10.15038467,599.3434503
NLA12_WI-168,59.05,59.46350154,2.52338695,10.68653862,674.6137682
NLA12_WI-170,61.91,47.9384442,2.096509142,6.438077139,723.8037967
NLA12_WI-171,60.54,55.5719378,2.263627409,8.543076771,746.6925413
NLA12_WI-172,62.56,59.27610209,2.40945679,10.06999997,694.4356622
NLA12_WI-173,63.46,57.8832153,2.372891223,9.573461715,722.1896454
NLA12_WI-174,61.91,48.18132069,2.095304052,6.426923111,708.5177983
NLA12_WI-176,59.15,51.69294695,2.204188985,7.878846223,656.9320423
NLA12_WI-179,58.75,48.49027229,2.11592515,6.592307688,676.0774279
NLA12_WI-181,71.32,54.69649001,2.473527459,9.414615585,803.9672333
NLA12_WI-183,63.75,48.65912449,2.111028746,6.50576929,770.0810161
NLA12_WI-188,63.67,60.44992863,2.500889037,10.58192309,706.3809434
NLA12_WI-R06,64.86,47.68469137,2.084141724,6.377692196,750.3286114
NLA12_WI-R08,62.98,51.97761183,2.222550947,7.899615564,724.2399195
NLA12_WI-R11,58.67,48.53261597,2.127864833,6.808846199,647.5651173
NLA12_WI-R12,58.75,48.62342776,2.10686045,6.616153799,699.9308495
NLA12_WI-R13,59.60,48.85343111,2.119537352,6.770769193,697.6589008
NLA12_WV-101,110.66,52.19787856,2.544346513,10.10884621,1310.480278
NLA12_WV-102,103.63,61.8527266,2.847611142,12.82153865,1222.036715
NLA12_WV-105,114.50,62.35252414,2.863246527,13.13653854,1358.998661
NLA12_WV-106,104.45,61.28542138,2.842709696,12.67307696,1226.968719
NLA12_WV-111,115.74,59.84977099,2.744892472,12.06346149,1375.351698
NLA12_WV-112,89.45,64.84692418,2.902023514,13.32499976,1056.913367
NLA12_WV-113,79.56,55.28088523,2.635484292,11.32692319,998.6874738
NLA12_WV-115,73.74,56.76362251,2.686200997,11.52846158,902.0249124
NLA12_WV-R01,115.66,57.01767035,2.694307045,11.78807672,1381.664138
NLA12_WY-101,17.20,54.31519499,2.260642613,8.986153694,212.4367322
NLA12_WY-102,32.40,54.77300012,2.245053056,9.099615353,385.647408
NLA12_WY-103,23.16,36.92284443,1.780776681,2.937307743,264.1036527
NLA12_WY-104,23.32,55.12538644,2.282697438,8.9203847,287.9985039
NLA12_WY-105,9.14,42.00182734,1.906161837,4.31615371,103.5673239
NLA12_WY-107,22.64,54.26908821,2.261325885,9.45269238,275.6934115
NLA12_WY-115,22.39,41.68761117,1.960976781,5.72499996,272.7959744
NLA12_WY-116,47.36,34.43578262,1.620618223,2.467307613,548.1945937
NLA12_WY-117,49.06,32.97853581,1.598280387,2.087692269,642.9832686
NLA12_WY-120,37.82,34.2078487,1.683579169,2.222307774,507.4098094
NLA12_WY-124,64.21,37.96207286,1.915308923,3.239615312,777.5168442
NLA12_WY-125,82.33,29.53279659,1.462755929,0.260000064,876.008309
NLA12_WY-130,13.46,52.54725558,2.223414632,8.240769294,156.9037367
NLA12_WY-131,21.85,39.7668783,1.878632943,4.484230702,235.6275711
NLA12_WY-133,61.05,29.48173241,1.469397024,0.327307702,652.0098209
NLA12_WY-135,28.60,46.47530529,2.007689972,7.202692381,327.449841
NLA12_WY-137,17.20,54.31519499,2.260642613,8.986153694,212.4367322
NLA12_WY-147,5.85,43.81763391,1.974704091,5.153461475,58.89681761
NLA12_WY-151,55.32,35.30163904,1.703963022,3.179999956,649.0145258
NLA12_WY-R01,44.52,39.18676868,1.902206482,3.652692208,987.1420368
NLA12_WY-R02,24.85,36.25635766,1.758788776,2.855769157,296.6977574
NLA12_WY-R04,46.26,32.97809656,1.701777206,1.168846149,562.9566208
NLA12_WY-R08,74.41,31.68154484,1.611379419,1.402692217,852.0263931
