SITE_ID,phdi_nla12_WY_AVG
NLA12_ME-R07,2.568461538
NLA12_ME-R06,2.568461538
NLA12_ME-R10,2.568461538
NLA12_ME-R15,2.568461538
NLA12_ME-R03,2.568461538
NLA12_ME-R08,0.751538462
NLA12_ME-R11,0.896923077
NLA12_ME-R02,0.896923077
NLA12_NH-R04,1.291538462
NLA12_CT-102,-0.064615385
NLA12_CT-107,-0.466153846
NLA12_MA-103,0.246153846
NLA12_MA-104,0.746153846
NLA12_MA-104,1.291538462
NLA12_MA-105,0.746153846
NLA12_MA-106,0.746153846
NLA12_MA-108,0.273076923
NLA12_MA-109,0.746153846
NLA12_MA-110,0.246153846
NLA12_ME-101,0.751538462
NLA12_ME-102,2.568461538
NLA12_ME-103,2.568461538
NLA12_ME-104,2.568461538
NLA12_ME-105,2.568461538
NLA12_ME-106,2.568461538
NLA12_ME-107,0.896923077
NLA12_ME-108,2.568461538
NLA12_ME-109,0.751538462
NLA12_ME-110,0.751538462
NLA12_ME-111,2.568461538
NLA12_ME-112,0.751538462
NLA12_ME-113,0.751538462
NLA12_ME-114,0.751538462
NLA12_ME-115,2.568461538
NLA12_ME-116,2.568461538
NLA12_ME-118,0.896923077
NLA12_ME-119,2.568461538
NLA12_ME-120,2.568461538
NLA12_ME-121,0.751538462
NLA12_ME-122,0.896923077
NLA12_ME-124,2.568461538
NLA12_ME-126,0.896923077
NLA12_ME-127,2.568461538
NLA12_ME-129,0.751538462
NLA12_ME-130,0.751538462
NLA12_ME-131,2.568461538
NLA12_ME-134,0.751538462
NLA12_ME-135,2.568461538
NLA12_ME-136,2.568461538
NLA12_ME-137,0.751538462
NLA12_NH-101,1.291538462
NLA12_NH-102,1.315384615
NLA12_NH-103,1.291538462
NLA12_NH-104,1.291538462
NLA12_NH-105,1.291538462
NLA12_NH-106,1.315384615
NLA12_NH-107,1.291538462
NLA12_NH-108,1.291538462
NLA12_NH-109,1.291538462
NLA12_NH-111,0.751538462
NLA12_NH-111,0.896923077
NLA12_NH-111,1.291538462
NLA12_NH-112,1.291538462
NLA12_NH-113,1.291538462
NLA12_NH-115,1.291538462
NLA12_RI-110,0.273076923
NLA12_RI-113,0.273076923
NLA12_VT-101,2.046923077
NLA12_VT-106,2.046923077
NLA12_VT-109,1.552307692
NLA12_VT-113,2.046923077
NLA12_VT-115,2.046923077
NLA12_MA-101,0.273076923
NLA12_MA-111,0.273076923
NLA12_RI-111,0.273076923
NLA12_NY-0103,-0.064615385
NLA12_NY-0103,1.683846154
NLA12_VT-R01,2.046923077
NLA12_NY-R02,2.474615385
NLA12_VT-R02,1.95
NLA12_NY-R06,1.683846154
NLA12_NY-0110,2.474615385
NLA12_NY-R03,2.474615385
NLA12_NY-0111,0.746923077
NLA12_NY-R11,3.327692308
NLA12_NJ-R01,0.590769231
NLA12_NY-0108,1.683846154
NLA12_CT-127,-0.137692308
NLA12_VT-104,1.95
NLA12_CT-101,-0.137692308
NLA12_CT-103,-0.064615385
NLA12_CT-104,-0.137692308
NLA12_CT-105,-0.064615385
NLA12_CT-106,-0.466153846
NLA12_CT-108,-0.064615385
NLA12_CT-113,-0.137692308
NLA12_CT-115,-0.137692308
NLA12_CT-116,-0.137692308
NLA12_CT-118,-0.137692308
NLA12_CT-120,-0.137692308
NLA12_CT-126,-0.137692308
NLA12_MA-102,0.746153846
NLA12_PA-102,1.091538462
NLA12_PA-106,3.424615385
NLA12_PA-106,2.343846154
NLA12_PA-112,1.091538462
NLA12_PA-117,2.343846154
NLA12_RI-101,0.273076923
NLA12_RI-102,0.273076923
NLA12_RI-104,0.273076923
NLA12_RI-105,0.273076923
NLA12_RI-107,0.273076923
NLA12_RI-109,0.273076923
NLA12_RI-112,0.273076923
NLA12_VT-102,2.046923077
NLA12_VT-110,2.046923077
NLA12_VT-112,1.95
NLA12_VT-114,2.046923077
NLA12_NJ-101,0.590769231
NLA12_NJ-102,0.590769231
NLA12_NJ-103,0.590769231
NLA12_NJ-105,0.590769231
NLA12_NJ-106,0.590769231
NLA12_NJ-107,0.590769231
NLA12_NJ-118,0.590769231
NLA12_NJ-108,-0.013846154
NLA12_PA-R10,2.36
NLA12_NY-R07,3.327692308
NLA12_NY-0112,0.800769231
NLA12_VA-R18,-0.066923077
NLA12_VA-R05,-0.066923077
NLA12_VA-R14,-0.728461538
NLA12_DE-101,-0.462307692
NLA12_DE-102,-3.421538462
NLA12_DE-107,-3.421538462
NLA12_PA-103,3.424615385
NLA12_PA-105,3.856923077
NLA12_PA-108,1.091538462
NLA12_DE-103,-3.421538462
NLA12_DE-121,-3.421538462
NLA12_MD-101,0.863076923
NLA12_MD-102,0.225384615
NLA12_MD-104,-3.054615385
NLA12_MD-105,-3.054615385
NLA12_MD-108,0.225384615
NLA12_MD-115,-0.69
NLA12_MD-118,-1.003076923
NLA12_NC-103,-2.876923077
NLA12_NC-104,-1.141538462
NLA12_NC-107,-2.876923077
NLA12_NC-113,-1.995384615
NLA12_NC-114,-2.270769231
NLA12_NC-116,-1.995384615
NLA12_NC-117,-0.773846154
NLA12_NC-118,-2.270769231
NLA12_NC-119,-2.876923077
NLA12_NC-133,-1.995384615
NLA12_NC-134,-1.141538462
NLA12_PA-101,2.36
NLA12_PA-109,3.856923077
NLA12_PA-109,3.424615385
NLA12_PA-110,3.856923077
NLA12_PA-114,3.424615385
NLA12_PA-118,3.424615385
NLA12_VA-101,-0.527692308
NLA12_VA-102,-0.527692308
NLA12_VA-103,-0.509230769
NLA12_VA-105,-0.527692308
NLA12_VA-106,-0.066923077
NLA12_VA-107,-0.509230769
NLA12_VA-108,-0.527692308
NLA12_VA-109,0.346153846
NLA12_VA-110,-0.509230769
NLA12_VA-111,-0.066923077
NLA12_VA-112,-0.066923077
NLA12_VA-114,-0.728461538
NLA12_VA-116,-0.728461538
NLA12_VA-117,-0.527692308
NLA12_VA-118,-0.509230769
NLA12_VA-119,-0.066923077
NLA12_VA-121,-0.066923077
NLA12_VA-123,-0.066923077
NLA12_VA-124,-0.527692308
NLA12_VA-125,-0.728461538
NLA12_VA-126,0.346153846
NLA12_VA-127,-0.527692308
NLA12_VA-130,-0.527692308
NLA12_WV-113,1.303076923
NLA12_WV-115,1.303076923
NLA12_NJ-104,-0.013846154
NLA12_NJ-131,-0.013846154
NLA12_FL-R06,-1.411538462
NLA12_FL-R04,-2.796153846
NLA12_GA-R01,-4.251538462
NLA12_NC-102,-1.995384615
NLA12_NC-111,-2.761538462
NLA12_NC-115,-2.876923077
NLA12_NC-120,-2.876923077
NLA12_NC-124,-2.761538462
NLA12_NC-127,-2.761538462
NLA12_NC-132,-1.995384615
NLA12_SC-105,-3.304615385
NLA12_SC-106,-3.284615385
NLA12_SC-107,-3.284615385
NLA12_SC-114,-3.304615385
NLA12_SC-119,-3.284615385
NLA12_SC-124,-4.104615385
NLA12_SC-125,-4.146153846
NLA12_SC-126,-3.382307692
NLA12_SC-127,-4.146153846
NLA12_AL-106,-2.710769231
NLA12_FL-101,-2.040769231
NLA12_FL-101,-1.453846154
NLA12_FL-102,-2.040769231
NLA12_FL-103,-2.796153846
NLA12_FL-104,-2.796153846
NLA12_FL-105,-2.796153846
NLA12_FL-106,-2.796153846
NLA12_FL-107,-2.040769231
NLA12_FL-108,-3.705384615
NLA12_FL-109,-2.796153846
NLA12_FL-110,-2.040769231
NLA12_FL-114,-2.796153846
NLA12_FL-119,-2.040769231
NLA12_FL-123,-2.040769231
NLA12_FL-126,-2.040769231
NLA12_FL-130,-2.796153846
NLA12_FL-132,-1.453846154
NLA12_FL-135,-2.040769231
NLA12_FL-141,-3.705384615
NLA12_GA-101,-3.598461538
NLA12_GA-102,-4.935384615
NLA12_GA-103,-4.237692308
NLA12_GA-107,-4.585384615
NLA12_GA-111,-4.585384615
NLA12_GA-112,-4.251538462
NLA12_GA-116,-3.476153846
NLA12_GA-119,-4.935384615
NLA12_GA-120,-4.237692308
NLA12_GA-122,-4.251538462
NLA12_GA-123,-4.251538462
NLA12_GA-124,-3.475384615
NLA12_GA-125,-4.237692308
NLA12_GA-127,-3.476153846
NLA12_GA-127,-4.585384615
NLA12_NC-101,-0.291538462
NLA12_NC-101,-0.156923077
NLA12_NC-101,-2.270769231
NLA12_NC-108,-0.291538462
NLA12_SC-101,-3.382307692
NLA12_SC-102,-4.146153846
NLA12_SC-103,-1.876153846
NLA12_SC-104,-4.104615385
NLA12_SC-108,-4.104615385
NLA12_SC-109,-3.284615385
NLA12_SC-110,-3.284615385
NLA12_SC-112,-4.104615385
NLA12_SC-117,-3.284615385
NLA12_SC-118,-3.304615385
NLA12_SC-118,-4.146153846
NLA12_SC-121,-3.304615385
NLA12_AL-R03,-3.183846154
NLA12_MN-R14,-2.573076923
NLA12_MN-170,-2.573076923
NLA12_MI-R08,-2.766923077
NLA12_WI-R11,-2.060769231
NLA12_WI-R08,-2.060769231
NLA12_MI-R09,-2.766923077
NLA12_MI-129,1.096923077
NLA12_OH-R03,2.865384615
NLA12_AL-103,-2.048461538
NLA12_AL-104,-2.073846154
NLA12_GA-126,-1.925384615
NLA12_AL-102,-0.176153846
NLA12_AL-105,-2.710769231
NLA12_AL-107,-2.073846154
NLA12_AL-112,-1.44
NLA12_AL-113,-1.616153846
NLA12_AL-114,-2.048461538
NLA12_AL-R05,-1.44
NLA12_GA-104,-1.925384615
NLA12_GA-104,-2.768461538
NLA12_GA-118,-2.768461538
NLA12_MS-103,-1.106923077
NLA12_MS-112,-0.665384615
NLA12_MS-120,-0.665384615
NLA12_MS-121,-0.196923077
NLA12_MS-125,-0.196923077
NLA12_MS-128,-0.655384615
NLA12_IN-101,-0.15
NLA12_IN-103,-0.15
NLA12_IN-109,-0.15
NLA12_IN-113,-0.15
NLA12_IN-114,-0.15
NLA12_IN-120,-0.15
NLA12_IN-129,-0.429230769
NLA12_IN-133,-0.15
NLA12_IN-134,-0.429230769
NLA12_IN-145,-0.519230769
NLA12_IN-145,-0.15
NLA12_IN-149,-0.15
NLA12_IN-161,-0.519230769
NLA12_IN-172,-0.519230769
NLA12_IN-177,-0.15
NLA12_IN-181,-0.15
NLA12_IN-185,-0.15
NLA12_IN-186,-0.15
NLA12_IN-187,-0.15
NLA12_IN-196,-0.519230769
NLA12_IN-197,-0.15
NLA12_IN-199,-0.15
NLA12_MI-148,-2.766923077
NLA12_MI-149,-0.041538462
NLA12_MI-150,-1.473076923
NLA12_MI-151,0.892307692
NLA12_MI-152,0.111538462
NLA12_MI-154,0.162307692
NLA12_MI-155,0.892307692
NLA12_MI-157,0.361538462
NLA12_MI-159,1.260769231
NLA12_MI-161,-0.041538462
NLA12_MI-101,0.111538462
NLA12_MI-102,0.361538462
NLA12_MI-103,0.162307692
NLA12_MI-104,0.111538462
NLA12_MI-105,0.361538462
NLA12_MI-106,-0.041538462
NLA12_MI-107,-0.041538462
NLA12_MI-108,0.111538462
NLA12_MI-109,0.892307692
NLA12_MI-110,1.260769231
NLA12_MI-111,1.260769231
NLA12_MI-112,0.892307692
NLA12_MI-113,1.096923077
NLA12_MI-114,1.260769231
NLA12_MI-115,0.111538462
NLA12_MI-116,-2.766923077
NLA12_MI-117,1.260769231
NLA12_MI-118,-2.766923077
NLA12_MI-120,0.111538462
NLA12_MI-122,0.162307692
NLA12_MI-123,0.892307692
NLA12_MI-124,0.361538462
NLA12_MI-125,-2.766923077
NLA12_MI-126,0.162307692
NLA12_MI-128,0.111538462
NLA12_MI-130,-0.041538462
NLA12_MI-131,1.260769231
NLA12_MI-132,-2.766923077
NLA12_MI-133,-0.041538462
NLA12_MI-135,1.260769231
NLA12_MI-136,1.096923077
NLA12_MI-137,-2.766923077
NLA12_MI-138,-1.473076923
NLA12_MI-139,0.892307692
NLA12_MI-141,-2.766923077
NLA12_MI-142,1.096923077
NLA12_MI-144,0.111538462
NLA12_MI-145,1.096923077
NLA12_MI-162,-1.473076923
NLA12_MI-163,1.260769231
NLA12_MI-164,-2.766923077
NLA12_MI-165,-0.041538462
NLA12_MI-166,-1.473076923
NLA12_MI-167,0.892307692
NLA12_MI-168,0.892307692
NLA12_MI-169,-2.766923077
NLA12_MI-170,0.162307692
NLA12_MI-171,0.892307692
NLA12_MI-172,0.892307692
NLA12_MI-173,0.361538462
NLA12_MI-174,0.073076923
NLA12_MI-176,-2.766923077
NLA12_MI-177,-0.041538462
NLA12_MI-178,-1.473076923
NLA12_NY-0106,0.746923077
NLA12_MN-102,-2.573076923
NLA12_MN-109,-2.573076923
NLA12_MN-154,-2.573076923
NLA12_MN-166,-2.573076923
NLA12_MN-179,-2.573076923
NLA12_MS-105,-0.473076923
NLA12_MS-110,-0.473076923
NLA12_MS-126,-1.106923077
NLA12_OH-104,4.008461538
NLA12_OH-107,2.865384615
NLA12_OH-112,4.008461538
NLA12_OH-117,2.865384615
NLA12_OH-118,4.008461538
NLA12_OH-120,2.865384615
NLA12_OH-132,4.008461538
NLA12_OH-136,2.865384615
NLA12_WI-107,-1.372307692
NLA12_WI-110,-0.037692308
NLA12_WI-111,-2.060769231
NLA12_WI-112,-2.060769231
NLA12_WI-113,-0.037692308
NLA12_WI-117,-0.037692308
NLA12_WI-120,-0.493846154
NLA12_WI-128,-2.060769231
NLA12_WI-129,-0.493846154
NLA12_WI-132,0.915384615
NLA12_WI-133,0.915384615
NLA12_WI-135,-1.356153846
NLA12_WI-142,-0.826923077
NLA12_WI-144,-2.060769231
NLA12_WI-145,-0.493846154
NLA12_WI-154,-2.060769231
NLA12_WI-161,-0.037692308
NLA12_WI-163,-1.356153846
NLA12_WI-176,-2.060769231
NLA12_WI-181,0.915384615
NLA12_NY-0101,0.800769231
NLA12_NY-0101,0.900769231
NLA12_NY-0109,0.393076923
NLA12_NY-R04,0.393076923
NLA12_NY-0107,0.746923077
NLA12_OH-101,1.716923077
NLA12_VA-R01,1.109230769
NLA12_OH-R02,2.865384615
NLA12_IL-105,-0.313846154
NLA12_IL-110,-2.197692308
NLA12_IL-111,-0.313846154
NLA12_IN-102,-0.519230769
NLA12_IN-104,0.153846154
NLA12_IN-106,-0.519230769
NLA12_IN-106,-0.15
NLA12_MD-103,1.088461538
NLA12_MD-107,1.088461538
NLA12_OH-103,1.743076923
NLA12_OH-106,1.743076923
NLA12_OH-110,1.363076923
NLA12_OH-113,1.363076923
NLA12_OH-115,1.743076923
NLA12_OH-115,1.716923077
NLA12_OH-123,1.363076923
NLA12_OH-135,1.497692308
NLA12_OH-137,2.865384615
NLA12_PA-107,1.473076923
NLA12_PA-111,0.975384615
NLA12_PA-113,0.975384615
NLA12_PA-115,1.473076923
NLA12_PA-119,1.473076923
NLA12_WV-101,0.243076923
NLA12_WV-102,1.310769231
NLA12_WV-106,1.310769231
NLA12_WV-111,1.310769231
NLA12_WV-114,1.310769231
NLA12_IN-108,-0.429230769
NLA12_IN-108,-0.519230769
NLA12_IN-110,-0.519230769
NLA12_IN-111,0.198461538
NLA12_IN-112,-0.767692308
NLA12_IN-115,0.623846154
NLA12_IN-116,0.623846154
NLA12_IN-117,0.181538462
NLA12_IN-122,-0.767692308
NLA12_IN-124,0.181538462
NLA12_IN-126,0.968461538
NLA12_IN-127,0.623846154
NLA12_IN-128,-0.519230769
NLA12_IN-131,-0.767692308
NLA12_IN-132,-0.519230769
NLA12_IN-135,0.153846154
NLA12_IN-136,-0.15
NLA12_IN-137,0.153846154
NLA12_IN-138,-0.767692308
NLA12_IN-140,0.198461538
NLA12_IN-142,0.968461538
NLA12_IN-143,0.181538462
NLA12_IN-144,-0.15
NLA12_IN-146,0.623846154
NLA12_IN-147,0.181538462
NLA12_IN-155,0.153846154
NLA12_IN-156,0.198461538
NLA12_IN-158,0.153846154
NLA12_IN-159,0.181538462
NLA12_IN-160,-0.519230769
NLA12_IN-162,0.181538462
NLA12_IN-163,0.181538462
NLA12_IN-164,-0.519230769
NLA12_IN-168,0.968461538
NLA12_IN-170,0.968461538
NLA12_IN-171,0.623846154
NLA12_IN-174,0.153846154
NLA12_IN-179,0.181538462
NLA12_IN-180,0.153846154
NLA12_IN-183,0.153846154
NLA12_IN-184,0.181538462
NLA12_IN-191,0.968461538
NLA12_IN-193,0.181538462
NLA12_IN-194,0.153846154
NLA12_IN-195,-0.519230769
NLA12_IN-198,0.153846154
NLA12_IN-200,-0.767692308
NLA12_IN-201,0.153846154
NLA12_KY-101,1.433846154
NLA12_KY-103,1.433846154
NLA12_KY-107,1.866153846
NLA12_KY-114,0.101538462
NLA12_KY-115,-0.546923077
NLA12_OH-102,1.398461538
NLA12_OH-105,1.398461538
NLA12_OH-122,1.349230769
NLA12_OH-127,1.296923077
NLA12_TN-103,0.253846154
NLA12_TN-115,0.253846154
NLA12_TN-119,-1.087692308
NLA12_WV-103,0.243076923
NLA12_WV-105,1.287692308
NLA12_WV-112,1.287692308
NLA12_WV-R01,0.243076923
NLA12_IL-R04,0.530769231
NLA12_IL-R01,0.530769231
NLA12_IL-R03,0.530769231
NLA12_VA-R17,1.109230769
NLA12_TN-R01,0.968461538
NLA12_MN-R12,-3.078461538
NLA12_MN-R13,-2.965384615
NLA12_WI-R13,-0.826923077
NLA12_WI-R12,-0.826923077
NLA12_KY-122,1.866153846
NLA12_GA-105,-2.768461538
NLA12_IL-101,0.530769231
NLA12_IL-102,0.530769231
NLA12_IL-116,0.530769231
NLA12_IN-123,0.623846154
NLA12_IN-130,0.623846154
NLA12_IN-167,0.623846154
NLA12_IN-202,0.968461538
NLA12_KY-102,-0.546923077
NLA12_KY-106,1.866153846
NLA12_KY-110,1.866153846
NLA12_KY-116,-0.546923077
NLA12_KY-120,-0.546923077
NLA12_MN-101,-2.965384615
NLA12_MN-103,0.026153846
NLA12_MN-106,-0.683846154
NLA12_MN-108,-2.965384615
NLA12_MN-111,0.026153846
NLA12_MN-118,-1.361538462
NLA12_MN-122,-1.361538462
NLA12_MN-126,-2.965384615
NLA12_MN-132,-1.361538462
NLA12_MN-136,-0.683846154
NLA12_MN-144,0.026153846
NLA12_MN-148,-1.361538462
NLA12_MN-160,-1.361538462
NLA12_MN-162,-2.573076923
NLA12_MN-163,0.026153846
NLA12_MN-180,-0.683846154
NLA12_MN-181,-2.965384615
NLA12_NC-105,-0.291538462
NLA12_NC-109,-0.291538462
NLA12_TN-101,-1.087692308
NLA12_TN-104,1.109230769
NLA12_TN-104,0.968461538
NLA12_TN-108,-1.087692308
NLA12_TN-120,0.253846154
NLA12_VA-104,1.109230769
NLA12_MN-107,-1.361538462
NLA12_MN-110,0.026153846
NLA12_MN-112,-2.769230769
NLA12_MN-113,-0.6
NLA12_MN-114,-1.361538462
NLA12_MN-116,0.026153846
NLA12_MN-119,-0.683846154
NLA12_MN-119,1.233846154
NLA12_MN-121,-1.361538462
NLA12_MN-123,-0.683846154
NLA12_MN-133,-2.769230769
NLA12_MN-135,-1.361538462
NLA12_MN-145,0.026153846
NLA12_MN-147,0.026153846
NLA12_MN-152,-0.683846154
NLA12_MN-156,-0.6
NLA12_MN-167,-1.361538462
NLA12_SD-103,1.030769231
NLA12_SD-158,1.233846154
NLA12_WI-103,-1.356153846
NLA12_WI-106,-0.826923077
NLA12_WI-108,-1.356153846
NLA12_WI-119,-1.356153846
NLA12_WI-123,-1.356153846
NLA12_WI-127,-1.402307692
NLA12_WI-138,-0.826923077
NLA12_WI-147,-1.356153846
NLA12_WI-151,-1.356153846
NLA12_WI-153,-1.402307692
NLA12_WI-155,-1.356153846
NLA12_WI-171,-1.356153846
NLA12_WI-174,-0.826923077
NLA12_WI-183,-1.356153846
NLA12_WI-187,-1.356153846
NLA12_WI-R06,-0.826923077
NLA12_IA-R02,-0.298461538
NLA12_IA-R01,-0.298461538
NLA12_IA-150,-2.089230769
NLA12_IA-101,-2.680769231
NLA12_IA-103,-0.428461538
NLA12_IA-104,-1.270769231
NLA12_IA-105,-2.324615385
NLA12_IA-120,-2.680769231
NLA12_IA-123,-2.089230769
NLA12_IA-132,-3.437692308
NLA12_IA-134,-2.089230769
NLA12_IL-103,-2.582307692
NLA12_WI-101,-1.372307692
NLA12_WI-102,-0.493846154
NLA12_WI-104,-0.826923077
NLA12_WI-109,-0.826923077
NLA12_WI-115,-0.826923077
NLA12_WI-122,-0.446923077
NLA12_WI-131,-0.826923077
NLA12_WI-134,-1.372307692
NLA12_WI-136,-0.493846154
NLA12_WI-140,-1.372307692
NLA12_WI-152,-0.493846154
NLA12_WI-157,-0.446923077
NLA12_WI-166,-0.446923077
NLA12_WI-170,-0.826923077
NLA12_WI-172,-1.372307692
NLA12_WI-173,-0.446923077
NLA12_WI-179,-0.826923077
NLA12_WI-180,-2.060769231
NLA12_WI-188,-1.372307692
NLA12_IA-145,-0.428461538
NLA12_IA-106,-0.428461538
NLA12_IA-136,-2.680769231
NLA12_IL-104,-0.112307692
NLA12_IL-106,-0.112307692
NLA12_IL-108,-0.147692308
NLA12_IL-109,-1.556923077
NLA12_IL-112,0.530769231
NLA12_IL-114,-2.582307692
NLA12_IL-118,-0.112307692
NLA12_IL-120,-1.556923077
NLA12_IL-121,-0.112307692
NLA12_IL-123,-0.112307692
NLA12_IN-105,-0.429230769
NLA12_IN-105,-0.519230769
NLA12_IN-166,-0.429230769
NLA12_KY-104,-0.546923077
NLA12_KY-104,-1.212307692
NLA12_MO-104,-1.05
NLA12_MO-105,-1.05
NLA12_MO-107,-1.14
NLA12_MO-109,-2.119230769
NLA12_MO-116,-2.119230769
NLA12_MO-117,-1.05
NLA12_MO-120,-2.119230769
NLA12_MO-121,-1.05
NLA12_MO-122,-2.119230769
NLA12_MO-R01,-1.05
NLA12_MS-113,-0.655384615
NLA12_TN-102,-1.212307692
NLA12_TN-106,-1.212307692
NLA12_TN-113,-1.212307692
NLA12_TN-114,-1.212307692
NLA12_TN-118,-1.212307692
NLA12_TN-122,-1.212307692
NLA12_WI-168,-0.112307692
NLA12_WI-168,-0.493846154
NLA12_MS-R03,-0.216923077
NLA12_MN-R01,-3.078461538
NLA12_MN-138,-2.573076923
NLA12_MN-130,-2.573076923
NLA12_MN-178,-2.573076923
NLA12_LA-141,-0.886923077
NLA12_MS-119,-0.216923077
NLA12_AR-102,-1.476923077
NLA12_AR-103,-1.010769231
NLA12_LA-112,-1.203846154
NLA12_AR-105,-2.936153846
NLA12_AR-111,-1.010769231
NLA12_LA-101,-0.886923077
NLA12_LA-103,-0.886923077
NLA12_LA-106,-1.897692308
NLA12_LA-109,-1.897692308
NLA12_LA-134,-1.719230769
NLA12_LA-152,-0.886923077
NLA12_LA-172,-1.203846154
NLA12_MO-106,-1.05
NLA12_MO-106,-1.14
NLA12_MS-101,-0.868461538
NLA12_MS-102,-0.868461538
NLA12_MS-104,-1.769230769
NLA12_MS-106,-1.863076923
NLA12_MS-107,-1.863076923
NLA12_MS-114,-2.199230769
NLA12_MS-116,-1.863076923
NLA12_MS-123,-0.868461538
NLA12_MS-127,-0.868461538
NLA12_MN-104,-0.683846154
NLA12_MN-105,-2.573076923
NLA12_MN-115,-0.683846154
NLA12_MN-120,-3.078461538
NLA12_MN-127,-0.683846154
NLA12_MN-131,-3.078461538
NLA12_MN-137,-3.078461538
NLA12_MN-141,-0.683846154
NLA12_MN-143,-3.078461538
NLA12_MN-149,-3.078461538
NLA12_MN-150,-2.573076923
NLA12_MN-153,-3.078461538
NLA12_MN-157,-0.683846154
NLA12_MN-158,-3.078461538
NLA12_MN-171,-0.683846154
NLA12_ND-170,1.475384615
NLA12_ND-178,2.030769231
NLA12_ND-190,-0.226923077
NLA12_ND-194,1.475384615
NLA12_ND-198,2.030769231
NLA12_ND-199,2.030769231
NLA12_ND-199,3.486923077
NLA12_MT-103,1.506153846
NLA12_MT-104,0.279230769
NLA12_MT-106,1.506153846
NLA12_MT-107,1.506153846
NLA12_MT-108,1.506153846
NLA12_MT-110,-1.573076923
NLA12_MT-112,1.506153846
NLA12_MT-113,1.506153846
NLA12_MT-118,1.506153846
NLA12_MT-119,1.506153846
NLA12_MT-125,4.085384615
NLA12_MT-132,0.279230769
NLA12_MT-135,1.506153846
NLA12_MT-138,1.506153846
NLA12_MT-143,1.506153846
NLA12_MT-144,0.279230769
NLA12_MT-151,1.506153846
NLA12_MT-152,-1.573076923
NLA12_MT-155,1.506153846
NLA12_MT-156,0.279230769
NLA12_MT-171,1.506153846
NLA12_MT-172,0.279230769
NLA12_MT-177,4.085384615
NLA12_ND-101,3.313846154
NLA12_ND-102,-0.226923077
NLA12_ND-106,2.030769231
NLA12_ND-113,2.030769231
NLA12_ND-117,-0.226923077
NLA12_ND-119,3.486923077
NLA12_ND-126,1.475384615
NLA12_ND-136,-0.226923077
NLA12_ND-139,1.475384615
NLA12_ND-146,2.030769231
NLA12_ND-162,2.030769231
NLA12_SD-122,1.233846154
NLA12_WY-106,-2.193846154
NLA12_WY-R04,0.050769231
NLA12_ND-R17,3.486923077
NLA12_ND-R18,3.486923077
NLA12_WY-R08,-1.285384615
NLA12_CO-R04,-1.701538462
NLA12_WY-101,0.050769231
NLA12_WY-102,-2.045384615
NLA12_WY-102,-0.560769231
NLA12_WY-104,-1.666923077
NLA12_WY-112,0.050769231
NLA12_WY-113,-2.193846154
NLA12_WY-117,-2.193846154
NLA12_WY-118,-1.666923077
NLA12_WY-121,-2.193846154
NLA12_WY-127,-1.666923077
NLA12_SD-102,1.233846154
NLA12_SD-104,1.233846154
NLA12_SD-106,1.233846154
NLA12_SD-108,1.580769231
NLA12_SD-109,1.030769231
NLA12_ND-169,3.486923077
NLA12_ND-173,3.313846154
NLA12_ND-177,3.313846154
NLA12_ND-186,1.475384615
NLA12_ND-187,1.475384615
NLA12_ND-196,3.486923077
NLA12_MT-109,1.506153846
NLA12_MT-114,0.89
NLA12_MT-126,4.085384615
NLA12_MT-142,4.085384615
NLA12_MT-154,4.085384615
NLA12_MT-154,1.475384615
NLA12_MT-160,-2.045384615
NLA12_MT-161,4.085384615
NLA12_MT-162,-2.045384615
NLA12_MT-174,0.89
NLA12_MT-176,0.89
NLA12_ND-103,3.486923077
NLA12_ND-104,2.006153846
NLA12_ND-107,3.313846154
NLA12_ND-109,3.486923077
NLA12_ND-110,1.475384615
NLA12_ND-111,1.475384615
NLA12_ND-115,3.644615385
NLA12_ND-118,3.313846154
NLA12_ND-129,3.486923077
NLA12_ND-129,3.644615385
NLA12_ND-131,3.644615385
NLA12_ND-132,2.006153846
NLA12_ND-134,3.313846154
NLA12_ND-140,3.486923077
NLA12_ND-141,3.486923077
NLA12_ND-143,2.006153846
NLA12_ND-145,3.486923077
NLA12_ND-151,3.644615385
NLA12_ND-155,1.475384615
NLA12_ND-159,1.475384615
NLA12_ND-160,3.486923077
NLA12_ND-163,-0.244615385
NLA12_ND-164,3.486923077
NLA12_ND-167,2.006153846
NLA12_ND-202,1.475384615
NLA12_NE-167,0.898461538
NLA12_SD-101,3.644615385
NLA12_SD-101,1.580769231
NLA12_SD-101,2.501538462
NLA12_SD-105,1.580769231
NLA12_SD-107,-1.426923077
NLA12_SD-119,0.057692308
NLA12_SD-120,1.580769231
NLA12_SD-124,0.817692308
NLA12_SD-128,0.817692308
NLA12_SD-132,0.817692308
NLA12_SD-134,1.580769231
NLA12_SD-136,1.580769231
NLA12_SD-140,0.817692308
NLA12_SD-141,1.580769231
NLA12_SD-144,0.817692308
NLA12_SD-148,1.580769231
NLA12_SD-150,1.580769231
NLA12_SD-157,1.580769231
NLA12_SD-159,2.501538462
NLA12_SD-160,0.817692308
NLA12_SD-167,0.057692308
NLA12_SD-168,0.817692308
NLA12_SD-172,0.817692308
NLA12_SD-175,2.501538462
NLA12_SD-176,0.817692308
NLA12_SD-179,0.057692308
NLA12_SD-180,1.580769231
NLA12_SD-184,0.817692308
NLA12_SD-189,2.501538462
NLA12_SD-192,0.817692308
NLA12_SD-195,2.501538462
NLA12_SD-196,0.817692308
NLA12_SD-200,0.817692308
NLA12_SD-201,1.580769231
NLA12_SD-204,0.817692308
NLA12_SD-205,1.580769231
NLA12_SD-208,0.817692308
NLA12_SD-212,1.580769231
NLA12_WY-128,0.050769231
NLA12_WY-129,-2.193846154
NLA12_WY-134,-0.430769231
NLA12_WY-136,-2.193846154
NLA12_WY-137,0.050769231
NLA12_WY-138,-0.560769231
NLA12_WY-143,-1.666923077
NLA12_WY-149,-2.193846154
NLA12_CO-103,-1.701538462
NLA12_CO-104,-1.701538462
NLA12_CO-106,-1.701538462
NLA12_CO-110,-1.701538462
NLA12_CO-111,-1.701538462
NLA12_CO-113,-1.701538462
NLA12_CO-116,-1.701538462
NLA12_CO-119,-1.701538462
NLA12_CO-123,-1.701538462
NLA12_CO-124,-1.701538462
NLA12_CO-127,-1.701538462
NLA12_CO-131,-1.701538462
NLA12_IA-102,-2.680769231
NLA12_IA-125,-2.680769231
NLA12_ND-193,3.486923077
NLA12_ND-201,3.486923077
NLA12_ND-108,3.313846154
NLA12_ND-114,3.486923077
NLA12_ND-121,3.313846154
NLA12_ND-128,3.486923077
NLA12_ND-149,3.486923077
NLA12_NE-102,0.898461538
NLA12_NE-104,0.898461538
NLA12_NE-105,0.898461538
NLA12_NE-106,-1.346923077
NLA12_NE-107,-0.819230769
NLA12_NE-108,0.898461538
NLA12_NE-109,0.486923077
NLA12_NE-111,-0.819230769
NLA12_NE-112,0.898461538
NLA12_NE-113,0.898461538
NLA12_NE-114,0.186923077
NLA12_NE-117,0.898461538
NLA12_NE-121,0.898461538
NLA12_NE-125,0.898461538
NLA12_NE-127,-0.819230769
NLA12_NE-129,-1.346923077
NLA12_NE-131,0.486923077
NLA12_NE-132,-0.819230769
NLA12_NE-133,0.898461538
NLA12_NE-135,-0.819230769
NLA12_NE-141,-1.346923077
NLA12_NE-143,-0.819230769
NLA12_NE-147,-0.819230769
NLA12_NE-149,0.486923077
NLA12_NE-152,0.898461538
NLA12_NE-154,-1.346923077
NLA12_NE-155,-0.819230769
NLA12_NE-156,0.898461538
NLA12_NE-157,-1.346923077
NLA12_NE-160,-0.819230769
NLA12_NE-163,-0.819230769
NLA12_NE-164,-0.819230769
NLA12_NE-166,0.186923077
NLA12_NE-169,0.898461538
NLA12_NE-170,-1.346923077
NLA12_SD-110,1.233846154
NLA12_SD-111,1.233846154
NLA12_SD-113,1.030769231
NLA12_SD-114,-0.315384615
NLA12_SD-115,-0.315384615
NLA12_SD-121,2.501538462
NLA12_SD-125,1.233846154
NLA12_SD-126,1.233846154
NLA12_SD-127,0.589230769
NLA12_SD-130,1.233846154
NLA12_SD-131,-0.315384615
NLA12_SD-133,2.501538462
NLA12_SD-137,0.589230769
NLA12_SD-138,1.233846154
NLA12_SD-139,0.057692308
NLA12_SD-143,2.501538462
NLA12_SD-146,1.233846154
NLA12_SD-147,0.589230769
NLA12_SD-154,1.030769231
NLA12_SD-165,2.501538462
NLA12_SD-166,1.233846154
NLA12_SD-170,1.233846154
NLA12_SD-173,1.580769231
NLA12_SD-182,1.233846154
NLA12_SD-185,-0.315384615
NLA12_SD-198,1.030769231
NLA12_SD-202,1.233846154
NLA12_SD-203,0.057692308
NLA12_SD-206,1.233846154
NLA12_SD-207,0.057692308
NLA12_SD-209,2.501538462
NLA12_SD-211,0.589230769
NLA12_WY-107,-1.946923077
NLA12_WY-119,-1.946923077
NLA12_WY-130,-1.285384615
NLA12_WY-135,-1.946923077
NLA12_WY-151,-1.285384615
NLA12_IA-R03,-0.428461538
NLA12_KS-R08,-1.662307692
NLA12_KS-R02,-1.662307692
NLA12_MO-R02,-1.05
NLA12_KS-R07,-1.291538462
NLA12_KS-R11,-1.291538462
NLA12_NM-129,-4.256153846
NLA12_AR-106,-1.476923077
NLA12_CO-101,-4.32
NLA12_CO-108,-4.32
NLA12_CO-125,-4.32
NLA12_CO-129,-4.32
NLA12_IA-109,-2.680769231
NLA12_IA-113,-0.428461538
NLA12_IA-152,-2.680769231
NLA12_KS-101,-0.086923077
NLA12_KS-103,-1.662307692
NLA12_KS-108,-0.817692308
NLA12_KS-109,-0.817692308
NLA12_KS-113,-0.817692308
NLA12_KS-114,-1.662307692
NLA12_KS-121,-1.662307692
NLA12_KS-122,-0.086923077
NLA12_KS-125,-0.817692308
NLA12_KS-128,-0.086923077
NLA12_KS-130,-1.662307692
NLA12_MO-102,-2.132307692
NLA12_MO-102,-1.514615385
NLA12_MO-103,-1.133846154
NLA12_MO-108,-1.05
NLA12_MO-110,-2.119230769
NLA12_MO-113,-2.119230769
NLA12_MO-115,-1.133846154
NLA12_MO-118,-1.133846154
NLA12_MO-119,-1.514615385
NLA12_MO-123,-1.514615385
NLA12_MO-126,-2.119230769
NLA12_MO-101,-1.514615385
NLA12_NE-101,1.202307692
NLA12_NE-103,0.486923077
NLA12_NE-110,-1.200769231
NLA12_NE-142,-1.200769231
NLA12_NE-158,-1.200769231
NLA12_NE-162,-1.200769231
NLA12_AR-104,-0.978461538
NLA12_KS-140,-1.291538462
NLA12_KS-143,-1.291538462
NLA12_KS-145,-1.291538462
NLA12_KS-146,-1.291538462
NLA12_KS-102,-3.07
NLA12_KS-105,-2.002307692
NLA12_KS-106,-1.291538462
NLA12_KS-107,-1.291538462
NLA12_KS-115,-1.291538462
NLA12_KS-123,-1.662307692
NLA12_KS-124,-1.291538462
NLA12_KS-126,-1.291538462
NLA12_KS-131,-1.291538462
NLA12_KS-137,-1.662307692
NLA12_KS-138,-2.002307692
NLA12_MO-114,-2.132307692
NLA12_NM-103,-4.256153846
NLA12_NM-105,-4.304615385
NLA12_NM-109,-4.256153846
NLA12_NM-117,-4.304615385
NLA12_NM-132,-4.304615385
NLA12_NM-152,-4.304615385
NLA12_NM-153,-4.304615385
NLA12_TX-103,-4.685384615
NLA12_TX-179,-4.685384615
NLA12_OK-101,-2.682307692
NLA12_OK-104,-1.47
NLA12_OK-105,-2.682307692
NLA12_OK-106,-2.494615385
NLA12_OK-108,-2.682307692
NLA12_OK-109,-1.47
NLA12_OK-117,-2.682307692
NLA12_OK-120,-1.47
NLA12_OK-121,-2.682307692
NLA12_OK-133,-1.47
NLA12_OK-134,-1.47
NLA12_OK-135,-1.023846154
NLA12_OK-286,-1.062307692
NLA12_OK-296,-1.023846154
NLA12_OK-298,-1.47
NLA12_OK-302,-1.47
NLA12_OK-306,-2.682307692
NLA12_TX-232,-3.498461538
NLA12_TX-R08,-2.658461538
NLA12_TX-R09,-2.658461538
NLA12_TX-235,-3.498461538
NLA12_TX-R02,-3.498461538
NLA12_TX-224,-3.498461538
NLA12_TX-234,-2.658461538
NLA12_TX-231,-3.498461538
NLA12_UT-307,-1.023076923
NLA12_UT-336,-1.023076923
NLA12_UT-238,-1.023076923
NLA12_NM-160,-4.304615385
NLA12_NM-161,-4.304615385
NLA12_UT-265,-2.317692308
NLA12_UT-261,-1.023076923
NLA12_UT-381,-1.023076923
NLA12_UT-290,-1.023076923
NLA12_UT-412,-1.023076923
NLA12_UT-293,-1.023076923
NLA12_WY-R02,-2.366153846
NLA12_UT-340,-1.023076923
NLA12_UT-289,-1.023076923
NLA12_UT-245,-1.023076923
NLA12_UT-277,-1.023076923
NLA12_UT-343,-1.023076923
NLA12_UT-355,-1.023076923
NLA12_UT-286,-1.023076923
NLA12_CO-R10,-2.216153846
NLA12_CO-R01,-2.216153846
NLA12_CO-R07,-2.216153846
NLA12_UT-404,-1.023076923
NLA12_UT-347,-2.317692308
NLA12_UT-347,-0.179230769
NLA12_UT-260,-0.179230769
NLA12_UT-282,-1.023076923
NLA12_UT-352,-1.023076923
NLA12_UT-423,-1.023076923
NLA12_UT-367,-1.580769231
NLA12_UT-281,-1.580769231
NLA12_UT-269,-1.580769231
NLA12_UT-400,-1.023076923
NLA12_UT-351,-1.580769231
NLA12_UT-416,-1.023076923
NLA12_UT-389,-1.023076923
NLA12_UT-323,-1.023076923
NLA12_UT-270,-1.023076923
NLA12_UT-273,-1.023076923
NLA12_UT-303,-1.023076923
NLA12_UT-285,-1.023076923
NLA12_UT-356,-1.023076923
NLA12_UT-328,-1.580769231
NLA12_UT-320,-1.023076923
NLA12_UT-233,-2.317692308
NLA12_UT-375,-1.023076923
NLA12_UT-424,-1.023076923
NLA12_UT-359,-1.580769231
NLA12_UT-309,-1.580769231
NLA12_UT-276,-2.317692308
NLA12_UT-257,-1.023076923
NLA12_UT-241,-1.023076923
NLA12_UT-339,-1.023076923
NLA12_UT-311,-1.023076923
NLA12_UT-327,-1.023076923
NLA12_UT-393,-1.023076923
NLA12_UT-348,-1.023076923
NLA12_UT-371,-1.023076923
NLA12_UT-374,-2.317692308
NLA12_UT-374,-0.179230769
NLA12_UT-408,-1.023076923
NLA12_UT-362,-2.317692308
NLA12_UT-298,-0.179230769
NLA12_UT-413,-0.179230769
NLA12_UT-358,-0.179230769
NLA12_UT-264,-0.179230769
NLA12_UT-300,-0.179230769
NLA12_UT-330,-0.179230769
NLA12_UT-363,-2.317692308
NLA12_AR-101,-1.010769231
NLA12_AR-109,-3.410769231
NLA12_LA-102,-0.886923077
NLA12_LA-104,-2.524615385
NLA12_LA-104,-2.401538462
NLA12_LA-105,-0.886923077
NLA12_LA-122,-2.524615385
NLA12_LA-154,-2.524615385
NLA12_LA-155,-2.524615385
NLA12_LA-161,-0.886923077
NLA12_TX-101,-2.658461538
NLA12_TX-105,-3.498461538
NLA12_TX-109,-3.498461538
NLA12_TX-110,-2.658461538
NLA12_TX-113,-3.498461538
NLA12_TX-114,-2.658461538
NLA12_TX-121,-3.498461538
NLA12_TX-128,-2.658461538
NLA12_TX-137,-3.498461538
NLA12_TX-148,-2.658461538
NLA12_TX-153,-3.498461538
NLA12_TX-154,-3.498461538
NLA12_TX-157,-2.524615385
NLA12_TX-157,-3.498461538
NLA12_TX-160,-2.658461538
NLA12_TX-164,-2.658461538
NLA12_TX-165,-2.658461538
NLA12_TX-169,-3.498461538
NLA12_TX-170,-3.498461538
NLA12_TX-172,-2.658461538
NLA12_TX-176,-2.658461538
NLA12_TX-180,-2.658461538
NLA12_TX-186,-4.384615385
NLA12_TX-187,-3.498461538
NLA12_TX-195,-3.498461538
NLA12_TX-199,-3.498461538
NLA12_TX-202,-2.658461538
NLA12_TX-209,-3.498461538
NLA12_TX-211,-2.658461538
NLA12_TX-218,-2.658461538
NLA12_UT-174,-1.023076923
NLA12_UT-175,-1.023076923
NLA12_UT-183,-1.023076923
NLA12_UT-225,-1.023076923
NLA12_OK-102,-3.486923077
NLA12_OK-118,-2.494615385
NLA12_OK-119,-3.327692308
NLA12_OK-122,-3.486923077
NLA12_OK-R09,-3.327692308
NLA12_OK-R01,-3.327692308
NLA12_OK-132,-2.682307692
NLA12_OK-285,-3.327692308
NLA12_OK-288,-3.327692308
NLA12_OK-290,-2.682307692
NLA12_OK-291,-1.023846154
NLA12_OK-292,-3.327692308
NLA12_OK-293,-2.494615385
NLA12_OK-299,-1.023846154
NLA12_OK-301,-3.486923077
NLA12_OK-304,-3.327692308
NLA12_OK-307,-1.023846154
NLA12_OK-311,-2.898461538
NLA12_AZ-104,-3.459230769
NLA12_AZ-133,-3.459230769
NLA12_CO-102,-2.216153846
NLA12_CO-107,-2.216153846
NLA12_CO-109,-2.216153846
NLA12_CO-114,-2.216153846
NLA12_CO-115,-2.216153846
NLA12_CO-121,-4.197692308
NLA12_CO-130,-2.216153846
NLA12_CO-133,-2.216153846
NLA12_NM-104,-4.304615385
NLA12_NM-133,-4.304615385
NLA12_NM-135,-4.526923077
NLA12_NM-138,-2.482307692
NLA12_TX-102,-3.206923077
NLA12_TX-104,-3.554615385
NLA12_TX-107,-4.384615385
NLA12_TX-108,-3.554615385
NLA12_TX-111,-4.685384615
NLA12_TX-112,-2.658461538
NLA12_TX-115,-3.188461538
NLA12_TX-116,-2.658461538
NLA12_TX-118,-3.206923077
NLA12_TX-124,-2.658461538
NLA12_TX-126,-3.206923077
NLA12_TX-131,-3.554615385
NLA12_TX-135,-3.787692308
NLA12_TX-136,-4.384615385
NLA12_TX-144,-2.658461538
NLA12_TX-151,-3.708461538
NLA12_TX-152,-4.384615385
NLA12_TX-156,-2.658461538
NLA12_TX-158,-3.787692308
NLA12_TX-159,-3.554615385
NLA12_TX-161,-3.206923077
NLA12_TX-162,-3.708461538
NLA12_TX-177,-3.206923077
NLA12_TX-182,-2.658461538
NLA12_TX-190,-2.658461538
NLA12_TX-196,-2.658461538
NLA12_TX-197,-3.708461538
NLA12_TX-201,-3.498461538
NLA12_TX-205,-3.206923077
NLA12_TX-208,-3.708461538
NLA12_UT-102,-1.580769231
NLA12_UT-106,-1.023076923
NLA12_UT-107,-1.580769231
NLA12_UT-109,-1.023076923
NLA12_UT-110,-1.023076923
NLA12_UT-111,-1.023076923
NLA12_UT-115,-1.023076923
NLA12_UT-118,-1.023076923
NLA12_UT-122,-1.023076923
NLA12_UT-125,-0.179230769
NLA12_UT-127,-1.023076923
NLA12_UT-130,-1.023076923
NLA12_UT-134,-1.023076923
NLA12_UT-138,-1.023076923
NLA12_UT-143,-1.023076923
NLA12_UT-146,-1.023076923
NLA12_UT-150,-1.023076923
NLA12_UT-154,-1.023076923
NLA12_UT-163,-1.023076923
NLA12_UT-165,-0.179230769
NLA12_UT-167,-2.317692308
NLA12_UT-171,-0.179230769
NLA12_UT-178,-0.179230769
NLA12_UT-182,-1.023076923
NLA12_UT-187,-1.023076923
NLA12_UT-191,-1.023076923
NLA12_UT-193,-2.317692308
NLA12_UT-196,-1.023076923
NLA12_UT-197,-1.580769231
NLA12_UT-199,-0.179230769
NLA12_UT-200,-1.580769231
NLA12_UT-202,-1.023076923
NLA12_UT-206,-1.023076923
NLA12_UT-208,-1.023076923
NLA12_UT-209,-2.317692308
NLA12_UT-215,-1.023076923
NLA12_UT-221,-1.023076923
NLA12_UT-227,-1.023076923
NLA12_UT-228,-1.580769231
NLA12_UT-229,-1.023076923
NLA12_UT-230,-0.179230769
NLA12_WY-103,-2.366153846
NLA12_WY-105,-2.366153846
NLA12_WY-109,-2.366153846
NLA12_WY-109,-2.193846154
NLA12_WY-116,-2.366153846
NLA12_WY-120,-2.366153846
NLA12_WY-125,-2.366153846
NLA12_WY-131,-2.366153846
NLA12_WY-133,-2.366153846
NLA12_WY-141,-2.366153846
NLA12_WY-145,-2.366153846
NLA12_UT-396,-0.179230769
NLA12_UT-288,-0.912307692
NLA12_UT-421,-0.179230769
NLA12_UT-378,-0.179230769
NLA12_AZ-R02,-3.459230769
NLA12_AZ-R01,-3.459230769
NLA12_UT-395,-1.105384615
NLA12_UT-299,-0.179230769
NLA12_UT-263,-1.023076923
NLA12_UT-390,-1.105384615
NLA12_UT-274,-1.023076923
NLA12_UT-354,-1.105384615
NLA12_UT-302,-1.105384615
NLA12_UT-258,-1.023076923
NLA12_UT-319,-1.023076923
NLA12_UT-385,-1.023076923
NLA12_UT-279,-1.105384615
NLA12_UT-308,-1.105384615
NLA12_UT-377,-1.105384615
NLA12_UT-334,-1.105384615
NLA12_UT-236,-1.105384615
NLA12_UT-345,-1.105384615
NLA12_UT-399,-1.105384615
NLA12_UT-295,-1.105384615
NLA12_UT-322,-1.105384615
NLA12_UT-301,-1.023076923
NLA12_UT-250,-1.023076923
NLA12_UT-391,-1.023076923
NLA12_UT-325,-1.023076923
NLA12_UT-370,0.433846154
NLA12_UT-422,-1.023076923
NLA12_UT-418,-1.023076923
NLA12_UT-368,-1.023076923
NLA12_UT-266,-1.023076923
NLA12_UT-409,-1.105384615
NLA12_UT-242,-1.023076923
NLA12_UT-407,-1.023076923
NLA12_UT-317,-1.105384615
NLA12_UT-259,-1.105384615
NLA12_UT-341,-1.105384615
NLA12_UT-306,-1.105384615
NLA12_UT-406,-1.105384615
NLA12_UT-313,-1.105384615
NLA12_UT-321,-1.023076923
NLA12_UT-278,-1.105384615
NLA12_UT-365,-1.105384615
NLA12_UT-324,-1.023076923
NLA12_UT-294,-1.023076923
NLA12_UT-234,-1.023076923
NLA12_UT-247,-1.023076923
NLA12_UT-271,-1.023076923
NLA12_UT-240,-1.105384615
NLA12_UT-410,-1.105384615
NLA12_UT-256,-1.105384615
NLA12_UT-296,-0.179230769
NLA12_UT-292,-0.179230769
NLA12_UT-342,-0.179230769
NLA12_UT-244,-0.179230769
NLA12_UT-397,-0.179230769
NLA12_UT-346,-0.179230769
NLA12_CA-R13,-1.672307692
NLA12_CA-R09,-1.672307692
NLA12_CA-R02,-1.672307692
NLA12_WA-R09,0.676153846
NLA12_WA-R08,0.203076923
NLA12_WA-R10,0.203076923
NLA12_NV-165,-2.149230769
NLA12_AZ-101,-3.38
NLA12_AZ-102,-2.895384615
NLA12_AZ-103,-3.459230769
NLA12_AZ-105,-3.459230769
NLA12_AZ-106,-1.32
NLA12_AZ-106,-1.550769231
NLA12_AZ-107,-3.459230769
NLA12_AZ-112,-3.235384615
NLA12_AZ-117,-3.459230769
NLA12_AZ-118,-3.38
NLA12_AZ-123,-1.32
NLA12_AZ-127,-3.459230769
NLA12_AZ-129,-3.459230769
NLA12_AZ-130,-3.38
NLA12_AZ-131,-3.38
NLA12_AZ-134,-3.459230769
NLA12_AZ-139,-1.32
NLA12_AZ-140,-3.235384615
NLA12_AZ-143,-3.459230769
NLA12_AZ-145,-3.459230769
NLA12_AZ-150,-3.459230769
NLA12_AZ-153,-3.459230769
NLA12_AZ-157,-3.459230769
NLA12_CO-105,-2.216153846
NLA12_ID-104,0.055384615
NLA12_ID-114,0.055384615
NLA12_ID-203,0.055384615
NLA12_ID-206,0.055384615
NLA12_NM-134,-2.482307692
NLA12_NM-150,-2.482307692
NLA12_NM-162,-2.482307692
NLA12_NV-102,-1.996153846
NLA12_NV-103,-1.996153846
NLA12_NV-124,-1.213076923
NLA12_UT-103,-1.023076923
NLA12_UT-112,-1.023076923
NLA12_UT-126,-1.023076923
NLA12_UT-147,-1.023076923
NLA12_UT-148,-1.105384615
NLA12_UT-159,-1.023076923
NLA12_UT-160,0.433846154
NLA12_UT-170,-1.023076923
NLA12_UT-172,-1.105384615
NLA12_UT-173,-0.912307692
NLA12_UT-177,-1.105384615
NLA12_UT-189,-1.023076923
NLA12_UT-190,-1.023076923
NLA12_UT-198,-1.105384615
NLA12_UT-201,-1.023076923
NLA12_UT-203,-1.023076923
NLA12_UT-213,-1.023076923
NLA12_UT-217,-0.179230769
NLA12_UT-218,-1.023076923
NLA12_WY-108,-2.366153846
NLA12_WY-115,-2.366153846
NLA12_CA-123,-1.672307692
NLA12_CA-139,-1.672307692
NLA12_CA-139,0.235384615
NLA12_CA-154,-1.672307692
NLA12_CA-154,-2.149230769
NLA12_CA-178,-1.672307692
NLA12_CA-200,-1.672307692
NLA12_ID-102,2.287692308
NLA12_ID-103,2.287692308
NLA12_ID-105,2.287692308
NLA12_ID-108,2.287692308
NLA12_ID-108,0.646923077
NLA12_ID-111,-0.695384615
NLA12_ID-112,2.287692308
NLA12_ID-121,2.287692308
NLA12_ID-122,0.055384615
NLA12_ID-144,2.287692308
NLA12_ID-151,0.646923077
NLA12_ID-151,0.026153846
NLA12_ID-165,2.287692308
NLA12_ID-166,-1.158461538
NLA12_ID-180,0.646923077
NLA12_ID-183,2.287692308
NLA12_ID-190,2.287692308
NLA12_ID-207,2.287692308
NLA12_ID-214,0.055384615
NLA12_ID-217,-1.158461538
NLA12_MT-102,1.081538462
NLA12_MT-105,1.081538462
NLA12_MT-111,1.081538462
NLA12_MT-120,1.081538462
NLA12_MT-124,1.081538462
NLA12_MT-136,1.081538462
NLA12_MT-139,1.081538462
NLA12_MT-140,1.081538462
NLA12_MT-148,1.081538462
NLA12_MT-164,1.081538462
NLA12_NV-101,-2.149230769
NLA12_NV-104,-2.149230769
NLA12_NV-105,-2.361538462
NLA12_NV-106,-2.149230769
NLA12_NV-109,-2.149230769
NLA12_NV-114,-2.149230769
NLA12_NV-119,-2.149230769
NLA12_NV-123,-2.361538462
NLA12_NV-135,-2.361538462
NLA12_NV-137,-2.149230769
NLA12_NV-141,-2.149230769
NLA12_NV-144,-2.361538462
NLA12_NV-147,-2.361538462
NLA12_NV-148,-2.361538462
NLA12_NV-155,-2.361538462
NLA12_NV-156,-2.361538462
NLA12_NV-161,-2.149230769
NLA12_NV-164,-2.361538462
NLA12_NV-167,-2.361538462
NLA12_NV-169,-2.149230769
NLA12_NV-171,-2.361538462
NLA12_NV-177,-2.149230769
NLA12_NV-179,-2.361538462
NLA12_NV-187,-2.361538462
NLA12_NV-193,-2.149230769
NLA12_NV-R01,-2.361538462
NLA12_UT-101,-0.179230769
NLA12_UT-104,-1.105384615
NLA12_UT-104,-1.023076923
NLA12_UT-105,-1.023076923
NLA12_UT-108,-0.179230769
NLA12_UT-128,-1.105384615
NLA12_UT-141,-0.179230769
NLA12_UT-149,0.433846154
NLA12_UT-169,-0.179230769
NLA12_UT-186,-0.179230769
NLA12_UT-210,-0.179230769
NLA12_UT-220,-1.023076923
NLA12_UT-222,-0.179230769
NLA12_UT-223,-1.105384615
NLA12_UT-224,-0.179230769
NLA12_UT-232,-0.179230769
NLA12_WA-102,1.741538462
NLA12_WA-104,0.203076923
NLA12_WA-108,1.781538462
NLA12_WA-111,0.676153846
NLA12_WA-112,1.781538462
NLA12_WA-115,1.781538462
NLA12_WA-116,0.203076923
NLA12_WA-119,1.741538462
NLA12_WA-120,1.781538462
NLA12_WA-124,1.781538462
NLA12_WA-126,1.781538462
NLA12_WA-127,1.741538462
NLA12_WA-131,1.741538462
NLA12_WA-143,1.741538462
NLA12_WA-147,0.676153846
NLA12_WA-155,1.741538462
NLA12_WA-158,0.676153846
NLA12_WA-159,0.203076923
NLA12_WA-167,0.676153846
NLA12_WA-178,1.781538462
NLA12_WY-R01,0.144615385
NLA12_CA-R05,0.235384615
NLA12_CA-R10,0.235384615
NLA12_CA-R06,0.235384615
NLA12_CA-R12,0.235384615
NLA12_CA-R03,-1.678461538
NLA12_CA-R01,0.064615385
NLA12_OR-163,1.411538462
NLA12_CA-118,-1.550769231
NLA12_CA-126,-1.550769231
NLA12_CA-160,0.064615385
NLA12_CA-162,-1.678461538
NLA12_CA-185,-1.678461538
NLA12_CA-191,-1.678461538
NLA12_CA-211,-1.678461538
NLA12_CA-213,-1.678461538
NLA12_ID-101,0.646923077
NLA12_ID-106,0.055384615
NLA12_ID-106,-1.158461538
NLA12_ID-107,-0.529230769
NLA12_ID-109,0.026153846
NLA12_ID-109,-1.158461538
NLA12_ID-110,0.026153846
NLA12_ID-113,0.646923077
NLA12_ID-115,0.646923077
NLA12_ID-117,0.646923077
NLA12_ID-119,0.646923077
NLA12_ID-124,0.646923077
NLA12_ID-125,0.646923077
NLA12_ID-126,0.646923077
NLA12_ID-129,0.646923077
NLA12_ID-131,0.646923077
NLA12_ID-133,0.646923077
NLA12_ID-136,0.646923077
NLA12_ID-140,0.646923077
NLA12_ID-141,0.646923077
NLA12_ID-142,0.646923077
NLA12_ID-143,-0.695384615
NLA12_ID-145,0.646923077
NLA12_ID-147,0.646923077
NLA12_ID-148,0.071538462
NLA12_ID-149,0.553076923
NLA12_ID-154,0.055384615
NLA12_ID-156,0.646923077
NLA12_ID-158,0.646923077
NLA12_ID-161,0.646923077
NLA12_ID-163,-0.106923077
NLA12_ID-164,-0.106923077
NLA12_ID-168,0.646923077
NLA12_ID-169,0.646923077
NLA12_ID-172,0.646923077
NLA12_ID-174,0.646923077
NLA12_ID-175,-0.695384615
NLA12_ID-176,0.646923077
NLA12_ID-177,0.646923077
NLA12_ID-179,0.646923077
NLA12_ID-181,0.646923077
NLA12_ID-182,-0.695384615
NLA12_ID-184,0.646923077
NLA12_ID-189,0.646923077
NLA12_ID-191,0.646923077
NLA12_ID-194,-0.529230769
NLA12_ID-195,0.646923077
NLA12_ID-196,0.646923077
NLA12_ID-197,0.646923077
NLA12_ID-198,-1.158461538
NLA12_ID-199,0.646923077
NLA12_ID-204,0.646923077
NLA12_ID-205,0.646923077
NLA12_ID-209,0.646923077
NLA12_ID-210,0.646923077
NLA12_ID-212,0.646923077
NLA12_ID-213,0.646923077
NLA12_ID-215,0.646923077
NLA12_ID-216,-0.695384615
NLA12_ID-218,0.646923077
NLA12_ID-220,0.646923077
NLA12_ID-221,0.646923077
NLA12_NV-127,-2.361538462
NLA12_NV-151,-2.361538462
NLA12_NV-183,-2.361538462
NLA12_OR-104,1.411538462
NLA12_OR-105,0.096153846
NLA12_OR-106,2.109230769
NLA12_OR-107,0.818461538
NLA12_OR-109,2.109230769
NLA12_OR-110,1.233076923
NLA12_OR-112,-0.806923077
NLA12_OR-113,1.233076923
NLA12_OR-116,-1.003846154
NLA12_OR-121,-1.003846154
NLA12_OR-126,2.109230769
NLA12_OR-128,0.464615385
NLA12_OR-129,0.818461538
NLA12_OR-131,1.411538462
NLA12_OR-133,1.233076923
NLA12_OR-135,1.411538462
NLA12_OR-137,2.109230769
NLA12_OR-138,0.096153846
NLA12_OR-144,2.109230769
NLA12_OR-147,1.411538462
NLA12_OR-151,0.818461538
NLA12_OR-153,2.109230769
NLA12_OR-154,-0.806923077
NLA12_OR-155,1.233076923
NLA12_OR-158,1.411538462
NLA12_OR-160,0.464615385
NLA12_OR-161,0.818461538
NLA12_OR-167,0.818461538
NLA12_OR-169,1.411538462
NLA12_OR-171,-1.003846154
NLA12_OR-172,1.233076923
NLA12_OR-173,-1.003846154
NLA12_WA-101,0.577692308
NLA12_WA-106,1.051538462
NLA12_WA-107,1.051538462
NLA12_WA-109,1.197692308
NLA12_WA-117,0.577692308
NLA12_WA-125,0.577692308
NLA12_WA-128,0.676153846
NLA12_WA-129,1.869230769
NLA12_WA-146,1.869230769
NLA12_WA-154,1.051538462
NLA12_WY-124,0.144615385
NLA12_CA-101,0.064615385
NLA12_CA-102,-1.966923077
NLA12_CA-103,0.235384615
NLA12_CA-104,-1.672307692
NLA12_CA-105,0.235384615
NLA12_CA-107,-1.678461538
NLA12_CA-108,-1.678461538
NLA12_CA-110,-1.678461538
NLA12_CA-111,0.235384615
NLA12_CA-112,0.235384615
NLA12_CA-114,-1.678461538
NLA12_CA-116,0.235384615
NLA12_CA-121,-1.678461538
NLA12_CA-122,0.235384615
NLA12_CA-128,0.064615385
NLA12_CA-130,-1.678461538
NLA12_CA-132,0.235384615
NLA12_CA-133,-1.678461538
NLA12_CA-134,-1.678461538
NLA12_CA-223,-1.550769231
NLA12_CA-135,0.235384615
NLA12_CA-137,-1.678461538
NLA12_CA-138,-1.672307692
NLA12_CA-141,0.235384615
NLA12_CA-142,-1.678461538
NLA12_CA-143,-1.084615385
NLA12_CA-145,-1.084615385
NLA12_CA-146,-1.678461538
NLA12_CA-148,0.235384615
NLA12_CA-149,-1.678461538
NLA12_CA-150,-1.678461538
NLA12_CA-153,-1.678461538
NLA12_CA-156,-1.550769231
NLA12_CA-157,-1.678461538
NLA12_CA-158,-1.678461538
NLA12_CA-161,-1.084615385
NLA12_CA-163,-1.678461538
NLA12_CA-165,-1.678461538
NLA12_CA-166,0.235384615
NLA12_CA-167,0.235384615
NLA12_CA-168,-1.966923077
NLA12_CA-169,-1.678461538
NLA12_CA-171,0.235384615
NLA12_CA-172,-1.966923077
NLA12_CA-174,-1.678461538
NLA12_CA-175,-1.678461538
NLA12_CA-176,-1.678461538
NLA12_CA-177,-1.678461538
NLA12_CA-179,0.064615385
NLA12_CA-180,0.235384615
NLA12_CA-181,-1.084615385
NLA12_CA-183,-1.678461538
NLA12_CA-184,-1.678461538
NLA12_CA-186,-1.678461538
NLA12_CA-188,-1.084615385
NLA12_CA-189,-1.084615385
NLA12_CA-190,-1.678461538
NLA12_CA-192,-1.678461538
NLA12_CA-193,-1.678461538
NLA12_CA-199,-1.678461538
NLA12_CA-201,-1.678461538
NLA12_CA-205,-1.678461538
NLA12_CA-207,-1.678461538
NLA12_CA-208,0.064615385
NLA12_CA-210,-1.966923077
NLA12_CA-212,0.235384615
NLA12_CA-214,0.064615385
NLA12_CA-215,-1.678461538
NLA12_CA-216,-1.966923077
NLA12_CA-219,-1.678461538
NLA12_CA-221,-1.678461538
NLA12_DE-104,-3.421538462
NLA12_ND-105,2.030769231
NLA12_ND-105,-0.226923077
NLA12_ND-112,3.486923077
NLA12_NV-107,-2.149230769
NLA12_NV-184,-2.149230769
NLA12_OR-101,-1.003846154
NLA12_OR-102,-1.003846154
NLA12_OR-108,-1.003846154
NLA12_OR-111,-1.003846154
NLA12_OR-123,1.233076923
NLA12_OR-124,-1.003846154
NLA12_OR-127,-1.003846154
NLA12_VT-103,1.95
NLA12_VT-103,2.474615385
NLA12_WA-103,1.197692308
NLA12_WA-110,1.051538462
NLA12_WA-118,1.051538462
NLA12_WA-121,1.197692308
NLA12_WA-122,1.869230769
NLA12_WA-133,1.246923077
NLA12_WA-135,1.869230769
NLA12_WA-138,1.197692308
NLA12_WA-139,1.869230769
NLA12_WA-141,1.051538462
NLA12_WA-149,1.051538462
NLA12_WA-150,1.869230769
NLA12_WA-151,1.051538462
NLA12_WA-151,1.869230769
NLA12_WA-153,1.197692308
NLA12_WA-157,0.577692308
NLA12_WA-165,1.246923077
NLA12_WA-177,1.051538462
NLA12_OK-103,-1.47
NLA12_OK-103,-2.682307692
NLA12_NY-0102,0.746923077
NLA12_AL-101,-1.44
NLA12_NJ-119,0.590769231
NLA12_NY-0104,2.474615385
NLA12_KY-117,1.866153846
NLA12_OH-134,1.398461538
NLA12_NC-128,-2.270769231
NLA12_NV-129,-2.149230769
NLA12_OK-107,-1.023846154
NLA12_DE-105,-3.421538462
NLA12_GA-114,-4.935384615
NLA12_LA-118,-1.719230769
NLA12_TX-117,-3.498461538
NLA12_TX-140,-2.658461538
NLA12_NE-165,0.898461538
NLA12_SD-142,1.030769231
NLA12_SD-162,1.030769231
NLA12_UT-137,-0.179230769
NLA12_WA-114,1.051538462
NLA12_CA-119,-1.678461538
NLA12_CO-117,-2.216153846
NLA12_GA-R11,-3.598461538
NLA12_NY-R08,1.683846154
NLA12_PA-R11,1.473076923
NLA12_WA-R11,1.869230769
NLA12_CA-106,-1.550769231
NLA12_IA-107,-3.437692308
NLA12_SD-183,2.501538462
NLA12_SD-183,-0.315384615
NLA12_SD-183,0.589230769
NLA12_IA-127,-1.270769231
NLA12_ND-172,3.486923077
NLA12_OR-145,0.818461538
NLA12_MN-177,-2.769230769
NLA12_ND-156,3.486923077
NLA12_CA-206,0.235384615
NLA12_WY-147,-2.366153846
NLA12_TX-129,-3.206923077
NLA12_UT-392,-0.179230769
NLA12_TX-141,-3.498461538
NLA12_TX-124,-2.658461538
NLA12_RI-108,0.273076923
NLA12_RI-103,0.273076923
NLA12_VA-R06,-0.066923077
NLA12_OR-103,-1.003846154
