SITE_ID,VISIT_NO,Water_yield_m,Modeled_Water_yield_m,RT_iso,RT_modeled,Lake_precip_m,Lake_evap_m
NLA06608-0001,1,0.788188349,1.3356,0.765228544,0.362609551,1.53002,0.379042535
NLA06608-0002,1,0.173226582,0.2013,0.262114479,0.165860989,1.07696,0.943543258
NLA06608-0003,1,0.065745885,0.1327,0.171630807,0.077480533,1.08463,1.125361958
NLA06608-0004,1,0.289427547,0.0185,1.048253143,3.306930134,0.45354,0.510163035
NLA06608-0005,1,0.010451539,0.6921,0.47919492,0.007225201,0.47899,0.382201102
NLA06608-0006,1,6.973810149,0.7181,0.159612691,0.271242512,1.242,0.579839468
NLA06608-0007,1,0.039059557,0.0531,5.817869225,3.109402799,0.69597,0.574100901
NLA06608-0008,1,0.066854023,0.1898,0.794469374,0.233980572,0.97969,0.690766218
NLA06608-0010,1,0.265965028,0.3258,1.691338016,1.055947126,0.87807,0.611432614
NLA06608-0012,1,0.324442649,0.3957,0.072000041,0.05491066,1.36224,0.870354065
NLA06608-0013,1,3.541034634,0.6383,0.001830582,0.003309078,1.15755,0.723893825
NLA06608-0014,1,0.014055108,0.0191,0.933729443,0.479957375,0.44652,0.584753379
NLA06608-0015,1,0.000146593,0.0121,0.213072394,0.002579866,0.28261,0.851592563
NLA06608-0016,1,0.245904585,0.1845,1.57772197,1.231683403,0.73034,0.652295924
NLA06608-0019,1,0.01777047,0.0279,0.186018879,0.095253113,0.59709,0.554667221
NLA06608-0020,1,0.928377361,0.3933,0.144671663,0.29566499,1.0454,0.728487412
NLA06608-0021,1,1.775115851,0.4402,2.884901296,4.874029659,0.87103,0.60307375
NLA06608-0023,1,3.49960888,0.3532,0.075480388,0.221070824,1.25491,0.982032924
NLA06608-0024,1,0.21287087,0.5698,0.697957648,0.232060154,1.53355,0.967686189
NLA06608-0025,1,0.077947355,0.2995,0.421151332,0.10467996,0.8257,0.805161626
NLA06608-0029,1,0.307101027,0.5221,0.059603399,0.032517597,1.0069,0.762782729
NLA06608-0031,1,0.388623606,0.3904,0.059732424,0.056688199,0.93845,0.667389935
NLA06608-0033,1,0.108880879,1.8813,0.145037575,0.008164896,1.86925,0.448329867
NLA06608-0036,1,0.426062121,0.5983,0.396117213,0.233812302,1.13412,0.779104096
NLA06608-0037,1,4.509527786,0.6708,0.184464436,0.319345625,1.22198,0.588238836
NLA06608-0038,1,0.235119372,0.7376,1.607956459,0.440096611,1.30216,0.496138323
NLA06608-0041,1,0.033926727,0.6131,1.47320415,0.08075095,1.13227,0.640180328
NLA06608-0042,1,0.068888723,0.4112,0.639533706,0.105652535,0.64896,0.37617442
NLA06608-0043,1,0.004150336,0.3682,1.980254519,0.02222058,1.03753,0.644032281
NLA06608-0044,1,0.015028476,0.0196,0.395853642,0.243022613,0.44422,0.607614149
NLA06608-0045,1,0.091507191,0.5011,0.035995632,0.006474828,1.10654,0.765400291
NLA06608-0048,1,0.23298642,0.552,0.560620312,0.185407494,1.07529,0.821593284
NLA06608-0049,1,0.309875578,1.1666,0.118894485,0.030566691,1.17593,0.358038258
NLA06608-0050,1,1.842357965,0.6168,0.193122605,0.320294873,1.14633,0.552918618
NLA06608-0053,1,0.018707445,0.5528,0.112243007,0.00378657,1.16238,0.613488198
NLA06608-0057,1,0.016899686,0.3355,0.22811115,0.011363493,0.94949,0.855534871
NLA06608-0061,1,0.002251454,0.0096,1.106489866,0.25879741,0.052,1.208367757
NLA06608-0062,1,0.052740328,0.0222,1.281247487,1.133305903,0.52449,0.569993339
NLA06608-0064,1,0.018010507,0.0108,0.903153228,1.021250252,0.29485,0.487682422
NLA06608-0065,1,0.196091887,0.0109,0.718827633,7.201351834,0.31004,0.5501241
NLA06608-0066,1,0.159129942,0.5316,0.309515945,0.090715161,1.14476,0.606102569
NLA06608-0068,1,0.181866076,0.7505,0.567385706,0.135381372,0.81234,0.34350726
NLA06608-0069,1,0.213928743,0.0658,0.390878236,0.608633543,1.06134,1.076550827
NLA06608-0071,1,0.312068135,0.3691,0.898544909,0.446753076,1.36342,0.958861868
NLA06608-0072,1,0.080913788,0.3066,0.294528558,0.073784377,1.23163,0.918856252
NLA06608-0073,1,4.004663668,0.0023,146.9473208,181.4546847,0.05774,0.668742751
NLA06608-0076,1,0.104458356,0.2046,1.043788676,0.4211948,0.92531,0.744187925
NLA06608-0077,1,0.284456256,0.7039,0.346975174,0.108238782,1.29796,0.608550873
NLA06608-0078,1,0.864779077,0.0224,0.612025426,0.816302487,0.44464,0.566595999
NLA06608-0079,1,0.317138088,0.552,1.224387642,0.680663704,0.72318,0.344046099
NLA06608-0080,1,0.63089433,0.2507,0.258366983,0.339705578,1.10823,0.902793382
NLA06608-0081,1,0.310388218,0.6476,0.649573572,0.270882055,1.1326,0.596225021
NLA06608-0083,1,0.028573092,0.0228,0.538061431,0.400847271,0.53965,0.585521695
NLA06608-0085,1,0.00424065,0.0117,0.496633605,0.16793606,0.25206,0.637780943
NLA06608-0086,1,0.112262531,0.8091,0.292529683,0.040135732,1.3761,0.622424173
NLA06608-0089,1,0.052892074,0.3943,0.19256294,0.025663039,0.82512,0.769841184
NLA06608-0090,1,0.19260395,0.1644,0.881175655,0.858242614,0.51473,0.363919925
NLA06608-0091,1,3.144060026,0.4919,0.163544328,0.315329166,1.12274,0.65040181
NLA06608-0099,1,0.052592969,0.306,1.588524395,0.26062534,1.05365,0.617551515
NLA06608-0101,1,0.44698017,0.6586,0.777871108,0.4415924,1.18759,0.560627551
NLA06608-0102,1,0.75333095,0.9611,0.940500938,0.685020549,1.28356,0.525641285
NLA06608-0104,1,1.55849393,0.1963,0.218399172,0.462262752,0.89174,0.82113319
NLA06608-0105,1,0.004721672,0.1123,0.595591464,0.024962992,0.24043,0.566293619
NLA06608-0107,1,0.489816413,0.4045,0.717590328,0.519746041,1.05804,0.629484156
NLA06608-0110,1,0.094665044,0.0962,3.418596657,2.111857344,0.6365,0.559468873
NLA06608-0111,1,0.467348938,0.4862,0.322068108,0.277468824,1.03357,0.622532863
NLA06608-0112,1,0.504460537,0.2164,0.167639369,0.33321435,0.84592,0.7314376
NLA06608-0113,1,0,0.7764,0.149785154,0.242697643,1.28952,0.491038135
NLA06608-0115,1,22.00497208,0.1582,2.841341137,5.802544336,0.78319,0.593230349
NLA06608-0116,1,0.000837142,0.202,1.094589058,0.004535328,0.29575,0.682034335
NLA06608-0120,1,0.009061166,0.0213,0.298836084,0.123027451,1.28875,0.856398161
NLA06608-0124,1,0.092291437,0.0276,0.520238953,0.492846217,0.50756,0.606224405
NLA06608-0126,1,0.104558851,0.0239,0.94985828,1.153994159,0.56088,0.568210553
NLA06608-0127,1,0.017183022,0.0176,1.548363033,1.138664174,0.35907,0.542080077
NLA06608-0128,1,0.014211957,0.0126,0.100786009,0.106261384,0.31065,0.570135545
NLA06608-0129,1,0.249050231,0.0976,12.81685068,19.14300711,0.45321,0.484892043
NLA06608-0130,1,0.192434122,0.0184,0.429342093,2.68157998,0.36953,0.857204619
NLA06608-0132,1,0.327892272,0.0148,0.837686772,4.259722868,0.34508,0.562694062
NLA06608-0134,1,1.642519408,0.7512,2.354190793,2.74014805,1.29322,0.578362287
NLA06608-0137,1,0.505634372,0.1739,0.330988156,0.798451498,0.42864,0.381872844
NLA06608-0139,1,0.116094488,0.3885,0.215677502,0.062538031,1.04463,0.650670981
NLA06608-0140,1,0.028307591,0.1714,0.199422333,0.031055427,0.92239,0.767034645
NLA06608-0141,1,0.241357328,0.4789,0.05241327,0.025002807,0.98025,0.743873921
NLA06608-0142,1,0.038063916,0.1039,2.494449153,0.827948487,0.55411,0.509429503
NLA06608-0144,1,0.038762956,0.0456,1.047531153,0.727427996,0.89218,0.966570974
NLA06608-0148,1,0.321305856,0.6403,0.231353551,0.107869775,1.10077,0.689117112
NLA06608-0149,1,0.297061031,0.4186,1.110819833,0.6628015,0.84298,0.561888571
NLA06608-0150,1,0.550132321,0.6932,0.361513033,0.268843251,1.13993,0.533219318
NLA06608-0152,1,0.111658179,0.3665,0.981506935,0.259004441,1.32063,0.90521895
NLA06608-0153,1,0.077335142,0.4998,0.131770473,0.02000246,1.01917,0.748595407
NLA06608-0155,1,0.070560478,0.4154,0.667511317,0.108836947,1.09541,0.617159763
NLA06608-0158,1,0.092652395,0.0431,2.725807089,2.444357817,0.63178,0.542049426
NLA06608-0161,1,0.175182404,0.1999,0.401835362,0.261183292,1.08925,1.127589464
NLA06608-0162,1,0.127828029,0.6389,0.256220986,0.047309491,1.18362,0.545654112
NLA06608-0167,1,0.34066928,0.0712,0.501437684,0.490071764,0.69123,0.626347431
NLA06608-0168,1,0.151673822,0.4064,0.301510929,0.101871198,1.29773,0.801101843
NLA06608-0169,1,0.0163735,0.1377,0.625747383,0.073774627,0.33699,0.425918325
NLA06608-0170,1,0.192520181,0.3898,0.682719112,0.275891965,0.83815,0.581757998
NLA06608-0173,1,0.088239272,0.0013,1.360267309,16.28379559,0.02888,1.256910035
NLA06608-0174,1,0.349543796,0.1385,5.37504137,5.377966485,0.64085,0.585882863
NLA06608-0175,1,0.190081882,0.5211,0.330252511,0.112524857,0.98218,0.653074702
NLA06608-0176,1,0.016684515,0.2363,0.131430042,0.009154324,0.94841,0.889569354
NLA06608-0177,1,12.67850163,0.6853,1.404390074,2.144796597,1.24932,0.549746022
NLA06608-0179,1,0.001917001,0.0176,0.655545479,0.067913969,0.3943,0.652341705
NLA06608-0180,1,0.233922916,0.1822,0.178942137,0.195996385,1.08681,0.940615303
NLA06608-0181,1,0.153526162,0.0954,18.59115765,17.18781836,0.34104,0.395458544
NLA06608-0183,1,0.050521976,0.0819,1.07635064,0.562513781,0.70705,0.580725047
NLA06608-0184,1,0.04528123,0.3032,0.29572116,0.041038276,1.05975,0.768860837
NLA06608-0185,1,0.048675114,0.7082,0.280758213,0.018671668,1.19291,0.534888624
NLA06608-0189,1,0.015599479,0.3929,0.17968554,0.007098872,1.00582,0.656916026
NLA06608-0190,1,0.03482809,0.0534,2.975388315,1.28469985,0.67791,0.52780672
NLA06608-0191,1,0.124381757,0.6846,2.682063434,0.467913805,1.01421,0.616943887
NLA06608-0193,1,0,,5.35E-05,0.197766289,2.34204,0.580386131
NLA06608-0195,1,0.122393952,0.0242,0.422193898,0.752074266,0.56963,0.567427185
NLA06608-0196,1,0.435814519,0.4343,0.282789864,0.245446153,1.01793,0.768150849
NLA06608-0198,1,0.055396626,0.5319,1.41930452,0.139680585,1.03658,0.604963766
NLA06608-0201,1,0.827318163,1.0174,0.372998545,0.286769927,1.19027,0.500610946
NLA06608-0203,1,0.134345766,0.3356,0.975835084,0.375850396,1.00135,0.832542473
NLA06608-0204,1,0.030997695,0.1696,0.277712623,0.047704044,0.98625,0.875287222
NLA06608-0207,1,0.247559149,0.1893,0.893830657,0.628786799,0.96651,0.893387442
NLA06608-0208,1,3.822563689,0.3082,1.275115858,1.263407029,1.10731,0.873095242
NLA06608-0209,1,0.615542265,0.7734,1.322200548,0.928315136,1.27393,0.631105838
NLA06608-0211,1,0.04795394,0.0492,0.70405567,0.371988953,0.65575,0.543579719
NLA06608-0212,1,1.124745021,0.6462,0.076542771,0.127448206,1.15865,0.699833715
NLA06608-0215,1,0.028985127,0.1421,1.378217704,0.267241649,0.60722,0.619124832
NLA06608-0216,1,0.021700533,0.2165,0.274205222,0.025580915,0.89789,0.711767571
NLA06608-0217,1,0.095832612,0.41,0.270408207,0.059975292,0.91879,0.792697969
NLA06608-0219,1,0.04642587,0.3685,1.049519131,0.127422064,1.05473,0.643426463
NLA06608-0220,1,0.014316397,0.0771,0.713359175,0.112561567,0.54848,0.628147287
NLA06608-0221,1,0.091050562,0.5085,0.097473371,0.016913636,1.09577,0.809519747
NLA06608-0222,1,0.010025745,0.0142,1.377226998,0.724715542,0.35673,0.531971133
NLA06608-0223,1,0.097525397,0.1504,0.165700782,0.098484226,0.85278,0.857501155
NLA06608-0224,1,0.66345625,0.4496,1.176105377,0.961067129,1.17458,0.736364601
NLA06608-0225,1,1.505922546,0.0136,4.136061429,16.16952129,0.34706,0.486877692
NLA06608-0226,1,0.95778123,0.7182,0.206367208,0.206958571,1.25697,0.565108017
NLA06608-0228,1,0.465849625,0.0167,0.585912966,4.067918826,0.38488,0.730899117
NLA06608-0229,1,0.146430933,0.6787,0.050025282,0.010504952,1.10177,0.499542312
NLA06608-0234,1,0.035163163,0.3988,2.680780292,0.216470766,0.94484,0.61205958
NLA06608-0235,1,0.038228489,0.3709,3.230310359,0.323243093,1.01189,0.650061291
NLA06608-0237,1,0.002481136,0.0067,0.409270113,0.145621661,0.16996,0.621251251
NLA06608-0238,1,0.542244708,0.1308,12.58907132,11.54680986,0.67219,0.568123997
NLA06608-0239,1,0.012408417,0.1605,0.125314195,0.009658764,0.90055,0.77456123
NLA06608-0240,1,1.464911253,0.0149,1.30034385,5.723562071,0.31073,0.608018944
NLA06608-0241,1,0.000487694,0.0078,0.298981989,0.018560777,0.37204,0.520057369
NLA06608-0242,1,0.115101132,0.7367,0.194178552,0.029073844,1.31449,0.640880108
NLA06608-0243,1,0.013374543,,0.639575145,7.220676054,0.54216,0.644168562
NLA06608-0244,1,0.02785189,0.0404,1.333719016,0.729224648,0.89422,0.965288284
NLA06608-0245,1,0.10902211,0.2009,1.114944723,0.562098036,0.41083,0.807875179
NLA06608-0247,1,0.072085792,0.0596,1.319927048,0.989154187,0.62893,0.617852599
NLA06608-0253,1,0.137228402,0.1044,0.130298813,0.134040435,0.96325,0.9453886
NLA06608-0254,1,0.067696616,0.0227,1.058798986,1.390858983,0.528,0.565304085
NLA06608-0255,1,0.52580539,0.3699,1.133023007,0.794034138,0.94738,0.71568247
NLA06608-0257,1,0.04514889,,1.30256006,32.3945989,0.41597,0.54795929
NLA06608-0259,1,0.001148688,0.0236,0.339372119,0.016267522,0.55501,0.585416525
NLA06608-0260,1,0.800422303,0.0366,3.82855208,21.27286213,0.44894,0.493308964
NLA06608-0268,1,0.247782304,0.3768,0.485004235,0.262440335,1.41734,0.884252998
NLA06608-0271,1,0.288428594,0.4939,0.105297411,0.053820081,1.11416,0.650295609
NLA06608-0275,1,0.004344977,0.0253,0.807461457,0.127120356,0.5905,0.554341932
NLA06608-0276,1,0.314358753,0.4542,2.831721588,1.52363995,0.78709,0.290031554
NLA06608-0277,1,0.004694341,0.0165,0.467362055,0.131500973,0.22815,0.592798319
NLA06608-0279,1,0.174112182,0.0977,0.522899562,0.370875932,0.8162,0.628054418
NLA06608-0280,1,0.264009906,0.5155,0.153515957,0.068619178,1.46218,0.976754799
NLA06608-0281,1,0.173829098,0.3013,0.125647469,0.068516728,0.87696,0.814228254
NLA06608-0283,1,0.007985958,0.3886,0.394574562,0.008084103,0.99665,0.907719558
NLA06608-0284,1,0.038550805,0.3101,0.045774215,0.005587913,1.19653,0.891563602
NLA06608-0285,1,0.038983299,0.5305,0.005583027,0.000409004,0.97925,0.752221523
NLA06608-0286,1,0.126999458,0.1148,4.372939533,3.1817177,0.56322,0.512752354
NLA06608-0290,1,0.042236871,0.008,0.450275071,1.550086793,0.23054,0.507691322
NLA06608-0291,1,0.326470518,0.0696,5.528838059,10.49958915,0.78888,0.606504738
NLA06608-0293,1,0.299443726,0.7168,0.297917581,0.115956445,1.25725,0.632244675
NLA06608-0294,1,3.464478294,0.6578,0.257212881,0.409313711,1.18754,0.517840475
NLA06608-0295,1,0.006901137,0.1394,1.474065835,0.070688764,0.70911,0.600270546
NLA06608-0297,1,0.081062379,0.2651,0.629077265,0.158697948,0.92969,0.861462192
NLA06608-0299,1,0.107156208,0.3781,2.175218739,0.557660238,1.06191,0.643627995
NLA06608-0302,1,0.595978802,0.1158,0.660060345,0.976710442,0.6811,0.604042538
NLA06608-0303,1,0.137573138,0.4314,0.194737022,0.058420081,1.14185,0.643880955
NLA06608-0306,1,0.001193909,0.0101,0.329167383,0.038171504,0.22766,0.528250514
NLA06608-0312,1,0.184920574,0.2215,0.087352057,0.068536884,0.98529,0.758991643
NLA06608-0313,1,0.045317947,0.3584,0.120233441,0.014873105,0.98833,0.860372522
NLA06608-0318,1,0.241178488,0.0654,0.627780476,1.204922248,0.70054,0.511154131
NLA06608-0319,1,1.134373646,0.4819,0.023140975,0.048060889,1.0387,0.813233561
NLA06608-0324,1,0.067202067,0.3328,0.40233024,0.078364571,0.78479,0.693646266
NLA06608-0325,1,1.474380594,0.052,0.313674791,0.885182844,1.02436,1.098047717
NLA06608-0326,1,0.063730314,0.6974,0.48093449,0.042694843,1.1845,0.645592526
NLA06608-0327,1,0.054352629,0.3885,0.152809759,0.019771195,1.37513,0.957762544
NLA06608-0328,1,0.241038805,0.375,0.219050128,0.117970672,1.34811,0.952956084
NLA06608-0330,1,0.003013927,0.2291,0.119915302,0.001575674,0.76712,0.541016098
NLA06608-0332,1,0.192243835,0.2668,0.433804635,0.294063971,1.25585,0.855803186
NLA06608-0333,1,9.882824052,0.7058,1.80740059,2.103127843,1.31574,0.653932858
NLA06608-0334,1,0.022465946,0.0187,0.316790264,0.316525191,0.44978,0.56764099
NLA06608-0337,1,0.123097627,0.243,2.852573411,1.101581424,0.60445,0.553176844
NLA06608-0339,1,0.020867695,0.0832,3.159906117,0.673827846,0.58105,0.57318403
NLA06608-0340,1,0.01660239,0.2244,0.497201378,0.036635515,0.49431,0.506664658
NLA06608-0341,1,0,0.6877,0.20537479,0.331007171,1.15238,0.607259245
NLA06608-0343,1,0.172197238,0.1162,1.268644513,0.833906597,0.62559,0.593205974
NLA06608-0344,1,0.042506677,0.185,1.460647736,0.291327683,0.86972,0.707014077
NLA06608-0345,1,0.257028983,0.4215,0.288127863,0.161045609,0.96613,0.748496109
NLA06608-0350,1,0.026250899,0.085,1.497555463,0.422048698,0.64811,0.530912329
NLA06608-0354,1,1.115170785,0.6288,0.178993432,0.218342268,1.2042,0.596898145
NLA06608-0356,1,0.025803434,0.0162,0.559505322,0.646422796,0.35483,0.583356703
NLA06608-0357,1,0.420678917,0.7356,0.283153342,0.134628715,1.26936,0.534473654
NLA06608-0358,1,0.755258168,0.6854,0.026496644,0.027945931,1.20823,0.476902154
NLA06608-0359,1,0.118145511,0.1093,0.186401278,0.182656986,0.65355,0.612185784
NLA06608-0361,1,0.043642501,0.3788,0.25305715,0.028771122,0.8683,0.843563962
NLA06608-0363,1,0.175900875,0.3848,0.173159264,0.077510746,1.03215,0.647323821
NLA06608-0366,1,0.226862537,0.1222,0.601008424,0.985695253,0.64276,0.541243152
NLA06608-0367,1,0.466335818,0.5251,0.226374194,0.176996048,1.10532,0.620976076
NLA06608-0369,1,2.138707946,0.7395,2.309750054,3.515079073,1.26016,0.487302831
NLA06608-0372,1,0.05076981,0.0213,1.475150397,2.586277404,0.43724,0.66094778
NLA06608-0373,1,0.299531862,0.0285,9.337630592,30.58398698,0.29532,0.607211881
NLA06608-0376,1,0.206482628,0.3708,0.749391814,0.35913324,1.23646,0.870952353
NLA06608-0377,1,19.98686608,0.4405,0.655775204,0.73023876,0.92359,0.644302057
NLA06608-0378,1,0.1086482,0.0144,0.875441795,4.782271376,0.28132,0.536372832
NLA06608-0384,1,364.1368029,0.0156,1.39120792,1.395307355,0.38404,0.533938914
NLA06608-0385,1,0.00735108,0.2925,2.027983908,0.049556214,0.47311,0.460815808
NLA06608-0386,1,0.09207076,0.5472,0.505193892,0.083416921,1.06399,0.605901965
NLA06608-0388,1,0.296657736,0.262,1.47765865,1.318757358,0.84792,0.713041989
NLA06608-0393,1,0.040157383,0.3909,0.302184307,0.030998579,0.35836,0.8322104
NLA06608-0395,1,0.036652085,0.2052,0.223961781,0.039656068,0.87768,0.875644447
NLA06608-0399,1,0.003531564,0.2724,0.283049927,0.003657859,0.89338,0.61326183
NLA06608-0401,1,8.649445634,0.4927,1.738915274,3.148337904,1.00227,0.490787075
NLA06608-0402,1,0.355339545,0.9358,0.289120957,0.091947807,1.38425,0.609721659
NLA06608-0403,1,0.046573443,0.0625,5.372498156,3.202303163,0.63073,0.53817475
NLA06608-0405,1,0.204157637,0.5551,0.249833775,0.085657273,1.09583,0.544967876
NLA06608-0406,1,0.179814943,0.9365,0.261956542,0.046565553,1.12581,0.441658967
NLA06608-0407,1,0.406272035,0.1362,1.334657605,1.317482689,0.69773,0.600505315
NLA06608-0408,1,0.209590135,0.3273,0.346855569,0.203532826,1.16627,0.906695052
NLA06608-0413,1,0.056435453,0.4304,0.193206092,0.02465368,0.9511,0.797403945
NLA06608-0414,1,0.041054823,0.0343,0.465377971,0.294005783,0.63585,0.54334947
NLA06608-0418,1,0.73523321,0.6288,0.388379402,0.289354478,1.18571,0.5436852
NLA06608-0421,1,0.730155141,0.5866,0.047701386,0.057015013,1.14903,0.601081842
NLA06608-0425,1,0.03600137,0.1615,0.269092312,0.05899126,0.32672,0.478545624
NLA06608-0426,1,0.421520639,0.3782,1.862573479,1.267766491,0.82666,0.554411416
NLA06608-0432,1,0.143019803,0.2189,0.175459518,0.107316983,0.96739,0.884397765
NLA06608-0433,1,0,,1.224749011,21.49721242,0.94302,0.595921151
NLA06608-0435,1,0.157745292,0.1181,1.032222281,0.900267327,0.71588,0.552469623
NLA06608-0436,1,0.019103523,0.5823,0.128661539,0.00420813,1.42292,0.871849204
NLA06608-0439,1,0.017064619,0.0214,0.384981983,0.208160085,0.51267,0.585712777
NLA06608-0440,1,0.357179245,0.3367,0.348281783,0.315410114,1.2744,0.896384256
NLA06608-0442,1,0.005385782,0.0169,1.150804743,0.296348985,0.41329,0.542830034
NLA06608-0444,1,0.144529523,0.2547,0,0,1.06476,0.871363309
NLA06608-0445,1,0.84761242,0.404,0.090482655,0.174485244,0.98696,0.645128926
NLA06608-0447,1,0.190761786,0.3577,0.918499201,0.43703262,0.82564,0.694233637
NLA06608-0449,1,0.082961608,0.1424,0.295009149,0.165120878,0.45621,0.578352242
NLA06608-0452,1,0.054631778,0.0217,1.306695891,1.849950368,0.51429,0.661828633
NLA06608-0453,1,0.704260909,0.0531,0.68343791,1.283004189,0.99385,1.09813058
NLA06608-0454,1,0.196455032,0.6531,0.141547367,0.039428818,1.236,0.638144967
NLA06608-0456,1,0.743463485,0.4051,0.214957048,0.339470766,1.34104,0.966978118
NLA06608-0458,1,0.00201563,0.143,0.543467038,0.007616368,0.9469,0.954956275
NLA06608-0459,1,0.250074664,0.2651,0.651261114,0.501837839,0.9203,0.801066688
NLA06608-0462,1,0.090945191,0.1115,4.11150082,2.415022788,0.52571,0.510203903
NLA06608-0463,1,0.003801767,0.3117,0.589881019,0.007167708,0.91023,0.617389143
NLA06608-0467,1,0.070300095,0.2304,1.287551768,0.376321143,0.92207,0.605219097
NLA06608-0468,1,0.069578421,0.5836,0.367524758,0.043474842,0.89748,0.310891669
NLA06608-0469,1,0.18768742,0.6133,0.552909267,0.161909198,1.16602,0.547063071
NLA06608-0470,1,1.052793915,0.5901,0.846799669,1.093174932,1.11578,0.563001745
NLA06608-0471,1,0.128797652,0.1518,1.6414857,1.009178918,0.66314,0.589975032
NLA06608-0472,1,0.711985433,0.4301,0.126269584,0.181916919,1.39923,0.897390259
NLA06608-0473,1,0.011723393,0.384,0.293593354,0.008944235,0.95517,0.811297532
NLA06608-0479,1,0.031126023,0.4635,1.028755647,0.066839386,1.00843,0.694497235
NLA06608-0480,1,0.115255825,0.3093,1.268581703,0.427594941,0.96533,0.730391543
NLA06608-0483,1,0.001789225,,1.354650222,9.413372532,0.70185,1.090254538
NLA06608-0484,1,0.063835944,0.4264,0.126401627,0.018164492,0.9727,0.79470346
NLA06608-0488,1,0.132768816,0.461,0.02372731,0.006739262,1.2871,0.819670077
NLA06608-0489,1,0.08054097,0.3403,0.188236903,0.042447917,0.86828,0.741975257
NLA06608-0491,1,0.0170434,0.3528,0.156860255,0.007453515,1.02167,0.650348054
NLA06608-0493,1,0.208773275,0.3455,0.330767866,0.193334965,0.76953,0.73786233
NLA06608-0494,1,0.11437528,0.1156,4.151041741,3.092372057,0.65339,0.548791318
NLA06608-0495,1,0.004104838,0.0103,1.206927922,0.473378835,0.42443,0.4686576
NLA06608-0496,1,0.023605347,0.014,0.691389843,0.715923984,0.32021,0.552458208
NLA06608-0497,1,5.99914298,0.0157,4.421074334,8.594703134,0.3705,0.574159074
NLA06608-0498,1,0.089304035,0.6891,0.101013582,0.012985299,1.19166,0.599210145
NLA06608-0500,1,0.065663383,0.596,0.457680273,0.049767188,1.4112,0.86970992
NLA06608-0501,1,0.338260551,0.4864,0.630802656,0.399967547,0.86906,0.708556466
NLA06608-0502,1,0.149818107,0.2413,1.65422451,0.808675135,0.84653,0.612547377
NLA06608-0503,1,0.300074586,0.065,0.774397697,0.880329808,0.63504,0.627514405
NLA06608-0508,1,4.979254473,0.2504,0.122903934,0.153759838,1.11771,0.898773896
NLA06608-0509,1,3.950632218,0.4951,0.098246858,0.218086834,1.15358,0.63083205
NLA06608-0510,1,0.194382316,0.0233,1.096305021,1.825287902,0.54878,0.55776165
NLA06608-0511,1,0.049488362,0.4798,0.468680032,0.048046746,0.59371,0.384637487
NLA06608-0512,1,0.043288001,0.018,1.398603151,1.293797591,0.44655,0.501123874
NLA06608-0514,1,0.377093103,0.31,0.217728852,0.254586201,0.9141,0.644882191
NLA06608-0515,1,0.171611087,0.022,1.247891915,1.805678767,0.52726,0.583475401
NLA06608-0523,1,0.018273754,0.1116,1.048682559,0.159900097,0.65905,0.621539087
NLA06608-0526,1,0.39498364,0.1227,1.539024628,2.371824121,0.79127,0.504055532
NLA06608-0528,1,2.067811461,0.0848,2.707826001,4.577677887,0.80207,0.659023365
NLA06608-0529,1,0.01470825,0.0063,0.636937859,1.308227969,0.17752,0.65945854
NLA06608-0530,1,0.110958072,0.049,0.27739269,0.330335196,0.97694,1.02173866
NLA06608-0531,1,0.000671456,0.0725,0.576851264,0.005312578,0.55295,0.583574699
NLA06608-0533,1,0.483394159,0.6379,0.095702341,0.069420197,1.08457,0.540239295
NLA06608-0537,1,0.040639712,0.4442,0.271289283,0.024526048,0.995,0.603648725
NLA06608-0540,1,0.017537031,0.1072,0.405428615,0.060355258,0.94887,0.886162495
NLA06608-0541,1,0.189407558,0.3768,0.533297968,0.243748222,0.83819,0.7303629
NLA06608-0542,1,0.282796115,0.118,0.674145077,0.501589164,0.57132,0.511062257
NLA06608-0546,1,0.123119228,0.6454,0.054425334,0.010187263,1.16854,0.615374045
NLA06608-0547,1,0.015345789,0.1148,0.514815248,0.066950651,0.77538,0.590216414
NLA06608-0550,1,2.105474927,0.6294,0.185959635,0.317017788,1.15354,0.515686609
NLA06608-0551,1,0.084814893,0.0786,1.053836314,0.974098195,0.67235,0.613162917
NLA06608-0555,1,0.539342315,0.4145,0.972721523,0.911486208,1.0767,0.612576352
NLA06608-0558,1,0.052033988,0.0918,1.768190052,0.685316106,0.6357,0.573116107
NLA06608-0560,1,0.001753528,0.0164,3.005358608,0.307689456,0.57068,0.809757602
NLA06608-0561,1,0.502340181,0.5105,1.493212962,1.352682218,0.77333,0.416231904
NLA06608-0562,1,0.095244004,0.6909,0.268630059,0.036334446,1.24258,0.639645593
NLA06608-0564,1,0.019736093,0.2638,0.501602795,0.03745554,0.31454,0.603163133
NLA06608-0565,1,0.010752958,0.274,0.209711888,0.008220074,0.19609,0.716215614
NLA06608-0569,1,0.027092428,0.0159,0.190983551,0.248523537,0.26188,0.660878921
NLA06608-0570,1,0.023139284,0.0188,1.855299352,2.057316617,0.35933,0.570315824
NLA06608-0579,1,0.00276171,0.0244,0.403883263,0.042650218,0.58246,0.587723902
NLA06608-0580,1,0.066340624,0.3435,1.001399461,0.189667243,0.80536,0.686141415
NLA06608-0581,1,0.018000645,0.1551,0.907544166,0.104602249,0.26792,0.536356055
NLA06608-0582,1,0.053718736,0.6149,0.041727859,0.003635111,1.13592,0.634255639
NLA06608-0583,1,0.516842423,0.3891,0.179199728,0.097575971,1.42272,0.97493785
NLA06608-0585,1,3.3897676,0.0021,2.002222257,5.145344435,0.06093,0.667457535
NLA06608-0587,1,2.102923244,0.4614,0.993654791,1.462208313,1.12601,0.649601855
NLA06608-0588,1,0.168090944,0.1372,0.456723334,0.370588646,0.84823,0.777883635
NLA06608-0590,1,0.193969248,0.0738,0.437653046,0.712561967,0.56164,0.510928251
NLA06608-0591,1,0.111810045,0.2941,0.446418018,0.163819165,0.83297,0.815870956
NLA06608-0593,1,1.064250037,1.0592,1.373054832,1.097309805,1.62657,0.552715334
NLA06608-0594,1,0.025433394,0.1209,0.143238406,0.028575275,1.03154,0.967852305
NLA06608-0595,1,0.013723117,0.0234,0.886751153,0.397689485,0.53069,0.596791059
NLA06608-0596,1,0.114258811,0.4074,0.9351043,0.260732404,0.26239,0.370173506
NLA06608-0597,1,1.213388154,0.008,3.444177485,12.72598795,0.19354,0.664343712
NLA06608-0599,1,0.297592924,0.3467,0.134559711,0.108372669,1.24804,1.016765491
NLA06608-0606,1,0.225437868,0.0619,2.038555108,2.653111274,0.60221,0.526567641
NLA06608-0608,1,0.38798016,0.516,0.268661255,0.156805836,1.04954,0.823081896
NLA06608-0609,1,0.065818327,0.0578,0.589550117,0.464049977,1.05905,1.09372505
NLA06608-0610,1,0.817989181,0.596,0.35192416,0.35966553,1.15602,0.600147903
NLA06608-0611,1,0.048538882,0.3735,1.146884661,0.142441736,1.09661,0.616943011
NLA06608-0614,1,0.377960824,0.6121,0.621729552,0.355131868,1.05547,0.626752482
NLA06608-0616,1,0.089233237,0.1239,0.231900112,0.146909356,0.85721,0.840231338
NLA06608-0617,1,0.047490076,0.017,0.53008843,0.908253437,0.40508,0.504016418
NLA06608-0618,1,0.029506203,0.2944,0.187685517,0.018488522,1.1438,0.916713284
NLA06608-0619,1,0.520208975,0.2834,0.216318157,0.360432943,0.86966,0.648442858
NLA06608-0622,1,0.07191755,0.0694,1.588601751,1.314436751,0.60223,0.589487612
NLA06608-0623,1,0.889535681,0.4274,0.091495136,0.162554923,1.01263,0.646790702
NLA06608-0624,1,0.178911537,0.2538,0.348404342,0.230266978,0.8894,0.729007376
NLA06608-0625,1,0.320136514,0.3892,0.799123836,0.591406054,0.66208,0.419361578
NLA06608-0627,1,0.200045804,0.1804,2.192048263,1.372326158,0.6517,0.573382728
NLA06608-0628,1,0.236976975,0.02,1.185180216,2.711485036,0.44644,0.550989273
NLA06608-0630,1,0.226657535,0.1191,0.850215446,0.741747084,0.61632,0.511457282
NLA06608-0632,1,0.005832489,0.333,2.24720736,0.038672566,1.18098,0.791300236
NLA06608-0634,1,0.013630558,0.0191,0.947261754,0.475043728,0.45297,0.554700972
NLA06608-0635,1,1.075354763,0.0178,0.703524716,4.040927443,0.41789,0.603401883
NLA06608-0637,1,0.456511303,0.0939,1.40127446,4.540156039,0.43516,0.416812325
NLA06608-0641,1,1.662391602,0.1456,0.344377825,0.921885796,0.49872,0.542344434
NLA06608-0648,1,0.029227384,0.2638,0.672416525,0.067023029,0.79525,0.650756232
NLA06608-0649,1,0.274100352,0.7256,0.402233924,0.142424108,0.85575,0.429904975
NLA06608-0650,1,0.301577594,0.2579,0.672320198,0.655503078,0.49509,0.412409803
NLA06608-0651,1,0.140577227,0.2369,0.678393836,0.35126435,0.92393,0.866815654
NLA06608-0654,1,0.030004649,0.1111,0.9066532,0.198487779,0.57641,0.509192582
NLA06608-0657,1,0.18037406,0.599,0.266721583,0.071984348,1.09118,0.491493025
NLA06608-0658,1,1.045631444,1.3298,1.994184687,1.105813741,1.78373,0.580744925
NLA06608-0659,1,0.009089246,0.0245,0.490932631,0.173407507,0.57785,0.538926285
NLA06608-0660,1,0.132591824,0.5851,0.813676894,0.171493622,1.08169,0.687671229
NLA06608-0661,1,0.043733612,0.5222,0.174662735,0.014460344,1.01086,0.579900712
NLA06608-0662,1,1.770413915,0.786,0.240920321,0.334287661,1.24077,0.477536539
NLA06608-0663,1,0.05986549,0.1129,0.387964412,0.152649602,0.66699,0.599662047
NLA06608-0665,1,0.182472156,0.3453,0.075361699,0.037973348,0.93683,0.855909285
NLA06608-0671,1,0.021875791,0.4544,0.821791566,0.038710573,0.77059,0.306378953
NLA06608-0672,1,0.543682735,0.1844,0.203833545,0.310280688,0.86144,0.774764465
NLA06608-0674,1,0.743986009,0.7364,0.201562538,0.154843609,1.24519,0.511645072
NLA06608-0677,1,0.016122849,0.0086,1.054796906,1.28107737,0.28908,0.599867087
NLA06608-0678,1,0.074095775,1.7747,0.093469909,0.003876212,1.60644,0.433612385
NLA06608-0679,1,0.08693491,0.1861,1.253603614,0.442886867,0.77903,0.642437156
NLA06608-0681,1,0.052508446,0.5048,0.152101255,0.015576374,0.9775,0.674843396
NLA06608-0686,1,0.00655619,0.0871,0.388358536,0.027885501,0.6109,0.589997676
NLA06608-0687,1,0.22385352,0.5218,0.532017013,0.217626147,0.92754,0.350749589
NLA06608-0690,1,0.013663224,0.685,0.115521224,0.002299794,1.21286,0.620787666
NLA06608-0692,1,0.605516513,0.2038,0.262605045,0.523904393,0.90669,0.677396905
NLA06608-0693,1,0.004444469,0.2596,0.055251839,0.000945706,0.34239,0.820025898
NLA06608-0696,1,0.109137858,0.3863,0.146221167,0.038751302,1.41822,0.906899912
NLA06608-0707,1,0.005608012,0.0743,0.506142536,0.035848722,0.57281,0.569587949
NLA06608-0709,1,0.007308407,0.0505,0.72896243,0.093170608,1.01199,1.064516079
NLA06608-0710,1,0.387464035,0.6536,0.420956888,0.220283332,1.15648,0.623672366
NLA06608-0711,1,0.09132856,0.7197,0.272167381,0.033554938,1.82406,0.979369208
NLA06608-0712,1,0.192877842,0.4278,0.149512405,0.063177454,1.43887,0.980952858
NLA06608-0713,1,0.024806787,0.196,1.243838256,0.155180677,0.31081,0.476996599
NLA06608-0715,1,0.05628419,0.205,0.722435034,0.196784382,0.53913,0.491379379
NLA06608-0717,1,0.115944049,0.4977,0.062664885,0.01434487,1.01051,0.750417616
NLA06608-0718,1,0.602995437,0.0172,0.485492375,1.11577308,0.389,0.573758182
NLA06608-0720,1,0.010925272,0.0274,0.952183955,0.337964775,0.72043,0.708470364
NLA06608-0721,1,0.683824448,1.0077,0.372611543,0.207775505,1.56213,0.582654581
NLA06608-0723,1,0.007293672,0.0151,0.80575674,0.327551455,0.34108,0.608048823
NLA06608-0724,1,1.043592432,0.6104,0.669091996,0.67723011,1.08547,0.692156254
NLA06608-0726,1,0.09213495,0.7591,0.071128124,0.008590391,1.24099,0.552152083
NLA06608-0727,1,0.154453855,0.1041,1.064418525,0.828545336,0.66508,0.590100094
NLA06608-0731,1,0.056438421,0.3605,0.782747994,0.11496564,1.01864,0.643896065
NLA06608-0733,1,0.000871495,0.0076,0.254776622,0.029071734,0.09866,0.824415005
NLA06608-0734,1,0.22487687,0.1879,0.132719193,0.144024024,0.70577,0.527017302
NLA06608-0738,1,0.751349109,0.7862,1.029648843,0.790659345,1.33567,0.575757629
NLA06608-0743,1,0.021660958,0.0948,0.823424236,0.178549372,0.702,0.614413859
NLA06608-0744,1,0.550075255,0.447,0.020181767,0.024074833,1.31648,0.800044577
NLA06608-0749,1,0.019871829,0.3611,0.030829581,0.00169137,0.86748,0.749831161
NLA06608-0751,1,0.047880514,0.2032,0.68310684,0.158143423,0.74498,0.764678029
NLA06608-0753,1,0.185345884,0.64,0.696221424,0.190995468,1.13051,0.574683752
NLA06608-0754,1,1.38474602,0.6875,1.650461162,2.171250479,1.2005,0.597145052
NLA06608-0755,1,0.046801051,0.0252,0.139477939,0.213851336,0.55988,0.607041507
NLA06608-0756,1,0.064086991,0.4332,0.858194169,0.116366872,1.32512,0.912849158
NLA06608-0759,1,0.02833957,0.1012,0.250330968,0.0598599,0.81109,0.632210585
NLA06608-0761,1,0.073148261,0.7717,0.53908832,0.049350494,1.50373,0.680246972
NLA06608-0762,1,0.007141844,0.0556,1.125392094,0.135288044,0.4809,0.572568351
NLA06608-0764,1,8.47E-05,0.0136,1.012553202,0.006301644,0.65754,0.658669245
NLA06608-0765,1,0.289771784,0.6111,0.008366515,0.003914191,1.13235,0.562980894
NLA06608-0766,1,0.022172025,0.0232,4.434878995,3.125157318,0.55788,0.580133852
NLA06608-0769,1,0.1764654,0.4442,0.445271251,0.166838258,0.60173,0.577554008
NLA06608-0770,1,0.207016302,0.0059,0.388267402,3.185746631,0.11601,1.209923769
NLA06608-0771,1,0.127042708,0.1231,3.672137284,1.427038779,0.67641,0.554912783
NLA06608-0775,1,0.085547709,0.139,0.09962175,0.059256017,0.94779,0.942578534
NLA06608-0779,1,0.104409973,0.1181,0.351110783,0.206801684,0.68586,0.660521092
NLA06608-0781,1,0.144031377,0.6411,0.159166822,0.033970908,1.21042,0.598886075
NLA06608-0782,1,0.205950753,0.1167,1.038983671,1.241953603,0.74441,0.501772173
NLA06608-0783,1,0.030744768,0.5346,0.116481089,0.006475609,1.11982,0.661392212
NLA06608-0785,1,0.025557493,0.0052,0.549064185,2.359303739,0.15307,0.678668577
NLA06608-0792,1,0.097548943,0.3562,0.92061484,0.234140224,1.31235,0.999930645
NLA06608-0793,1,0.352904539,0.4617,0.374031446,0.255686854,1.00758,0.600657981
NLA06608-0794,1,0.434312493,0.2648,3.784345115,4.217471123,0.29804,0.388398859
NLA06608-0797,1,0.005846833,0.0075,0.079566768,0.06105208,0.15171,0.548650417
NLA06608-0802,1,0.078414848,0.692,0.130548412,0.014474971,1.24541,0.542257591
NLA06608-0804,1,0.096021884,0.501,0.338401043,0.061830729,1.00462,0.792600029
NLA06608-0805,1,0.459015298,0.5607,0.440733996,0.288773681,1.07375,0.5882682
NLA06608-0806,1,0.097967462,0.6206,0.318188402,0.04847032,1.14989,0.501484595
NLA06608-0807,1,0.525546905,0.1279,2.346606957,2.28053337,0.71025,0.594817188
NLA06608-0808,1,0.277386665,0.3565,0.462749707,0.242516989,1.22647,0.790689091
NLA06608-0809,1,0.004130092,0.041,1.16473659,0.115159589,0.34286,0.594033909
NLA06608-0811,1,0.083954599,0.4052,1.201632747,0.229179305,1.07406,0.627915173
NLA06608-0812,1,0.216832152,0.3425,0.926124903,0.405131097,1.3088,0.947365548
NLA06608-0815,1,0.788271041,0.1974,0.011668981,0.044309315,0.96611,0.935311467
NLA06608-0820,1,0.022382432,0.3093,0.012322156,0.000889194,0.89176,0.765030747
NLA06608-0823,1,0.168651063,0.0594,3.978476146,5.251758098,0.70461,0.571336101
NLA06608-0824,1,0.103968542,0.4097,0.814065678,0.190004689,1.30387,0.862614511
NLA06608-0825,1,0.003328577,0.0165,0.438601292,0.08704705,0.29919,0.628115974
NLA06608-0827,1,0.412970387,0.0183,1.419866918,4.355877904,0.44865,0.636092519
NLA06608-0828,1,0.265087059,0.3191,0.411655553,0.238509609,1.2176,0.942624168
NLA06608-0830,1,0.016941961,0.023,0.20539653,0.107806784,0.5465,0.563797312
NLA06608-0831,1,4.725452315,0.9206,0.253944839,0.364276467,1.34952,0.681725283
NLA06608-0833,1,0.060699431,1.4452,0.969218354,0.039869396,1.24567,0.370349458
NLA06608-0834,1,0.001670439,0.0181,0.901309224,0.082997085,0.17163,1.17924818
NLA06608-0836,1,0.048854753,0.0137,0.798888487,1.339543411,0.31089,0.592098181
NLA06608-0837,1,0.006115564,0.0097,0.312930061,0.185350279,0.25831,0.545746948
NLA06608-0842,1,0.53674083,0.5138,2.038760322,1.735682459,0.88025,0.296466119
NLA06608-0843,1,0.07869611,0.2671,0.460923227,0.122781712,0.96572,0.871399536
NLA06608-0846,1,0.034685949,0.1005,0.618619323,0.186551671,0.64587,0.509928344
NLA06608-0847,1,0.529539958,0.4985,0.314259836,0.227125363,1.09878,0.676203557
NLA06608-0849,1,0.432993784,2.2877,4.536070687,0.702976628,2.88786,0.544954053
NLA06608-0850,1,0.055654129,0.3195,0.704634514,0.122034561,0.37965,0.504408584
NLA06608-0851,1,0.090669538,0.0227,0.763550862,1.343371579,0.52592,0.5862141
NLA06608-0856,1,0.191111426,0.2833,0.53080742,0.312010139,1.12372,0.941253512
NLA06608-0857,1,0.192610362,0.3607,0.155242587,0.079278805,0.87574,0.789087995
NLA06608-0859,1,0.02664901,0.294,0.829618181,0.073763865,1.04746,0.625754446
NLA06608-0860,1,0.051362335,0.2344,0.064055113,0.013940712,1.03875,0.692559743
NLA06608-0862,1,0.351668616,0.1182,2.762098782,2.657283593,0.62712,0.511939474
NLA06608-0863,1,0.330431839,0.3544,0.185398433,0.158104083,0.95843,0.653421454
NLA06608-0864,1,0.635183614,0.0207,4.026635625,6.73246758,0.48661,0.716290731
NLA06608-0865,1,0.472048513,0.0494,0.295149522,0.731795815,0.99052,1.119576156
NLA06608-0868,1,0.467023488,0.5663,0.430210776,0.278743476,1.07762,0.780695953
NLA06608-0869,1,0.140133701,0.5405,0.059203615,0.014840534,1.05526,0.557962289
NLA06608-0870,1,0,1.784,0.093472133,0.102244947,1.95403,0.523972742
NLA06608-0871,1,0.148302063,0.0942,0.856893057,0.705811868,0.62077,0.603930214
NLA06608-0872,1,0.029294026,0.2218,0.315518595,0.039879348,1.07389,0.802818851
NLA06608-0873,1,0.03662613,0.0169,0.880346308,1.42234013,0.40298,0.537783269
NLA06608-0874,1,0.198177127,0.3954,0.28457748,0.138496922,0.87076,0.581402827
NLA06608-0875,1,0.260260694,0.303,2.236700496,1.064723635,0.91327,0.61326183
NLA06608-0877,1,0.969483577,0.0015,7.057413559,28.1000275,0.03167,1.298777376
NLA06608-0878,1,0.067321165,0.1915,2.788618316,0.873682509,0.65326,0.586867966
NLA06608-0880,1,0.002194714,0.021,0.842733553,0.084735934,0.50631,0.658315476
NLA06608-0881,1,0.409834266,0.0245,0.302382445,2.890541155,0.29141,0.502025355
NLA06608-0885,1,0.012528035,0.0032,0.555411962,2.041648061,0.06734,0.872653523
NLA06608-0889,1,0.072654346,0.0072,0.106012064,0.8536948,0.23414,0.517214177
NLA06608-0890,1,0.217789513,0.1574,1.521787907,1.348416979,0.81053,0.47340245
NLA06608-0891,1,0.000718199,0.0158,0.332936361,0.015035962,0.35413,0.585998136
NLA06608-0893,1,15.2148854,0.3633,0.057472446,0.145743248,0.96865,0.654794158
NLA06608-0895,1,0.00447401,0.0171,0.334005057,0.083625829,0.2763,0.633199999
NLA06608-0899,1,0.003154717,0.0247,0.917388256,0.108354576,0.57139,0.555043885
NLA06608-0900,1,0.373424925,0.3013,0.255747615,0.278747168,0.94056,0.767841716
NLA06608-0904,1,0.097259847,0.1394,0.17069861,0.100472097,0.85434,0.675660113
NLA06608-0905,1,0.25307701,0.1123,3.910622674,4.689541393,0.42293,0.395408503
NLA06608-0906,1,3.734857943,1.0447,0.854967017,0.848947653,1.03698,0.403603065
NLA06608-0913,1,0.036124825,0.6215,0.648713975,0.035913457,1.11112,0.47626234
NLA06608-0914,1,0.643468511,0.9031,1.687138583,0.796904146,1.35361,0.5239093
NLA06608-0915,1,0.003811219,0.0498,0.533441417,0.039075861,0.64359,0.569571013
NLA06608-0916,1,0.069273888,0.498,0.32836455,0.04524905,0.55777,0.373118269
NLA06608-0918,1,0.604465883,0.7013,0.268996586,0.221530584,1.18068,0.475924779
NLA06608-0921,1,0.022864988,0.4119,0.267326763,0.014730077,0.91358,0.806967925
NLA06608-0922,1,0.208517499,0.0187,3.060889523,16.1395366,0.37034,0.554996788
NLA06608-0924,1,0.06820068,0.0734,0.197084013,0.152516069,0.54808,0.628471869
NLA06608-0925,1,0.010777387,0.0151,0.561809869,0.398291484,0.06987,1.202336633
NLA06608-0926,1,0.323326289,0.09,6.105293968,8.076291543,0.64662,0.542667305
NLA06608-0927,1,0.617802887,0.0072,1.145961598,5.362910669,0.16528,0.644175529
NLA06608-0929,1,0.49354797,0.3099,0.780699026,0.963626399,0.6765,0.415949112
NLA06608-0930,1,0.058213271,0.4889,2.61346372,0.300890181,1.08745,0.563182882
NLA06608-0933,1,0.182775879,0.0526,0.081374363,0.276750492,0.18326,0.572149647
NLA06608-0934,1,0.652961722,1.4642,10.381368,2.901802074,1.84828,0.411487632
NLA06608-0935,1,0.406206912,0.1195,2.528086141,2.634513764,0.79059,0.618115176
NLA06608-0938,1,0.041537466,0.4133,0.373214171,0.037301915,0.83832,0.60830129
NLA06608-0940,1,0.127836,0.0099,0.175053968,1.342387744,0.23539,0.618127475
NLA06608-0942,1,0.107599886,0.0845,4.559561974,3.871205833,0.66501,0.542907287
NLA06608-0943,1,0.308655673,0.471,0.466374451,0.292929528,0.89274,0.735927424
NLA06608-0944,1,0.026769982,0.0154,0.431928159,0.573302438,0.34949,0.590099352
NLA06608-0946,1,0.219302448,0.631,0.302003178,0.08817402,1.16673,0.598344482
NLA06608-0950,1,0.010376152,0.0073,1.759897905,2.285112209,0.17695,0.608104351
NLA06608-0955,1,0.086013767,0.0786,0.671928102,0.695029661,0.49563,0.471832369
NLA06608-0957,1,0.529459857,0.4597,0.511281612,0.452129465,1.10198,0.658033319
NLA06608-0958,1,0.061040786,0.0681,0.957846637,0.650164043,0.68057,0.529168912
NLA06608-0961,1,0.000388086,0.9313,0.492716871,0.000205308,0.69379,0.573093466
NLA06608-0962,1,0.046950876,0.2017,0.895774955,0.20609607,0.57158,0.524055318
NLA06608-0967,1,0.001287442,0.0323,0.252957587,0.009910593,0.67762,0.669892322
NLA06608-0968,1,0.310495525,0.099,0.759066406,0.461792678,0.85262,0.633168984
NLA06608-0970,1,0.463622519,0.2548,3.309814656,4.620435594,0.37017,0.382501963
NLA06608-0971,1,1.724933715,0.5939,0.398362315,0.679690707,1.13721,0.660335062
NLA06608-0972,1,2.06418561,0.2853,0.00868084,0.036981177,1.29521,0.87754555
NLA06608-0974,1,0.613696904,0.1349,1.615528664,3.811533233,0.65449,0.490806634
NLA06608-0979,1,0.002474981,0.0186,1.619983241,0.204300007,0.44214,0.521459888
NLA06608-0980,1,0.074715721,0.5943,0.078862092,0.009756263,1.13526,0.787018309
NLA06608-0982,1,0.423875118,0.5931,0.567905873,0.369739637,1.12221,0.5126859
NLA06608-0984,1,0.34704189,0.4364,0.028276939,0.021329421,1.39938,0.909157688
NLA06608-0986,1,0.194222054,0.3637,0.746139639,0.309841683,1.34741,0.944981153
NLA06608-0987,1,0.379433319,0.3706,2.236419453,1.307374271,1.06136,0.644235063
NLA06608-0989,1,0.165436106,0.4925,0.141098735,0.044332672,1.09426,0.784040968
NLA06608-0990,1,0.036829574,0.1272,1.381381867,0.348601339,0.63855,0.570293654
NLA06608-0993,1,0.719582411,0.6795,1.574664597,1.451243883,1.13864,0.476592662
NLA06608-0994,1,0.228161922,0.7768,0.343998017,0.094295325,1.31999,0.568570112
NLA06608-0996,1,0.144756593,0.0165,0.361641355,0.991263215,0.39562,0.579175529
NLA06608-0997,1,0.451315662,0.5556,0.54716596,0.403452017,1.08437,0.57336223
NLA06608-1001,1,0.014401357,0.285,0.058051706,0.002921736,0.91851,0.860555587
NLA06608-1002,1,0.017090701,0.0188,0.257300297,0.202594588,0.43331,0.576121439
NLA06608-1003,1,1.512610978,0.4619,1.516403284,1.850515918,1.1201,0.650918918
NLA06608-1005,1,0.054585497,0.4585,0.075770014,0.008870242,1.00404,0.748693269
NLA06608-1006,1,0.0304151,0.0457,1.925139416,0.897593453,0.50779,0.55837989
NLA06608-1007,1,0.394229196,0.4035,0.336030436,0.278321522,0.87401,0.691659969
NLA06608-1008,1,0.918454399,0.0106,3.6975297,10.83365279,0.25563,0.516773996
NLA06608-1010,1,0.040342638,0.5972,0.239563032,0.016150781,1.25098,0.657767684
NLA06608-1012,1,0.026633672,0.2706,0.358538847,0.033854333,0.96243,0.704050073
NLA06608-1014,1,0.342645173,0.2438,2.386846005,2.317982114,0.86858,0.611460571
NLA06608-1015,1,0.172364489,0.1326,0.495046606,0.349544695,0.86342,0.633942082
NLA06608-1016,1,0.195740732,0.3855,0.073359777,0.035455012,1.3869,0.871907016
NLA06608-1018,1,0.287982938,0.1472,0.470215271,0.367965277,0.76293,0.476699246
NLA06608-1022,1,0.021794939,0.024,0.932945537,0.488673023,0.56473,0.568752255
NLA06608-1024,1,0.150733539,0.0174,1.281754444,1.55933988,0.44015,0.5048534
NLA06608-1034,1,0.017912246,0.3077,0.91963874,0.052787718,0.85931,0.635627749
NLA06608-1035,1,0.039786431,0.1049,0.954416998,0.277782635,0.81786,0.624455025
NLA06608-1036,1,0.325356375,0.188,0.550161098,0.588387747,0.96208,0.78755711
NLA06608-1037,1,1.132592379,0.6885,0.030690741,0.048947142,1.25497,0.721498916
NLA06608-1038,1,0.162207553,0.1363,0.917867375,0.752852976,0.75897,0.503164661
NLA06608-1039,1,0.083746989,0.1458,1.009992526,0.413782114,0.87334,0.861351392
NLA06608-1041,1,0.012497122,0.032,3.122926117,1.159631594,0.28681,0.640732503
NLA06608-1044,1,0.086246759,0.3231,0.023391977,0.006210054,0.89395,0.850547965
NLA06608-1045,1,0.651168191,0.3882,2.189526016,3.001901773,0.76968,0.589849298
NLA06608-1047,1,0.262374429,0.3986,0.885443356,0.460107929,1.70977,0.95671415
NLA06608-1052,1,0.016794662,0.029,0.814499646,0.413127137,0.74462,0.727148965
NLA06608-1055,1,0.738438011,0.427,0.607676598,0.556814704,0.99448,0.659444149
NLA06608-1056,1,0.093419048,0.3132,0.929848412,0.252579982,1.01824,0.738403506
NLA06608-1057,1,0.939120085,1.1738,0.311304404,0.238017422,1.51698,0.481574986
NLA06608-1058,1,0.067604456,0.9953,5.151980526,0.331565545,1.10325,0.435310694
NLA06608-1059,1,0.144434101,0.1576,0.456164016,0.357345626,0.74251,0.60579512
NLA06608-1060,1,0.211580408,0.4634,0.346020606,0.121181327,1.02933,0.77570248
NLA06608-1070,2,0.16551874,0.081,1.244424112,1.259868863,0.66685,0.601563844
NLA06608-1073,1,0.150167201,1.16,1.655010931,0.209710843,0.96569,0.313534402
NLA06608-1075,1,0.21367442,0.1514,1.656646546,0.896521746,0.66513,0.508156373
NLA06608-1083,1,0.156466314,0.0152,0.721297593,3.610093519,0.37871,0.628669248
NLA06608-1086,1,0.144059312,0.0208,1.119695096,1.283431551,0.48631,0.569993339
NLA06608-1087,1,0.215981876,0.4679,0.312238084,0.124314672,1.0296,0.809435927
NLA06608-1089,1,0.104236521,0.0426,3.410076892,4.597635858,0.41006,0.503589541
NLA06608-1091,1,0.012979994,0.025,1.507876676,0.599278564,0.56942,0.555278571
NLA06608-1096,1,0.000360222,0.0214,0.040092166,0.000674408,0.65164,0.663671357
NLA06608-1100,1,0.129938309,0.2398,1.120790301,0.501786579,0.99806,0.787783594
NLA06608-1101,1,0.592815814,0.6984,0.516961303,0.29101482,1.24798,0.608185213
NLA06608-1102,1,0.574056549,0.1307,3.35290954,4.738711092,0.74759,0.510290202
NLA06608-1103,1,0.007506565,0.4675,0.66605701,0.010661127,1.01674,0.676849259
NLA06608-1107,1,0.085105974,0.022,0.341995831,0.411102139,0.52355,0.582756426
NLA06608-1108,1,0.148009394,0.281,0.376768471,0.182925804,0.92918,0.727164514
NLA06608-1111,1,0.04752498,0.1053,0.413028408,0.154143502,0.65709,0.596893537
NLA06608-1113,1,0.081309583,0.369,0.247030442,0.053863772,0.84603,0.77881213
NLA06608-1114,1,5.88351489,0.2411,0.28741732,0.712828498,1.20917,0.9953563
NLA06608-1115,1,0.355717941,0.5018,0.402516434,0.239706708,1.10359,0.673348305
NLA06608-1119,1,0.164891084,0.2675,0.182445184,0.10842014,0.59114,0.360705345
NLA06608-1120,1,0.048804572,0.5262,0.109936278,0.010128888,1.2418,0.770206719
NLA06608-1122,1,0.020623635,0.6887,0.130645555,0.003887405,1.20869,0.57612229
NLA06608-1124,1,3.49002126,0.0162,1.460377937,2.506309586,0.35966,0.578766167
NLA06608-1125,1,0.364772523,0.5658,0.427743237,0.245827889,1.08278,0.581084733
NLA06608-1129,1,0.029779553,0.1266,0.688116677,0.157902551,0.49078,0.528352443
NLA06608-1130,1,0.247407394,0.311,0.017243834,0.013648145,0.93246,0.613609369
NLA06608-1131,1,0.381177181,0.4059,2.261777097,1.675018927,1.06913,0.620191621
NLA06608-1134,1,0.060603385,0.0634,2.858030106,1.474396156,0.62609,0.559808745
NLA06608-1141,1,2.042410849,0.0034,3.501801705,11.70184849,0.235,0.798730603
NLA06608-1143,1,2.107737472,0.0497,0.013061002,0.149611375,0.66256,0.572092607
NLA06608-1145,1,0.244215933,0.5664,0.5444794,0.19841664,1.13782,0.666677928
NLA06608-1147,1,5.663841575,0.0144,6.234022708,10.32111515,0.33826,0.6268644
NLA06608-1148,1,0.013613146,0.0207,0.664319699,0.313410716,0.47585,0.606333278
NLA06608-1150,1,0.360107447,0.087,0.918716219,1.158240704,0.68973,0.513908129
NLA06608-1151,1,0.043388678,0.2305,0.158569995,0.029382512,0.55992,0.463314401
NLA06608-1153,1,1.383449246,0.9549,1.403853198,1.05060356,0.70285,0.498747248
NLA06608-1155,1,0.273349088,0.0349,1.45485598,1.526672839,0.55021,0.578317527
NLA06608-1162,1,0.207424549,0.3268,1.93399327,1.024289833,0.79518,0.545994844
NLA06608-1163,1,0.213429928,0.4602,2.217036318,0.82041273,1.09564,0.648301907
NLA06608-1164,1,0.401823032,0.4318,0.300815809,0.241852521,1.43911,0.908073826
NLA06608-1166,1,0.062814325,0.0859,8.036225989,3.925382911,0.54477,0.509429503
NLA06608-1167,1,1.958315676,0.3066,2.11840561,3.576145162,0.93381,0.614501373
NLA06608-1170,1,0.018418773,0.1441,2.227489337,0.279492094,0.5941,0.491403432
NLA06608-1172,1,0.805045971,0.6562,0.350836859,0.35550004,1.14542,0.704430924
NLA06608-1174,1,0.113728187,0.7765,1.041685078,0.148646939,1.22994,0.468655609
NLA06608-1175,1,0.106398542,0.0621,1.123321411,0.941232708,0.64369,0.626987838
NLA06608-1177,1,0.124870014,0.3196,0.019940294,0.007713922,0.94442,0.857143733
NLA06608-1179,1,0.095562894,0.4352,0.322297823,0.060525685,1.11785,0.624635001
NLA06608-1181,1,0.063797516,0.3478,0.084319455,0.01503571,0.91675,0.820403716
NLA06608-1183,1,0.206300993,0.4961,1.702916502,0.607595239,0.83629,0.30244397
NLA06608-1185,1,0.269089874,0.1035,0.216617223,0.311632274,1.08713,1.142568362
NLA06608-1189,1,0.335354871,0.6119,0.711927858,0.338614561,1.12587,0.552802413
NLA06608-1190,1,0.484835793,0.6887,0.170175973,0.111761627,1.04413,0.629350177
NLA06608-1191,1,0.710114804,0.359,0.02602903,0.046199872,1.334,1.003770827
NLA06608-1195,1,0.277400099,0.4606,0.88359787,0.438064996,1.14015,0.650602758
NLA06608-1198,1,0.170007296,0.1806,2.50467108,1.636907569,0.63779,0.580593069
NLA06608-1199,1,0.098757777,0.5221,0.511458887,0.094146833,0.97988,0.684579693
NLA06608-1204,1,0.036515321,0.5823,1.147163691,0.070784821,1.41595,0.877622896
NLA06608-1206,1,0.11760553,0.2269,0.466145755,0.196479188,0.74091,0.535157458
NLA06608-1207,1,0.095743312,0.0681,0.511849677,0.611719579,0.70739,0.602532374
NLA06608-1208,1,0.03785525,0.134,0.478389304,0.121642231,0.89426,0.786856052
NLA06608-1209,1,0.080798899,0.6782,0.141327497,0.016521639,1.21249,0.532172828
NLA06608-1210,1,0.005142477,0.054,0.767701202,0.068459535,0.45716,0.561190783
NLA06608-1217,1,0.037762326,0.1779,0.062110909,0.012918787,0.47338,0.579803039
NLA06608-1219,1,0.01124293,0.0617,0.750469731,0.119303401,0.55948,0.578218245
NLA06608-1220,1,0.248941257,0.2441,0.160508355,0.138089726,0.86949,0.823558067
NLA06608-1222,1,0.020945121,0.594,1.027720083,0.035511285,1.04645,0.62590394
NLA06608-1223,1,0.054734772,0.2308,0.759795946,0.138946301,0.95769,0.627222808
NLA06608-1224,1,1.727891203,0.3303,1.175157277,1.175356522,1.37836,0.942122227
NLA06608-1227,1,3.930579594,0.5511,1.20274331,1.459310059,1.14126,0.647363367
NLA06608-1232,1,0.346653937,0.1313,2.629757799,2.570370643,0.72377,0.745196113
NLA06608-1236,1,0.38555177,0.0198,0.620234795,1.696224849,0.43267,0.583567002
NLA06608-1238,1,0.810582762,0.7658,2.456722004,1.80865096,1.24649,0.544807503
NLA06608-1239,1,0.220418162,0.0847,0.910064651,0.805376687,0.60722,0.619022344
NLA06608-1240,1,0.088112968,0.3906,0.318596745,0.06891957,1.31049,0.897079675
NLA06608-1241,1,0.130305504,0.3925,0.218575955,0.070004237,0.88142,0.793851435
NLA06608-1242,1,0.090344387,0.2469,2.192691675,0.612704355,0.84836,0.594838998
NLA06608-1243,1,0.022270448,0.3681,0.363654073,0.021848574,1.03847,0.643743361
NLA06608-1244,1,0.039086817,0.0733,0.734094021,0.302392433,0.55234,0.628562714
NLA06608-1245,1,3.303183026,0.5433,0.234628761,0.314870436,1.30205,0.882117697
NLA06608-1255,1,0.000512241,0.0227,0.454439759,0.010110293,0.60822,0.620022658
NLA06608-1256,1,0.099934502,0.2078,0.153803962,0.069417402,1.00747,0.780084939
NLA06608-1258,1,0.229824622,0.3952,0.362933949,0.149854817,0.88937,0.595809709
NLA06608-1259,1,4.854704834,0.5928,0.269581837,0.399474644,0.91241,0.316555306
NLA06608-1261,1,0.002896565,0.0075,0.125357342,0.047062088,0.16996,0.621174134
NLA06608-1262,1,0.050220532,0.0828,0.374380104,0.19843435,0.66251,0.561616121
NLA06608-1263,1,0.107559871,0.3719,0.46457466,0.126223268,0.89371,0.735102677
NLA06608-1266,1,0.007365779,0.04,0.877153847,0.145721241,0.29823,0.491179962
NLA06608-1268,1,0.114500083,0.2086,0.502188671,0.230673702,1.05787,0.67932598
NLA06608-1269,1,1.07144294,0.0141,1.34855266,3.854431896,0.26084,0.837318118
NLA06608-1270,1,0.107696307,0.2298,0.140440122,0.065616825,0.2291,0.443979933
NLA06608-1271,1,0.167106136,0.0816,0.55342842,0.459270387,0.79585,0.625914474
NLA06608-1273,1,0.540795917,0.7266,0.075245439,0.049711844,1.36634,0.670587614
NLA06608-1274,1,0.569470012,0.1472,1.651476372,2.082309886,0.80986,0.452109291
NLA06608-1278,1,0.029960835,0.0228,2.223866817,1.768766417,0.55086,0.564588322
NLA06608-1279,1,0.074750951,0.4512,0.259280675,0.041494684,0.93554,0.46836105
NLA06608-1281,1,0.17301102,0.4555,1.578601113,0.519649156,0.81124,0.520536435
NLA06608-1283,1,0.015350676,0.0776,0.515547966,0.09768267,0.68723,0.572688993
NLA06608-1284,1,0.048948483,0.0206,1.590203086,3.3801884,0.32164,0.606523603
NLA06608-1288,1,0.176409398,0.5834,0.152700091,0.045204026,1.26263,0.920323703
NLA06608-1292,1,0.246306557,0.2132,0.676147845,0.618554021,0.95065,0.761200029
NLA06608-1295,1,0.025268676,0.0137,0.096700866,0.140045322,0.28412,0.831575024
NLA06608-1297,1,0.145760474,0.0058,0.493302543,4.825263657,0.15481,0.728963398
NLA06608-1300,1,0.005747453,0.0193,2.911775254,0.837993781,0.29957,0.777262895
NLA06608-1303,1,0.019803484,0.1344,0.561832466,0.078020515,0.87657,0.618836517
NLA06608-1312,1,0.153501922,0.3382,1.08210715,0.396157333,0.98751,0.740537783
NLA06608-1316,1,0.068548927,0.4566,0.260597972,0.036402812,0.91843,0.777234881
NLA06608-1319,1,0.020409268,0.124,1.378574658,0.196301311,0.68877,0.60048693
NLA06608-1321,1,0.293974752,0.1893,0.401902749,0.612026102,0.29849,0.434968882
NLA06608-1323,1,0.011395254,0.2006,0.397122227,0.022466815,0.92259,0.897801196
NLA06608-1326,1,0.184472346,0.1265,1.122732633,0.686904686,0.64095,0.570280536
NLA06608-1329,1,0.409455572,0.7943,0.242314469,0.110399579,1.15986,0.373378069
NLA06608-1332,1,0.007827155,0.4198,0.120591065,0.002231921,0.92856,0.778660088
NLA06608-1333,1,1.113540643,0.6334,0.44627188,0.655531775,1.17636,0.569659072
NLA06608-1334,1,1.067418614,0.2348,0.328512607,0.954529465,0.76262,0.544692889
NLA06608-1336,1,0.079432411,0.3962,0.091585211,0.01784165,1.36452,0.868597655
NLA06608-1338,1,0.06653362,0.0185,0.114682378,0.298582822,0.40128,0.570023365
NLA06608-1339,1,0.050721882,0.0163,1.003728421,1.978171253,0.39303,0.629590985
NLA06608-1342,1,0.007150036,0.1559,0.224121035,0.010216372,0.77381,0.508769339
NLA06608-1344,1,1.106103957,0.01,1.353660328,3.142236929,0.25425,0.513276711
NLA06608-1346,1,0.702921649,0.5828,0.328406992,0.304095629,1.23514,0.566218923
NLA06608-1347,1,0.180595794,0.1207,0.600200417,0.662860083,0.7306,0.500343671
NLA06608-1348,1,0.182076248,0.3596,0.689408493,0.336626809,0.7617,0.705395032
NLA06608-1349,1,0.419560754,0.0524,0.328403969,0.831190359,1.0454,1.094935781
NLA06608-1354,1,0.00617816,0.0086,1.531737276,1.032166511,0.54916,0.600446204
NLA06608-1355,1,1.152550373,0.4419,2.217718375,3.465850473,1.12446,0.649489106
NLA06608-1356,1,0.362124374,0.3638,0.217183848,0.172466562,1.3029,0.86288463
NLA06608-1358,1,0.747244615,0.2191,0.227382822,0.500155323,0.83675,0.500834633
NLA06608-1359,1,0.383309768,0.5537,0.301280661,0.181421218,1.10714,0.646978122
NLA06608-1360,1,0.005627315,0.0235,1.524433023,0.344300669,0.61566,0.663427107
NLA06608-1364,1,0.326863784,0.2561,0.141597987,0.151162958,0.9071,0.795865423
NLA06608-1365,1,0.147532374,0.5574,0.107494514,0.028038464,1.0463,0.555499345
NLA06608-1367,1,0.097005567,0.1193,0.338860185,0.179490045,0.64004,0.599101379
NLA06608-1368,1,29.04878736,0.3667,0.327310546,0.365445295,1.26628,0.941465669
NLA06608-1369,1,0.094521754,0.3478,0.13915139,0.0369687,0.87653,0.789087995
NLA06608-1370,1,0.121476161,0.3346,0.410571846,0.141074973,0.85133,0.585401715
NLA06608-1372,1,0.158037662,0.2786,0.337505598,0.176040327,1.23291,0.896383756
NLA06608-1375,1,0.01542517,0.4728,0.72523188,0.023328691,1.03956,0.650452413
NLA06608-1376,1,0.056739702,0.3491,0.354035801,0.055902231,0.9811,0.7301973
NLA06608-1377,1,0.435662851,0.6503,1.33111787,0.75337416,0.99619,0.367905812
NLA06608-1380,1,0.356955088,0.0162,0.446355289,3.928073833,0.3628,0.582325553
NLA06608-1383,1,0.092293767,0.0654,2.373514545,1.857064531,0.59975,0.613198653
NLA06608-1387,1,0.508863934,0.2978,0.958231521,0.645318491,0.92628,0.647786579
NLA06608-1389,1,0.081253098,0.5488,0.029953184,0.00439114,1.02824,0.769942562
NLA06608-1390,1,0.1739115,0.0696,3.869347253,4.30348892,0.61242,0.589873117
NLA06608-1391,1,0.356230321,0.4276,0.309469391,0.219108222,0.98457,0.621950502
NLA06608-1396,1,2.834494939,0.2374,0.023121053,0.078864223,0.84187,0.790099265
NLA06608-1397,1,0.022493857,0.01,0.908102635,1.514706228,0.24468,0.713200724
NLA06608-1398,1,0.075787135,0.2158,0.333158352,0.094457456,0.76393,0.518771024
NLA06608-1401,1,0.100023311,0.4066,0.273502054,0.064457154,0.9184,0.655777978
NLA06608-1403,1,0.227729302,0.0165,2.22827657,8.499478113,0.38411,0.623897881
NLA06608-1413,1,0.246572651,0.0537,0.659797732,0.984971856,0.99843,1.061420316
NLA06608-1414,1,0.047003693,0.6596,0.307918483,0.021208771,1.19074,0.589151604
NLA06608-1417,1,1.124587954,0.0303,1.44789439,6.499454598,0.33119,0.827798773
NLA06608-1420,1,0.027448478,0.3158,0.411432589,0.034015462,1.33681,0.897564845
NLA06608-1421,1,0.329849781,0.5006,0.134546906,0.075226592,1.00628,0.744477961
NLA06608-1425,1,0.370319837,1.2782,0.687908666,0.177633654,1.73429,0.608404812
NLA06608-1426,1,0.238635723,1.1688,0.380392656,0.059793732,1.68367,0.562103699
NLA06608-1432,1,1.239610489,0.3545,0.027841612,0.089241301,1.27753,0.877253392
NLA06608-1434,1,0.37409618,0.3277,0.585186443,0.507209728,0.86948,0.572451338
NLA06608-1435,1,0.553828426,0.466,0.452913786,0.301771879,1.14657,0.624112307
NLA06608-1436,1,0.017764134,0.1039,1.638631476,0.259101193,0.93732,0.939152584
NLA06608-1439,1,0.091899621,0.0078,1.568962071,12.30260442,0.18496,0.557466968
NLA06608-1445,1,0.264790929,0.0094,0.332388146,1.28991274,0.25102,0.557467933
NLA06608-1446,1,0.038208497,1.4262,1.320888579,0.033764447,1.83475,0.411949425
NLA06608-1447,1,0.259139455,0.1297,1.619850176,1.547536918,0.78397,0.64218227
NLA06608-1450,1,0.061670753,0.4116,1.022289138,0.149753365,0.88848,0.574546433
NLA06608-1454,1,0.138706266,0.0805,1.981373907,1.48902636,0.60961,0.589487612
NLA06608-1455,1,0.163484963,0.6389,0.68355237,0.147171819,1.0297,0.349589443
NLA06608-1460,1,0.250287549,0.2512,3.431153265,1.741656568,1.03937,0.697422545
NLA06608-1461,1,0.06340021,0.0096,1.224958512,5.64057062,0.19497,0.51575142
NLA06608-1462,1,0.005555252,0.0148,0.391764169,0.125617518,0.31736,0.623564719
NLA06608-1465,1,0.54067264,0.602,0.210635597,0.182689709,1.16243,0.607652808
NLA06608-1469,1,0.275696226,0.1254,0.163064809,0.218342307,0.9294,0.916539089
NLA06608-1473,1,0.109649572,0.3604,1.514997349,0.451116769,0.60627,0.563855524
NLA06608-1476,1,0.151311795,0.0278,0.226159813,0.538138268,0.51535,0.636518394
NLA06608-1481,1,0.164063383,0.4182,3.709744734,1.277175294,0.6834,0.445632355
NLA06608-1482,1,0.049170162,0.1348,0.266127777,0.079490091,0.97423,0.9580843
NLA06608-1483,1,0.469833525,0.5192,0.455768338,0.39474376,0.83392,0.344032811
NLA06608-1484,1,0.237816515,0.5997,0.17910695,0.06950051,1.3003,0.807722977
NLA06608-1487,1,0.01212958,0.3117,0.490482096,0.018982591,0.92738,0.648473894
NLA06608-1488,1,0.02898508,0.0703,0.241770892,0.082759589,0.85293,0.918539903
NLA06608-1489,1,0.412611089,0.818,0.664435041,0.228294969,1.26841,0.587251006
NLA06608-1492,1,0.495525433,0.5142,0.205826968,0.17660816,0.97309,0.684261652
NLA06608-1496,1,0.044699694,0.2985,0.077148068,0.011216788,1.18357,0.94126192
NLA06608-1499,1,0.179684162,0.3862,2.169083235,0.860456474,1.05473,0.643296806
NLA06608-1504,1,0.034111447,0.4795,0.207415243,0.014452137,1.1794,0.807956374
NLA06608-1508,1,0.000204137,0.0183,0.548980082,0.006097781,0.35428,0.625162971
NLA06608-1510,1,0.018597255,0.0158,0.169822342,0.176291115,0.34866,0.602010766
NLA06608-1511,1,0.007453292,0.0276,1.220783762,0.300067374,0.62368,0.620190991
NLA06608-1515,1,0.167670359,0.45,0.311966504,0.099468286,1.01247,0.618235631
NLA06608-1517,1,0.036313808,0.294,0.313980634,0.038237913,0.79035,0.764474674
NLA06608-1521,1,0.035991545,0.016,0.18291811,0.346067155,0.38158,0.557810842
NLA06608-1524,1,0.155817825,0.3318,0.597168427,0.231533555,1.25436,0.931456238
NLA06608-1527,1,0.024073663,0.086,0.450219652,0.107695487,0.79537,0.614581873
NLA06608-1529,1,0.008534446,0.0057,0.5595945,0.812719387,0.12433,0.648376986
NLA06608-1532,1,0.343307332,0.2153,0.176997397,0.253975813,0.98506,0.680998551
NLA06608-1537,1,0.024897155,0.3275,0.145115674,0.01101047,0.70337,0.558099254
NLA06608-1538,1,0.149008466,0.2821,0.947633598,0.446914758,0.92196,0.654937118
NLA06608-1544,1,1.407283671,0.317,1.157120537,0.890797475,1.05255,0.651765993
NLA06608-1556,1,0.866180745,0.5508,0.298330809,0.375718728,1.12811,0.72838406
NLA06608-1558,1,0.074962386,0.7487,0.524516342,0.049265665,1.17344,0.531649929
NLA06608-1560,1,0.105514564,0.3495,0.880210904,0.236298001,1.36929,0.928549142
NLA06608-1561,1,0.047918829,0.4442,0.229565222,0.024322772,1.00458,0.607549968
NLA06608-1562,1,0.393173822,0.007,2.035294104,9.560117842,0.21642,0.406901722
NLA06608-1564,1,0.031720268,0.1824,0.221491561,0.03659134,1.01346,0.886279399
NLA06608-1568,1,0.019486176,0.1014,0.072095305,0.013715809,0.75061,0.824456354
NLA06608-1569,1,0.303374015,0.0479,0.476950367,1.046069842,0.95594,1.094954273
NLA06608-1572,1,0.162354691,0.5434,0.325896886,0.08673,1.05044,0.807105504
NLA06608-1575,1,0.002141476,0.1551,2.728902749,0.037185904,0.71026,0.600270546
NLA06608-1576,1,0.031197626,0.2517,0.644109314,0.074235994,1.05646,0.777125999
NLA06608-1577,1,0.005356632,0.0821,2.183845764,0.140277615,0.41094,0.570387333
NLA06608-1578,1,0.022861188,0.0217,0.454818233,0.351072062,0.47696,0.570868071
NLA06608-1579,1,0.107216528,0.4149,2.911699182,0.669445972,1.07641,0.620386652
NLA06608-1586,1,0.137184242,0.7049,0.259890771,0.046836027,1.26786,0.614610614
NLA06608-1593,1,0.016852133,0.0169,0.452207064,0.410262052,0.31399,0.667012451
NLA06608-1595,1,0.422806868,0.0164,1.493678644,6.145841661,0.39839,0.625004112
NLA06608-1596,1,0.202588113,0.0217,0.292900971,0.444244172,0.47938,0.618894682
NLA06608-1600,1,0.473830469,0.0186,0.890006827,3.96599082,0.45068,0.535997039
NLA06608-1602,1,0.004679439,0.0182,0.881954334,0.225120754,0.22681,1.053216956
NLA06608-1608,1,0.499541161,0.4494,0.046691821,0.049317497,1.38826,0.942476984
NLA06608-1610,1,0.526094043,1.0111,2.651459978,1.112951558,1.37558,0.273724182
NLA06608-1617,1,1.460586622,1.2161,0.343606062,0.345620111,1.599,0.616279259
NLA06608-1623,1,0.483706235,0.2878,0.038634502,0.05938061,1.27128,1.0199333
NLA06608-1626,1,0.364272681,0.4108,0.012583289,0.011133304,0.75283,0.593040056
NLA06608-1630,1,0.074376862,0.045,0.662950736,0.71750267,0.90138,1.120783362
NLA06608-1631,1,0.015953753,0.0839,1.23766868,0.222328028,0.42635,0.460176896
NLA06608-1633,1,0.0328862,0.0118,0.700235512,1.811505968,0.27582,0.477770975
NLA06608-1637,1,0.443731983,0.5296,0.699854219,0.480714038,1.07148,0.552802413
NLA06608-1638,1,0.100956692,1.4403,4.275479649,0.276825546,1.87725,0.425705021
NLA06608-1640,1,0.133443748,0.2716,0.255776471,0.123049042,1.00426,0.766476667
NLA06608-1641,1,0.04351844,0.0172,1.062973207,1.706375963,0.40303,0.503801686
NLA06608-1643,1,0.019317824,0.3364,4.150820927,0.226273867,0.93781,0.633448676
NLA06608-1652,1,0.004649868,0.2728,0.109408834,0.001862779,0.82924,0.798246401
NLA06608-1654,1,0.018048326,0.2521,0.128413431,0.009168168,0.725,0.519448139
NLA06608-1655,1,0.002201969,0.0221,0.329509489,0.031385261,0.52789,0.619980776
NLA06608-1668,1,0.337639329,0.2114,0.042156362,0.065429883,0.61238,0.755779375
NLA06608-1672,1,0.046330115,0.2997,0.100060365,0.014750404,1.3275,0.96637281
NLA06608-1674,1,0.196137372,0.2532,5.559507689,2.145377384,0.62867,0.372132433
NLA06608-1675,1,0.033426859,0.148,2.811989952,0.55289543,0.54224,0.395241326
NLA06608-1679,1,0.081582278,0.2769,0.877302949,0.237627513,0.89676,0.615282102
NLA06608-1684,1,0.481582222,0.5954,0.258293377,0.192070903,1.133,0.685052807
NLA06608-1687,1,0.425741708,0.1007,0.836415509,1.328239189,0.60502,0.599662047
NLA06608-1690,1,0.298381739,0.3334,0.254440255,0.217828933,0.74001,0.564866527
NLA06608-1695,1,0.059983362,0.4956,0.817275231,0.095997084,0.76725,0.260734457
NLA06608-1703,1,0.012762364,0.1354,0.611896309,0.054914704,0.69952,0.630425289
NLA06608-1704,1,0.081852086,0.4204,0.580128818,0.103559525,1.31546,0.79272587
NLA06608-1706,1,1.6834562,0.3438,0.380343878,0.651595306,0.80078,0.57526328
NLA06608-1707,1,0.142681067,0.4305,1.876929528,0.561845873,1.05157,0.647778732
NLA06608-1711,1,0.753792737,0.5145,0.024241093,0.034932472,1.11387,0.749132052
NLA06608-1715,1,3.462709653,0.04,0.002313335,0.042873459,0.76887,1.099389953
NLA06608-1717,1,0.055892275,0.1973,1.728220249,0.482312754,0.34916,0.872068967
NLA06608-1719,1,0.01375198,0.0452,0.454983375,0.116425064,0.52179,0.585948975
NLA06608-1723,1,0.00207813,0.0177,0.491948369,0.056979385,0.40093,0.548692888
NLA06608-1724,1,0.143264179,0.234,0.552083596,0.304603574,0.90748,0.682658181
NLA06608-1733,1,0.056493188,0.0538,0.269039334,0.184800745,0.98706,1.07236524
NLA06608-1735,1,0.300682294,0.756,0.104370568,0.037391278,1.82646,0.964704495
NLA06608-1736,1,0.284272698,0.1796,0.961871405,0.726591164,0.92667,0.658559963
NLA06608-1739,1,0,0.502,0.198013189,0.215461489,0.54662,0.434167926
NLA06608-1740,1,0.169017528,0.1771,0.524829071,0.399130649,0.93879,0.765787456
NLA06608-1741,1,0.055221895,0.4752,0.025247186,0.002908046,0.96343,0.751579401
NLA06608-1742,1,0.358750997,0.1782,2.160822224,2.048584983,0.67717,0.51310279
NLA06608-1748,1,5.25210554,0.4783,2.189079996,2.051909198,0.44528,0.350514192
NLA06608-1753,1,0.852778379,0.1508,0.696521387,1.207621053,0.69457,0.425748191
NLA06608-1755,1,0.044263355,0.3717,1.505312255,0.17327984,1.03359,0.649550806
NLA06608-1758,1,0.332620551,0.1035,0.272354531,0.30540921,0.65055,0.500119121
NLA06608-1771,1,0.356182446,0.4971,1.800811857,0.895938698,1.07424,0.618091064
NLA06608-1775,1,0.027720308,0.3554,0.407604613,0.030949018,0.86416,0.720839141
NLA06608-1781,1,0.080597631,0.3526,1.672051625,0.36088714,0.55865,0.70147821
NLA06608-1782,1,0.021386418,0.2242,0.498649792,0.045665431,0.8859,0.613825445
NLA06608-1789,1,0.109557604,0.4209,0.150151695,0.038040696,0.99047,0.575738613
NLA06608-1791,1,0.351664239,0.3812,1.24492711,0.696206154,0.97332,0.681346067
NLA06608-1793,1,0.660488445,0.4238,0.142100567,0.202097517,0.77414,0.590338633
NLA06608-1800,1,0.076213782,0.3884,0.145597624,0.02717047,1.32673,0.934949727
NLA06608-1802,1,0.041330816,0.3252,0.502291306,0.061906499,0.91578,0.620436612
NLA06608-1804,1,1.388027244,0.3012,1.577685189,1.771598441,1.28336,0.889311706
NLA06608-1808,1,0.054798245,0.4765,0.341202376,0.03736432,1.26769,0.90761035
NLA06608-1810,1,1.221263759,0.0144,1.219612399,3.879142094,0.26871,0.672551938
NLA06608-1811,1,0.001320665,0.0232,0.6335161,0.035133445,0.5302,0.582616296
NLA06608-1812,1,0.04192647,0.3699,0.479353204,0.053554329,0.96588,0.807152522
NLA06608-1818,1,0.080245375,0.5666,2.018302563,0.280986589,0.77049,0.332121809
NLA06608-1821,1,0.005533682,0.4184,0.108744009,0.001432753,0.89138,0.736876053
NLA06608-1824,1,0.016974596,0.0316,0.387914855,0.193670745,0.72579,0.774163614
NLA06608-1825,1,0.404805499,0.0479,0.759403556,1.185460014,0.95727,1.119239892
NLA06608-1835,1,0.643823595,0.4052,2.539068267,2.37124731,1.07406,0.628002142
NLA06608-1836,1,0.013184807,0.0169,0.615609282,0.401193838,0.35258,0.608435816
NLA06608-1839,1,0.041191398,0.2003,0.060988474,0.012353135,1.02662,0.954392438
NLA06608-1840,1,0.038269013,0.2193,0.451741837,0.077230525,0.83781,0.740089036
NLA06608-1851,1,0.255479927,0.0196,0.769153124,3.819844989,0.4412,0.631539982
NLA06608-1856,1,0.004679025,0.0115,0.364218964,0.130122544,0.30599,0.542695657
NLA06608-1857,1,0.158723689,0.252,1.203149575,0.739988129,0.45941,0.479305358
NLA06608-1861,1,0.113197432,0.0788,0.601799672,0.486898618,1.11206,1.053833894
NLA06608-1862,1,0.024193386,0.006,0.304757598,0.668098014,0.17925,0.507645903
NLA06608-1863,1,0.314686,0.5542,0.691055737,0.27924643,1.64268,0.979281623
NLA06608-1866,1,0.419833414,0.0156,0.177703833,1.131980669,0.28105,0.549279915
NLA06608-1867,1,0.192193164,0.4132,0.179621545,0.077392303,1.06739,0.648366253
NLA06608-1868,1,0.308405082,0.4577,1.919527061,0.773450043,1.38672,0.89652893
NLA06608-1871,1,0.144025449,0.312,0.315584438,0.136535028,0.87302,0.807774258
NLA06608-1873,1,1.651708594,1.9011,0.64123031,0.5068905,2.69875,0.581283243
NLA06608-1874,1,0.040444178,0.1377,0.473729825,0.138201305,0.32632,0.520058608
NLA06608-1879,1,0.017866408,0.112,0.542055764,0.078502203,0.67411,0.609215198
NLA06608-1884,1,0.076848066,0.1984,1.030757918,0.363120393,1.01019,0.683935768
NLA06608-1893,1,0.018417828,0.0081,0.535863186,1.091451614,0.19654,0.583382277
NLA06608-1894,1,7.36996596,1.95,0.012121957,0.011338687,1.82129,0.425297299
NLA06608-1906,1,1.406618066,0.69,0.100205507,0.163833726,1.24648,0.636497724
NLA06608-1908,1,0.069194933,0.5977,0.429378753,0.048251704,1.06687,0.740417986
NLA06608-1910,1,0.084804711,0.102,0.446374599,0.272176807,0.57156,0.531229543
NLA06608-1930,1,0.015262521,0.2356,0.052783238,0.003416356,0.41398,0.499590468
NLA06608-1936,1,0.038208278,0.1936,0.478427327,0.089687882,0.84226,0.76839315
NLA06608-1948,1,0.253266095,0.0247,0.525556246,0.58037859,0.54976,0.628471869
NLA06608-1953,1,0.07056396,0.0899,0.17794788,0.137398158,0.48395,0.481920805
NLA06608-1958,1,0.577616409,0.7827,0.271289185,0.196464939,1.18314,0.589301099
NLA06608-1959,1,0.002746124,0.0239,0.244031207,0.026902182,0.63292,0.59585038
NLA06608-1960,1,0.089049122,0.4391,0.123306727,0.024407696,1.22073,0.844810601
NLA06608-1968,1,0.015374144,0.017,0.519693313,0.37725072,0.35271,0.590802194
NLA06608-1975,1,0.083117815,0.097,7.569309124,4.123075603,0.79366,0.631152597
NLA06608-1985,1,0.292501033,0.9313,0.530592322,0.16530311,0.57362,0.588275504
NLA06608-1989,1,0.287903338,0.0431,0.313691392,1.803416135,0.29083,0.517415514
NLA06608-1992,1,0.110580761,0.407,0.156813349,0.0398989,1.43166,0.953609087
NLA06608-1998,1,0.792004227,0.1311,0.946430699,1.738923132,0.69661,0.491417114
NLA06608-2005,1,0.018246003,0.0109,0.302889869,0.433598667,0.25002,0.511882438
NLA06608-2007,1,0.584294231,0.0995,0.553671315,0.78838584,0.65747,0.590713133
NLA06608-2010,1,0.195301977,0.3887,0.541796958,0.221613772,1.3583,0.948226948
NLA06608-2027,1,0.137631152,0.2289,0.280390379,0.158761262,0.62456,0.444500965
NLA06608-2036,1,0.486137019,0.1927,1.31211242,1.218992031,0.97131,0.690385733
NLA06608-2037,1,0.29673936,0.0025,0.6941398,5.831779357,0.06122,0.673845904
NLA06608-2039,1,0.09920694,0.09,0.597684171,0.307714671,0.83279,0.632647584
NLA06608-2049,1,0.019933297,0.0998,3.198397898,0.619327126,0.44421,0.47021019
NLA06608-2056,1,0.044362604,0.2326,0.922246768,0.161830749,0.97514,0.680552757
NLA06608-2072,1,0.248832099,0.5406,0.212492032,0.086714967,1.48909,0.979109197
NLA06608-2074,1,0.041048908,0.1333,0.177821431,0.051779297,1.00816,0.979401224
NLA06608-2076,1,0.059885263,0.5215,0.544585253,0.061296284,1.31298,0.867466442
NLA06608-2078,1,0.036580474,0.0617,1.718295959,0.727397589,0.53471,0.505110439
NLA06608-2082,1,0.258132346,0.2071,0.381291069,0.458293902,0.48642,0.624167321
NLA06608-2086,1,0.670676605,0.9082,0.281006863,0.174824359,1.44534,0.456553206
NLA06608-2087,1,0.081455797,0.1421,2.131757327,0.815009099,0.66296,0.590813155
NLA06608-2091,1,0.017022932,0.2048,0.15991145,0.013210957,0.9873,0.944915233
NLA06608-2092,1,0.271958579,0.4145,0.398381897,0.177657105,1.37367,0.943813807
NLA06608-2094,1,1.032786958,0.292,0.129112079,0.306589781,1.32551,1.056704263
NLA06608-2095,1,0.018141586,0.0074,1.670208281,3.451415439,0.16006,0.444618835
NLA06608-2103,1,0.019496033,0.0258,1.194892389,0.559060415,0.57635,0.63092416
NLA06608-2114,1,0.229578216,0.5543,0.317115684,0.12209252,1.1536,0.566976713
NLA06608-2117,1,0.929354847,0.0504,0.218454798,0.429885515,0.9984,1.085798241
NLA06608-2120,1,0.249954157,0.2992,0.251945383,0.189593318,1.22232,0.976370243
NLA06608-2123,1,0.024748301,0.1048,0.757369504,0.159031084,0.663,0.615821384
NLA06608-2131,1,0.12374232,0.054,0.682062046,0.762000617,0.53159,0.585181963
NLA06608-2134,1,0.753468123,0.7168,0.312032132,0.229177883,1.18075,0.634721779
NLA06608-2135,1,0.202691838,0.1182,2.693844758,1.970266799,0.63643,0.598499892
NLA06608-2152,1,0.100577258,0.3915,0.462229888,0.11241925,1.04661,0.772526615
NLA06608-2154,1,0.309214404,0.4523,0.418853028,0.182165685,1.35116,0.922644757
NLA06608-2155,1,0.55420958,0.4031,2.430226228,2.189959649,1.06801,0.619909875
NLA06608-2162,1,0.484712433,0.8441,1.023749558,0.492622543,1.32261,0.645532738
NLA06608-2170,1,0.060094533,0.0219,1.846153565,1.542284671,0.44034,0.489550159
NLA06608-2177,1,0.266449733,0.1272,5.326220689,4.959041251,0.5442,0.449829798
NLA06608-2185,1,1.083807903,0.0042,13.28868101,58.42734427,0.09927,0.582296458
NLA06608-2187,1,0.02295817,0.2387,0.36842852,0.035126754,1.01584,0.881426695
NLA06608-2193,1,0.105450621,1.4726,0.549316234,0.032148791,2.04127,0.554436981
NLA06608-2196,1,0.154841737,0.6602,0.356148851,0.077717232,1.17694,0.690891528
NLA06608-2217,1,0.121194967,0.1698,0.478548527,0.314438935,0.60503,0.535375144
NLA06608-2219,1,0.092322718,0.4476,0.258900081,0.050203012,1.1383,0.650759869
NLA06608-2241,1,0.319091062,0.2375,0.261110867,0.338990513,0.52818,0.563482943
NLA06608-2250,1,0.348370271,0.2893,0.818543477,0.90220741,0.80179,0.36049259
NLA06608-2253,1,0.055788538,0.5018,0.034974081,0.003851335,0.95822,0.75313505
NLA06608-2257,1,0.029945665,1.2357,0.795257438,0.019023757,1.64972,0.598231511
NLA06608-2266,1,1.470080314,0.0141,6.75814827,23.55559338,0.31283,0.5644238
NLA06608-2267,1,0.022391324,0.3767,0.812123471,0.047441032,1.05412,0.643916791
NLA06608-2283,1,1.047606486,0.3459,0.801981394,1.543281507,1.01134,0.651265802
NLA06608-2305,1,0.191366272,0.3796,3.326250747,1.361775964,0.7293,0.528445413
NLA06608-2322,1,0.02139792,0.3042,1.04834605,0.073121063,0.43953,0.439898558
NLA06608-2332,1,0.003301475,0.0249,1.498993437,0.192001528,0.80027,0.713433482
NLA06608-2333,1,0.072016936,0.5266,0.009216357,0.001256273,0.96142,0.75012701
NLA06608-2345,1,5.087125978,0.0102,5.917968542,11.95454016,0.22752,0.584384037
NLA06608-2354,1,0.316537038,0.6954,1.18966096,0.48033338,1.26628,0.646374842
NLA06608-2372,1,0.013619495,0.0197,0.626842062,0.395798849,0.30616,0.576079708
NLA06608-2379,1,0.415070783,0.0113,2.218246202,6.10516819,0.30331,0.464195315
NLA06608-2418,1,0.508549163,0.7241,0.03754391,0.024374454,1.255,0.640241262
NLA06608-2426,1,0.050200141,0.0207,0.579990546,0.586735645,0.48822,0.566319752
NLA06608-2429,1,0.129842035,0.0971,0.562308526,0.723213056,0.4094,0.407885729
NLA06608-2438,1,0.001510282,0.0063,0.766716891,0.172252944,0.18158,0.516500686
NLA06608-2450,1,0.064249495,1.27,1.427121405,0.069864632,1.73243,0.580851924
NLA06608-2453,1,0.064378094,0.0114,0.652916916,2.467395323,0.29996,0.526840979
NLA06608-2457,1,0.077339661,0.1036,0.752298601,0.458068031,0.58801,0.468618677
NLA06608-2463,1,0.077624892,0.0789,0.395752739,0.384057328,0.22256,0.570973262
NLA06608-2477,1,0.000496285,0.0075,0.196496281,0.012957839,0.12548,0.759422756
NLA06608-2481,1,0.025743003,0.0824,0.393139782,0.120289564,0.29806,0.473173161
NLA06608-2492,1,0.489478763,0.3443,0.137164367,0.177476759,1.03646,0.860704251
NLA06608-2497,1,0.075342985,0.3908,0.073597685,0.013835001,0.7454,0.563448143
NLA06608-2507,1,0.413447222,0.6077,0.078308224,0.052242499,1.14232,0.680385558
NLA06608-2513,1,0.18161428,0.788,3.321450695,0.694482674,1.20348,0.591287636
NLA06608-2523,1,0.530321114,0.3644,0.908252633,0.789820785,1.05153,0.644288108
NLA06608-2524,1,0.48623181,0.3678,1.208380221,0.862897805,1.38102,0.953061872
NLA06608-2565,1,0.39227677,0.0478,0.810012708,1.088043142,0.95664,1.104403309
NLA06608-2566,1,0.60357986,0.6361,0.088064348,0.055041282,1.18599,0.634946567
NLA06608-2593,1,0.135075133,0.0494,0.719544925,0.847007922,0.98966,1.11206242
NLA06608-2629,1,0.02297823,0.0505,0.165999971,0.067515708,1.13324,1.071967471
NLA06608-2634,1,0.080496637,0.4849,0.303276089,0.048389266,0.87603,0.311664478
NLA06608-2640,1,0.013885938,0.1597,0.780232433,0.066746159,0.69767,0.683548818
NLA06608-2644,1,0.003574708,0.5194,0.71257791,0.004887321,0.98793,0.687646047
NLA06608-2655,1,0.001558044,0.0673,1.466969522,0.033587416,0.32778,0.492587554
NLA06608-2657,1,0.916544393,0.05,0.226253262,0.35651269,1.0006,1.112281493
NLA06608-2663,1,0.010786272,0.762,0.173598372,0.002432338,2.00964,1.021736627
NLA06608-2673,1,0.047696962,0.3669,0.556419806,0.07032767,0.709,0.448925997
NLA06608-2685,1,0.05971061,0.518,2.086161552,0.230203851,0.80482,0.329221012
NLA06608-2696,1,0.347879576,0.3259,0.07899988,0.079037656,1.29816,1.001698796
NLA06608-2704,1,0.002012137,0.129,1.17500398,0.018135125,0.69273,0.832782879
NLA06608-2708,1,0.315249069,0.6273,0.385106461,0.170988782,1.14175,0.685277261
NLA06608-2714,1,0.001095061,0.0191,2.479531753,0.139550118,0.36058,0.569602724
NLA06608-2715,1,0.100200397,0.0099,0.573829708,2.606197329,0.22711,0.608473338
NLA06608-2726,1,0.821100137,0.1884,6.268710526,8.749507599,0.46692,0.470496858
NLA06608-2740,1,0.373275293,0.2634,0.833060616,0.848407868,0.88281,0.657662827
NLA06608-2753,1,0.276434936,0.0769,4.22162975,6.781640566,0.3832,0.574287608
NLA06608-2759,1,9.88E-05,0.0449,0.126376069,0.000277836,1.06127,0.984069166
NLA06608-2776,1,0.294579213,0.3663,0.466624743,0.272540024,1.29291,0.963527032
NLA06608-2779,1,0.04982704,0.3558,0.989946188,0.134593168,1.00796,0.651265802
NLA06608-2797,1,0.001401095,0.011,0.238088026,0.030140638,0.25447,0.630973939
NLA06608-2800,1,2.244429488,0.0125,4.051695695,7.867254502,0.31455,0.496235967
NLA06608-2801,1,0.002961334,0.0133,0.18162156,0.039943295,0.24189,0.574914499
NLA06608-2807,1,0.005257593,0.0535,0.908766678,0.08718924,1.45042,0.980381438
NLA06608-2823,1,0.303431125,0.5672,0.366453221,0.164365216,1.64586,0.964525305
NLA06608-2824,1,0.012865865,0.3519,0.052640382,0.001922619,0.90058,0.648175882
NLA06608-2831,1,0.109739666,0.1604,0.185701727,0.122050622,0.78317,0.841490645
NLA06608-2833,1,0.072661675,0.1013,1.812114684,1.234533344,0.28983,0.623627689
NLA06608-2874,1,0.00098702,0.1141,3.757940386,0.032473509,0.35682,0.492912714
NLA06608-2881,1,0.191836354,0.2346,3.864434882,2.875751381,0.53956,0.517141875
NLA06608-2889,1,0.173215972,0.0039,21.9675776,105.2733804,0.06855,0.706708689
NLA06608-2891,1,0.618080233,0.3678,1.359316578,1.497974151,1.03426,0.650980721
NLA06608-2916,1,0.528226657,0.6242,0.275688836,0.191701983,1.09561,0.769003957
NLA06608-2924,1,0.011396844,0.0343,2.052746833,0.579869215,0.70952,0.937728044
NLA06608-2954,1,0.016153147,0.0823,0.508762617,0.095719386,0.3395,0.500138792
NLA06608-2955,1,0.105505551,0.1846,0.078298441,0.043818387,0.75622,0.853302035
NLA06608-2972,1,0.036971332,0.0689,0.528281177,0.218424482,0.54159,0.623414208
NLA06608-2987,1,0.050725283,0.4691,0.452760026,0.043953847,1.10158,0.653159249
NLA06608-2996,1,0.069583685,0.144,0.782468842,0.296886321,0.98558,0.954465015
NLA06608-3032,1,0.174694499,0.3073,0.596690838,0.262439311,1.21483,0.934871883
NLA06608-3035,1,0.184147782,0.3785,3.81866262,1.412461072,1.04803,0.635559522
NLA06608-3083,1,0.057897423,0.3392,0.675875843,0.111157873,1.61896,0.988828152
NLA06608-3096,1,0.376137765,0.4431,0.684761426,0.42285961,1.44215,0.967698228
NLA06608-3121,1,0.336159245,0.5928,0.103052546,0.056465621,0.72264,0.493433102
NLA06608-3147,1,0.684806843,0.4586,0.374397994,0.462075527,1.08956,0.648920062
NLA06608-3153,1,0.402745881,0.4537,4.840026927,3.313798263,0.88207,0.569070722
NLA06608-3157,1,0.034669164,0.4211,0.673136645,0.055274472,0.32827,0.61729723
NLA06608-3160,1,0.030677464,0.1924,1.011328954,0.151255232,0.87186,0.704991238
NLA06608-3169,1,0.26874483,0.0438,0.362788239,0.548738301,0.85814,1.127249845
NLA06608-3228,1,0.035988014,0.0529,1.009712032,0.599198185,0.92579,0.957387743
NLA06608-3265,1,0.113883198,0.1684,1.262298778,0.809534959,0.48499,0.584345917
NLA06608-3303,1,0.523065168,0.2522,3.201928012,2.677795797,1.31342,1.077220235
NLA06608-3313,1,0.051179388,0.0165,0.113334245,0.31862919,0.3705,0.577753105
NLA06608-3320,1,0.07080082,0.4151,0.173000174,0.029011594,1.31274,0.896417238
NLA06608-3329,1,0.686917976,0.4104,0.190615389,0.258057782,0.76899,0.530227381
NLA06608-3480,1,0.06243799,0.3466,0.156444541,0.026486973,1.27227,0.906771872
NLA06608-3484,1,0.035145548,0.0722,0.849520813,0.309865651,0.55482,0.628771054
NLA06608-3608,1,0.012616347,0.2129,1.291714489,0.073240191,0.86412,0.666322892
NLA06608-3616,1,0.018678337,0.0972,1.375779567,0.241801071,0.72865,0.801178856
NLA06608-3644,1,0.010229241,0.0212,0.499203451,0.195871123,0.46561,0.612598631
NLA06608-3656,1,0.03648054,0.1979,0.51762248,0.080428483,0.70633,0.651410808
NLA06608-3660,1,0.042315293,0.1873,0.578865495,0.112586842,0.8775,0.731681777
NLA06608-3698,1,0.232478951,0.7338,0.117105159,0.034249796,1.24462,0.613933071
NLA06608-3846,1,2.905878357,0.7211,0.675366213,0.962769117,1.24144,0.638617296
NLA06608-3890,1,0.783248993,0.7302,1.197045467,1.01138789,1.27099,0.613220534
NLA06608-3911,1,1.029028997,0.4887,0.478350009,0.39229204,1.68117,1.034418257
NLA06608-4056,1,0.002176225,0.0231,1.096111974,0.098792558,1.06126,0.855621393
NLA06608-4064,1,0.009290592,0.0165,0.734499586,0.363240026,0.38728,0.718527064
NLA06608-4206,1,0.817982111,0.3495,1.277964182,0.859821617,1.27032,0.895591166
NLA06608-4252,1,1.331513919,0.6178,1.71220779,2.341375417,1.13697,0.524238408
NLA06608-4320,1,0.005354118,0.0198,0.484569548,0.12636996,1.24963,0.868761372
NLA06608-4382,1,0.2885192,0.408,0.081486012,0.054001162,1.35973,0.894412752
NLA06608-4413,1,0.650543528,0.7234,0.141188198,0.105814036,1.25799,0.605067453
NLA06608-4414,1,0.087466304,0.5268,0.194705135,0.03094009,1.5351,0.869840997
NLA06608-4440,1,0.128090243,0.3742,0.596001044,0.187924516,1.2189,0.868761372
NLA06608-4472,1,0.00052642,0.0251,0.40734918,0.008463424,1.29767,0.885577725
NLA06608-4504,1,0.289012986,0.3969,0.193537325,0.129023381,1.21561,0.840475602
NLA06608-4610,1,1.359010782,0.3278,0.063545644,0.224544483,1.24625,0.885655579
NLA06608-4643,1,0.095459261,0.397,0.505214839,0.111529412,1.26763,0.865689693
NLA06608-4650,1,0.150883338,0.4522,0.09721445,0.031230848,1.34117,0.943813807
NLA06608-4659,1,0.077803768,0.2102,0.188305566,0.065774998,1.16222,0.88746733
NLA06608-4686,1,0.284974763,0.5767,0.708013573,0.246886933,1.63802,0.974870756
NLA06608-4698,1,0.011805219,0.4144,0.555804924,0.015358965,1.41718,0.941053201
NLA06608-4828,1,0.259325309,0.4004,0.062364043,0.037339445,1.38169,0.905833561
NLA06608-4929,1,0.179507648,0.3898,0.116963298,0.052338129,1.29168,0.885853972
NLA06608-4949,1,0.018093422,0.4132,0.009034916,0.000395562,1.17176,0.872871903
NLA06608-9999,1,1.157171909,0.7297,2.974188413,3.036504999,1.28169,0.502401809
NLA06608-ACAD_LAKES_0435,1,2.375564007,0.9325,0.051020977,0.075756299,1.42098,0.556417822
NLA06608-ALPS-1218,1,0.216223391,0.8146,1.113859194,0.244424095,1.25919,0.533115333
NLA06608-ALSC:020149,1,0.270978454,0.5904,1.056291462,0.437030706,1.04891,0.500620402
NLA06608-ELS:1C2-032,1,1.03828902,0.6626,0.314974447,0.366332309,1.19163,0.563707069
NLA06608-ELS:1C3-003,1,1.933712995,0.6735,0.20499529,0.32082265,1.15901,0.475924779
NLA06608-ELS:1D1-035,1,0.339435146,0.6446,0.184667846,0.089311435,1.14867,0.636947521
NLA06608-ELS:1D2-087,1,0.290563581,0.6377,0.254728371,0.093161895,1.17862,0.562469996
NLA06608-ELS:1E1-052,1,0.955420679,0.7051,2.562346911,2.041116237,1.12138,0.527964894
NLA06608-ELS:1E1-096,1,0.193281133,0.731,0.253375896,0.064424897,1.13079,0.530555423
NLA06608-ELS:1E1-128,1,0.238867048,0.7277,0.501474552,0.150501514,1.15701,0.524770284
NLA06608-ELS:1E2-027,1,0.082370709,0.771,5.824531787,0.579573582,1.23115,0.469797663
NLA06608-ELS:1E3-002,1,0.395992032,0.5473,0.506061831,0.233548035,1.03762,0.494532595
NLA06608-ELS:1E3-012,1,2.804637143,0.5944,0.429937546,0.706219153,1.08887,0.483398101
NLA06608-ELS:1E3-071,1,0.199435622,0.5968,0.186454463,0.052374641,1.08793,0.497470181
NLA06608-ELS:2B2-008,1,0.178331989,0.1803,0.928385076,0.80851889,0.71812,0.528125915
NLA06608-ELS:2C2-048,1,0.032280393,0.1574,3.117183333,0.505867396,0.6347,0.511348446
NLA06608-ELS:2C3-018,1,0.126150405,0.101,2.264555845,1.503354018,0.53704,0.512058914
NLA06608-ELS:2D3-008,1,0.027601697,0.0669,2.39773639,0.869095451,0.66797,0.537680019
NLA06608-EMAP:ME011L,1,0.079766358,0.7228,0.745164591,0.080845965,1.17298,0.49086579
NLA06608-EMAP:ME012L,1,9.801691917,0.5944,1.369649787,2.278068502,1.08887,0.483398101
NLA06608-EMAP:ME254L,1,1.86472215,0.6417,0.68941273,1.078086916,1.11056,0.474583178
NLA06608-EMAP:ME263L,1,0.133128436,0.7385,0.58771888,0.100225468,1.1239,0.530590292
NLA06608-EMAP:ME518L,1,1.522667174,0.6946,1.045198685,1.550906455,1.09969,0.530525592
NLA06608-FL:107895579,1,0.033663538,0.0502,0.101006104,0.057918296,1.092,1.053366912
NLA06608-FL:16674741,1,2.114160612,0.0668,0.906026225,4.00824621,0.97619,1.003035953
NLA06608-FL:18261987,1,0.035768973,0.0801,0.640321385,0.210462479,1.04016,1.006133963
NLA06608-FL:99324403,1,0.24962682,0.0897,0.871026339,1.068531308,1.00361,1.006375596
NLA06608-FL:99344895,1,0.183470193,0.0955,0.271120713,0.284428729,0.99509,1.006538883
NLA06608-IN:646,1,0.080308853,0.3449,2.855471898,0.618383954,1.03948,0.639470994
NLA06608-MI:7007,1,0.370022567,0.2816,0.788046827,0.727681678,0.89291,0.61326183
NLA06608-MN:03-0029,1,0.048613506,0.1176,3.325978881,0.98122446,0.64859,0.539679578
NLA06608-MN:06-0002,1,0.193808635,0.0937,1.068205384,0.849684538,0.62109,0.603689487
NLA06608-MN:11-0102,1,0.132041203,0.0757,3.979248757,3.332007856,0.66308,0.542256926
NLA06608-MN:15-0010,1,0.06028067,0.0842,6.280868826,3.513091935,0.6564,0.537277251
NLA06608-MN:22-0074,1,0.666936108,0.0985,2.025025287,2.233871454,0.81858,0.632214416
NLA06608-MN:49-0140,1,0.20291095,0.0824,5.133607368,7.040707255,0.61879,0.599906132
NLA06608-MN:51-0063,1,0.17740373,0.0724,0.789223824,0.853440051,0.65554,0.608267467
NLA06608-MN:56-0306,1,0.315435351,0.1331,5.007897665,4.849408685,0.63877,0.586272748
NLA06608-MN:61-0037,1,0.23360072,0.0566,3.999846488,6.167871963,0.58498,0.603878047
NLA06608-MN:74-0023,1,0.408561645,0.2186,2.961175736,2.022575244,0.94689,0.608924062
NLA06608-MN:75-0200,1,0.082305846,0.0876,0.931523252,0.53848885,0.62009,0.601839789
NLA06608-MN:77-0019,1,0.167339684,0.0861,2.382633748,2.732754348,0.61727,0.599807167
NLA06608-MN:87-0030,1,0.054393784,0.0507,0.843449596,0.557663541,0.61759,0.635288882
NLA06608-NELP-0253,1,1.038149144,0.7326,3.749408474,3.191683639,1.1324,0.516943478
NLA06608-NELP-0955,1,1.962243471,0.5944,0.529224569,0.923250398,1.10055,0.478050008
NLA06608-NELP-1041,1,0.189548262,0.8103,0.054995833,0.011575812,1.33404,0.55618373
NLA06608-NELP-1330,1,1.828487094,0.6021,0.664368281,1.069953463,1.10055,0.478050008
NLA06608-NELP-2155,1,0.172805908,0.5944,0.461192585,0.130703286,1.10055,0.478050008
NLA06608-NELP-3355,1,0.872200411,0.6021,0.190936618,0.231649044,1.10055,0.478050008
NLA06608-NELP-3586,1,0.516100876,0.6751,1.715485616,1.192632575,1.1652,0.496973883
NLA06608-NH250L,1,2.17320976,0.7074,0.337916812,0.511342933,1.23125,0.552043578
NLA06608-NH4912,1,1.603559936,0.6956,0.427216824,0.705806228,1.23544,0.570923498
NLA06608-NV:2,1,0.133577591,0.3465,0.705377934,0.23795624,0.66732,0.341340621
NLA06608-NV:3,1,0.070423667,0.4688,0.831215118,0.118611424,0.80987,0.334536396
NLA06608-NV:4,1,0.000731167,0.0076,0.214358091,0.020521224,0.09866,0.824520565
NLA06608-OH:19,1,0.040953029,0.4881,0.194225238,0.015403266,0.99482,0.690418069
NLA06608-OH:22,1,0.161398156,0.4481,1.332555157,0.412858461,1.01884,0.687032967
NLA06608-R10BULLTR,1,1.440437258,0.5588,0.140657899,0.224189036,0.90394,0.393201557
NLA06608-R10CAPEHO,1,0.087961412,0.46,0.307271457,0.056385743,0.82605,0.400026963
NLA06608-R10CHARLT,1,0.501284151,1.4897,6.650602148,1.533991409,1.89669,0.394231876
NLA06608-R10COUNCI,1,0.830390068,1.3705,1.111564979,0.500852508,2.03345,0.430825999
NLA06608-R10DEERLA,1,0.110356021,1.1146,1.005537602,0.094500263,1.25946,0.431716506
NLA06608-R10FISHLA,1,0.154807083,0.2967,1.038667754,0.464909663,0.57645,0.406848703
NLA06608-R10FOURMI,1,0.260010456,1.0642,5.865002672,1.250771489,1.45373,0.44804014
NLA06608-R10RAINYL,1,0.228821456,0.9346,2.497563024,0.555147889,1.47521,0.355043825
NLA06608-R10SQUAWL,1,0.027438765,0.3298,1.325191097,0.109432219,0.66301,0.566022974
NLA06608-R10ULAKE,1,0.70391064,1.741,0.276562386,0.086572593,2.31268,0.598142067
NLA06608-R10YELLOW,1,0.098159788,0.6866,1.813079766,0.255011034,0.4193,0.382496917
NLA06608-R31,1,1.611327247,0.3923,0.114632645,0.254364675,0.91077,0.712048148
NLA06608-R314,1,0.117457721,0.5322,0.140750759,0.030251274,1.06676,0.748345445
NLA06608-R315,1,0.034127584,0.6006,0.259280848,0.014652707,1.02939,0.609358524
NLA06608-R318,1,0.281970666,0.4257,0.89776804,0.496534206,0.99941,0.714377394
NLA06608-R319,1,0.122590686,0.5031,0.023005927,0.005553522,1.12514,0.83358227
NLA06608-R32,1,0.355733902,0.3662,0.08479336,0.081286456,1.00143,0.575537538
NLA06608-R322,1,0.954815805,0.4691,0.146391264,0.284147021,1.05948,0.743280114
NLA06608-R323,1,0.168567663,0.4766,0.250963147,0.081466882,1.01514,0.809738467
NLA06608-R324,1,1.001835285,0.498,1.417551482,1.422551613,1.09004,0.809714041
NLA06608-R326,1,0.135627498,0.5049,0.309981991,0.076687214,1.09907,0.808969213
NLA06608-R328,1,0.649935927,0.2898,0.090249372,0.192465047,0.81393,0.634541521
NLA06608-R333,1,0.240957112,0.5127,0.291000896,0.124168532,1.10161,0.809610612
NLA06608-R334,1,0.09007667,0.3295,0.178523769,0.046724878,0.90014,0.664421077
NLA06608-R336,1,0.218195262,0.4803,0.435108599,0.173044576,1.07546,0.632417171
NLA06608-R34,1,0.066048422,0.4518,0.307933222,0.043946268,1.03659,0.562591435
NLA06608-R5:KATHRYN,1,0.522377577,0.0853,2.220624766,3.516565474,0.60288,0.511986108
NLA06608-R5:OTTAWA,1,0.691657836,0.3395,0.369320509,0.523677123,0.54319,0.512465834
NLA06608-R7101,1,0.072967302,0.0731,0.81901615,0.441733273,0.54869,0.623709697
NLA06608-R7103,1,0.086250374,0.0717,0.612066916,0.368066993,0.55105,0.624029762
NLA06608-R7104,1,0.126351214,0.0731,0.626365266,0.400197957,0.54919,0.623709697
NLA06608-R7106,1,0.034191115,0.2107,0.874233304,0.129456554,0.92364,0.722707139
NLA06608-R715,1,1.122920806,0.2714,0.6182839,0.924235459,1.0212,0.635885638
NLA06608-R716,1,7.466732828,0.2594,1.455035101,1.705503406,1.01292,0.635668217
NLA06608-R723,1,0.068484347,0.4227,0.36943614,0.057016957,1.24831,0.842214075
NLA06608-R728,1,0.141300344,0.2139,1.040310106,0.498680734,0.963,0.767527199
NLA06608-R730,1,0.066537578,0.145,1.792000938,0.670416394,0.87834,0.765544155
NLA06608-R733,1,0.213927004,0.3333,0.993635154,0.528631815,1.13499,0.761165814
NLA06608-R736,1,0.155464317,0.2105,1.256553989,0.791778117,1.06997,0.751182191
NLA06608-R746,1,0.163075353,0.3344,0.527078328,0.229716965,1.20173,0.788732885
NLA06608-R750,1,0.14014534,0.2352,0.182986805,0.100026295,0.99473,0.739897023
NLA06608-R759,1,0.007485248,0.0329,5.663144044,1.099849383,0.82311,0.775837986
NLA06608-R764,1,0.379425943,0.5021,0.081011376,0.057277443,1.33331,0.811650724
NLA06608-R767,1,0.145114622,0.4035,1.175482092,0.383629956,1.10403,0.740697518
NLA06608-R769,1,0.04906839,0.6586,0.198960846,0.014603645,1.19564,0.774977012
NLA06608-R770,1,0.069862487,0.4655,0.359261002,0.052198496,1.17634,0.745143837
NLA06608-R772,1,0.172758517,0.294,1.369983282,0.630774714,0.97696,0.747053278
NLA06608-R775,1,0.249161601,0.268,1.311395502,0.954666257,0.93392,0.749354649
NLA06608-R784,1,0.00692515,0.0105,0.321530691,0.20356175,0.2712,0.610102927
NLA06608-R788,1,0.010134761,0.0675,0.623768738,0.082307152,0.54919,0.623938917
NLA06608-R791,1,0.007438983,0.0213,0.32445676,0.096611147,0.47149,0.608920301
NLA06608-R792,1,0.008274017,0.0213,0.41758345,0.133108765,0.47938,0.618894682
NLA06608-R796,1,0.449512593,0.0217,0.439103342,0.726462013,0.47938,0.618894682
NLA06608-TX:10,1,0.004616236,0.0368,0.020815295,0.002513231,1.19965,0.990309009
NLA06608-TX:14,1,0.006019472,0.0368,1.228311616,0.193425773,1.19335,0.980469051
NLA06608-TX:15,1,0.041813266,0.2458,2.487561196,0.396835997,1.10473,0.951084802
NLA06608-TX:19,1,0.179413166,0.5128,0.903294901,0.275828109,1.51144,0.970070576
NLA06608-TX:22,1,0.412208801,0.4025,0.18885118,0.164747797,1.39589,0.947258735
NLA06608-TX:27,1,0.009762359,0.034,0.387571098,0.105407973,0.79593,0.958386035
NLA06608-TX:29,1,0.1533296,0.3103,0.320810413,0.153286531,1.34444,0.998188414
NLA06608-TX:30,1,0.071231888,0.2693,0.115104008,0.028549947,1.30678,0.917798836
NLA06608-TX:5,1,0.061301044,0.2147,0.516873471,0.141394835,1.15567,1.121669414
NLA06608-WI:LOWES,1,0.921403449,0.3064,0.004590783,0.013735365,0.98447,0.592323209
NLA06608-WI:SY,1,0.015567037,0.178,0.752540036,0.064587439,0.80047,0.5952038
,1,,,,,,
