SITE_ID,VISIT_NO,MCYST_TL_UGL,CYANDENS
NLA06608-0001,1,0.05,30.11696365
NLA06608-0002,1,0.05,6047.380714
NLA06608-0002,2,0.05,5429.894541
NLA06608-0003,1,0.05,38410.15873
NLA06608-0003,2,0.05,61137.77778
NLA06608-0004,1,0.05,522.5042343
NLA06608-0004,2,0.05,8650.262664
NLA06608-0005,1,0.05,70.02710027
NLA06608-0005,2,0.05,4672.592593
NLA06608-0006,1,0.18,1191.150747
NLA06608-0006,2,0.57,4151.100596
NLA06608-0007,1,0.05,3618.092727
NLA06608-0007,2,0.05,7579.953131
NLA06608-0008,1,0.05,3499.752278
NLA06608-0008,2,0.05,4020.631743
NLA06608-0010,1,0.05,2073.955556
NLA06608-0010,2,0.05,2919.901235
NLA06608-0012,1,0.05,968.0589681
NLA06608-0012,2,0.78,12420.57143
NLA06608-0013,1,0.05,202.6748971
NLA06608-0013,2,0.05,12225.23028
NLA06608-0014,1,0.05,7714.169637
NLA06608-0014,2,0.05,3473.908099
NLA06608-0015,1,0.05,3681.777778
NLA06608-0015,2,0.05,8039.111111
NLA06608-0016,1,0.29,1069.203429
NLA06608-0016,2,1.3,4705.77557
NLA06608-0019,1,0.88,610.246695
NLA06608-0019,2,20,181649.9085
NLA06608-0020,1,0.05,1781.777778
NLA06608-0020,2,0.05,16703.11111
NLA06608-0021,1,0.05,790.7806797
NLA06608-0021,2,1.5,6071.283405
NLA06608-0023,1,0.05,7408.592593
NLA06608-0023,2,0.05,5708.444444
NLA06608-0024,1,0.26,18442.66667
NLA06608-0024,2,0.2,26201.90476
NLA06608-0025,1,0.05,3206.290598
NLA06608-0025,2,0.05,2017.015873
NLA06608-0029,1,0.17,46172.03062
NLA06608-0029,2,0.05,88240.76602
NLA06608-0031,1,0.05,15791.11111
NLA06608-0031,2,0.05,532
NLA06608-0033,1,0.05,16313.35531
NLA06608-0033,2,0.05,5146.569738
NLA06608-0036,1,0.05,16287.64444
NLA06608-0036,2,0.05,7549.333333
NLA06608-0037,1,0.14,4268.622158
NLA06608-0037,2,0.05,8660.74155
NLA06608-0038,1,0.05,1593.512705
NLA06608-0038,2,0.05,5007.613674
NLA06608-0041,1,0.05,43.15763575
NLA06608-0041,2,0.05,249.3183419
NLA06608-0042,1,0.05,11.63431989
NLA06608-0042,2,0.05,25.2076931
NLA06608-0043,1,0.05,3369.567692
NLA06608-0043,2,0.05,12357.61907
NLA06608-0044,1,0.05,14879.21418
NLA06608-0044,2,0.05,1254.873485
NLA06608-0045,1,0.05,253339.6667
NLA06608-0045,2,0.05,122849.7778
NLA06608-0048,1,0.05,154964.9383
NLA06608-0048,2,0.05,103417.9048
NLA06608-0049,1,0.05,482.5396825
NLA06608-0050,1,0.05,520.1777778
NLA06608-0050,2,0.05,945.7777778
NLA06608-0053,1,0.05,184.2499065
NLA06608-0053,2,0.05,179.2701793
NLA06608-0057,1,0.17,201754.6667
NLA06608-0057,2,0.27,241578.6667
NLA06608-0061,1,0.05,2881.255568
NLA06608-0061,2,0.05,12635.87885
NLA06608-0062,1,8.9,95660.57438
NLA06608-0062,2,2.6,29760.8509
NLA06608-0064,1,0.65,13979.91288
NLA06608-0064,2,9.6,129889.6916
NLA06608-0065,1,0.05,93.3859338
NLA06608-0065,2,0.05,22226.14902
NLA06608-0066,1,0.05,7121.009899
NLA06608-0066,2,0.05,4702.85437
NLA06608-0068,1,0.05,5.202309562
NLA06608-0068,2,0.05,3.23408375
NLA06608-0069,1,0.05,1268.170527
NLA06608-0069,2,0.05,0
NLA06608-0071,1,1.1,2146.262424
NLA06608-0071,2,0.76,2473.928474
NLA06608-0072,1,4.3,21693.77778
NLA06608-0072,2,28,9908.148148
NLA06608-0073,1,0.05,0.663963627
NLA06608-0073,2,0.05,5472
NLA06608-0076,1,0.05,25012.44444
NLA06608-0076,2,0.13,106062.2222
NLA06608-0077,1,0.05,38219.55556
NLA06608-0077,2,0.05,84555.76789
NLA06608-0078,1,15,71182.30135
NLA06608-0078,2,5,39605.12044
NLA06608-0079,1,0.05,11.00899711
NLA06608-0079,2,0.05,139.5071202
NLA06608-0080,1,0.05,3426.052315
NLA06608-0080,2,0.05,1216.381365
NLA06608-0081,1,0.05,6550.439594
NLA06608-0081,2,0.05,201472.1017
NLA06608-0083,1,1.2,2258.772274
NLA06608-0083,2,2.5,12620.03448
NLA06608-0085,1,0.14,4391.111111
NLA06608-0085,2,0.05,34383.79085
NLA06608-0086,1,0.44,52644.93051
NLA06608-0086,2,0.3,59449.63137
NLA06608-0089,1,0.05,14288
NLA06608-0089,2,0.05,18960.59259
NLA06608-0090,1,0.05,162.8098687
NLA06608-0090,2,0.05,395.7319021
NLA06608-0091,1,1.8,280946.8676
NLA06608-0091,2,1,1192234.384
NLA06608-0099,1,4.5,8843.561086
NLA06608-0099,2,2.6,4998.651184
NLA06608-0101,1,0.05,982.0022042
NLA06608-0102,1,0.05,1826.186337
NLA06608-0104,1,0.05,989.9697678
NLA06608-0104,2,0.05,426.2646485
NLA06608-0105,1,0.05,196.0952507
NLA06608-0105,2,0.05,6165.704379
NLA06608-0107,1,0.05,1841.875416
NLA06608-0110,1,0.05,4633.185185
NLA06608-0111,1,0.13,8189.811966
NLA06608-0112,1,0.58,71898.4127
NLA06608-0113,1,0.05,418.297085
NLA06608-0115,1,0.05,101.7175988
NLA06608-0116,1,0.05,3233.659259
NLA06608-0120,1,0.05,10756.21076
NLA06608-0120,2,0.05,5378.105378
NLA06608-0124,1,0.2,51780.04277
NLA06608-0126,1,0.9,79758.28241
NLA06608-0126,2,3.2,63564.16847
NLA06608-0127,1,0.05,2191.048943
NLA06608-0128,1,0.05,147.6321748
NLA06608-0128,2,1.6,78339.95902
NLA06608-0129,1,0.05,1123.7673
NLA06608-0129,2,0.05,864.8452399
NLA06608-0130,1,0.05,18823.10228
NLA06608-0132,1,0.05,3359.400893
NLA06608-0134,1,0.05,313.0588501
NLA06608-0137,1,0.05,361.620915
NLA06608-0139,1,0.16,627.4367427
NLA06608-0140,1,0.05,318.7025409
NLA06608-0141,1,0.1,996.9413858
NLA06608-0142,1,0.05,490.1368946
NLA06608-0144,1,0.05,18560.88889
NLA06608-0144,2,0.05,162615.873
NLA06608-0148,1,0.05,3838.276074
NLA06608-0149,1,0.05,5367.149978
NLA06608-0150,1,0.47,2985.448026
NLA06608-0152,1,0.1,11015.15657
NLA06608-0153,1,0.05,42361.08642
NLA06608-0155,1,0.29,1621.333333
NLA06608-0158,1,0.11,1427.681215
NLA06608-0161,1,0.05,9274.741914
NLA06608-0162,1,0.05,793.7777778
NLA06608-0167,1,1.6,36480
NLA06608-0167,2,1.3,67555.55556
NLA06608-0168,1,1.9,10539.09465
NLA06608-0169,1,0.05,15599.21944
NLA06608-0169,2,0.32,111027.5625
NLA06608-0170,1,0.38,362.1728395
NLA06608-0173,1,0.36,6483.604817
NLA06608-0174,1,0.42,21361.62963
NLA06608-0174,2,0.8,45563.62393
NLA06608-0175,1,0.05,6637.333333
NLA06608-0176,1,0.05,1682.151849
NLA06608-0177,1,0.05,8208.58232
NLA06608-0179,1,0.12,2414.267467
NLA06608-0179,2,0.05,41410.82502
NLA06608-0180,1,0.14,4342.32212
NLA06608-0181,1,0.13,6986.803419
NLA06608-0183,1,0.05,36061.12288
NLA06608-0184,1,0.05,1485.950597
NLA06608-0185,1,0.15,59.75672642
NLA06608-0189,1,1.7,3386.214497
NLA06608-0189,2,0.05,115390.2387
NLA06608-0190,1,0.05,1089.333333
NLA06608-0191,1,0.05,8327.521368
NLA06608-0193,1,0.05,0
NLA06608-0195,1,0.19,42292.62801
NLA06608-0196,1,0.05,104711.1111
NLA06608-0198,1,0.05,1860.426083
NLA06608-0201,1,0.05,490.3601533
NLA06608-0203,1,0.05,101.5864349
NLA06608-0204,1,1,5975.672642
NLA06608-0207,1,0.05,5814.329481
NLA06608-0207,2,0.05,13754.00653
NLA06608-0208,1,1.5,56549.78211
NLA06608-0209,1,0.05,30995.37509
NLA06608-0209,2,0.05,142720.9444
NLA06608-0211,1,3.3,3571.460349
NLA06608-0212,1,0.05,4853.407745
NLA06608-0215,1,6.1,32922.07407
NLA06608-0216,1,0.3,18886.55094
NLA06608-0217,1,0.54,73072.59259
NLA06608-0219,1,3.4,70691.20634
NLA06608-0220,1,28,101842.8902
NLA06608-0221,1,0.05,54973.33333
NLA06608-0222,1,0.05,138036.0834
NLA06608-0223,1,0.05,6732.591177
NLA06608-0223,2,0.05,13196.27709
NLA06608-0224,1,0.05,18337.58025
NLA06608-0224,2,0.12,12652.59259
NLA06608-0225,1,0.05,3387.178041
NLA06608-0225,2,0.05,102.4386519
NLA06608-0226,1,0.05,1243.636364
NLA06608-0228,1,0.05,567.7165275
NLA06608-0228,2,0.11,16053.39607
NLA06608-0229,1,0.05,2166.181333
NLA06608-0234,1,0.31,11414.63704
NLA06608-0235,1,0.81,22520.49737
NLA06608-0237,1,0.05,248.9863601
NLA06608-0237,2,0.05,247.7037037
NLA06608-0238,1,0.05,2603.140741
NLA06608-0239,1,0.05,872.4482058
NLA06608-0240,1,0.05,2289.109875
NLA06608-0241,1,0.05,275295.6444
NLA06608-0242,1,0.05,1263.356791
NLA06608-0243,1,0.05,4363.256824
NLA06608-0244,1,0.05,12400.19753
NLA06608-0245,1,0.05,514.9037927
NLA06608-0247,1,0.85,120274.7971
NLA06608-0253,1,0.1,116764.6434
NLA06608-0254,1,1.3,37432.60908
NLA06608-0255,1,0.05,53.94704469
NLA06608-0257,1,0.05,982.9842302
NLA06608-0259,1,0.13,26993.12965
NLA06608-0260,1,0.05,5832.296296
NLA06608-0268,1,0.05,19861.33333
NLA06608-0271,1,0.05,17687.99102
NLA06608-0275,1,2.3,5575.821187
NLA06608-0276,1,0.05,0
NLA06608-0277,1,0.05,19445.86667
NLA06608-0279,1,3.6,59035.11111
NLA06608-0280,1,1,16987.15152
NLA06608-0281,1,0.17,58840.88889
NLA06608-0283,1,0.05,3766.665656
NLA06608-0284,1,0.05,211223.7037
NLA06608-0285,1,0.19,72345.47679
NLA06608-0286,1,0.05,13818.48889
NLA06608-0290,1,1.1,349.1784714
NLA06608-0290,2,0.05,7170.807171
NLA06608-0291,1,0.05,315.5348252
NLA06608-0293,1,0.05,9395.749285
NLA06608-0294,1,0.05,1661.900958
NLA06608-0295,1,0.71,1487.51857
NLA06608-0297,1,0.05,1205.093983
NLA06608-0299,1,0.25,7934.460475
NLA06608-0302,1,3.7,116297.2457
NLA06608-0303,1,0.35,2279.719113
NLA06608-0306,1,0.05,NA
NLA06608-0312,1,0.05,4137.157359
NLA06608-0313,1,0.05,102279.1111
NLA06608-0318,1,0.1,3422.814815
NLA06608-0319,1,0.05,1326.599327
NLA06608-0324,1,0.05,21871.11111
NLA06608-0325,1,0.4,16592.45104
NLA06608-0326,1,0.05,143.7481252
NLA06608-0327,1,0.05,639.3969727
NLA06608-0328,1,0.05,3172.086228
NLA06608-0328,2,0.17,35226.59023
NLA06608-0330,1,0.05,1067.753086
NLA06608-0332,1,0.05,7018.271605
NLA06608-0333,1,0.05,4125.111111
NLA06608-0334,1,2,9015.275303
NLA06608-0337,1,0.05,22752.83767
NLA06608-0339,1,1.5,15595.76961
NLA06608-0340,1,0.05,310.1414141
NLA06608-0341,1,0.26,729.0320624
NLA06608-0343,1,12,215474.9866
NLA06608-0344,1,0.56,15122.83431
NLA06608-0345,1,0.05,80673.61616
NLA06608-0350,1,0.13,19359.32465
NLA06608-0354,1,0.75,1354.983772
NLA06608-0356,1,0.05,41566.7789
NLA06608-0357,1,0.05,3501.744168
NLA06608-0358,1,0.05,191.5535064
NLA06608-0359,1,0.14,131270.6785
NLA06608-0361,1,0.05,7819.555556
NLA06608-0363,1,0.76,1984.444444
NLA06608-0366,1,0.05,1544.77037
NLA06608-0367,1,3.5,4841.481482
NLA06608-0369,1,0.05,2333.500167
NLA06608-0372,1,0.05,9837.942286
NLA06608-0373,1,0.05,516.2317199
NLA06608-0376,1,0.05,24406.85714
NLA06608-0377,1,0.46,80472.39158
NLA06608-0378,1,0.05,87.84114398
NLA06608-0384,1,0.05,288.2817466
NLA06608-0385,1,0.05,19142.07136
NLA06608-0386,1,0.05,447.5114846
NLA06608-0388,1,0.05,1295.924207
NLA06608-0388,2,0.05,1515.330988
NLA06608-0393,1,0.05,13497.05261
NLA06608-0395,1,0.05,4286.549175
NLA06608-0399,1,0.15,1976
NLA06608-0401,1,0.43,9113.472922
NLA06608-0402,1,1.2,0
NLA06608-0402,2,1.8,18949.33333
NLA06608-0403,1,0.05,1147.329147
NLA06608-0405,1,0.17,478.8007705
NLA06608-0406,1,0.05,238.4313726
NLA06608-0407,1,0.77,5284.770506
NLA06608-0408,1,0.05,122.1693074
NLA06608-0413,1,0.05,10180.62222
NLA06608-0414,1,0.05,0
NLA06608-0418,1,0.05,986.0512821
NLA06608-0421,1,0.05,445.1876119
NLA06608-0425,1,1.7,24302.61154
NLA06608-0426,1,0.53,5787.259259
NLA06608-0432,1,0.05,717.0807171
NLA06608-0433,1,0.05,201.8449426
NLA06608-0435,1,0.69,51621.68138
NLA06608-0436,1,0.05,3868.252091
NLA06608-0439,1,7.8,963429.1184
NLA06608-0440,1,0.05,2116.078431
NLA06608-0442,1,2.1,3502.331326
NLA06608-0444,1,0.05,42676.26212
NLA06608-0445,1,0.05,3960.444444
NLA06608-0447,1,0.05,576.1544373
NLA06608-0449,1,0.05,2635.234319
NLA06608-0452,1,0.05,54.84482196
NLA06608-0453,1,0.05,4521.592299
NLA06608-0454,1,0.05,350.572795
NLA06608-0456,1,0.26,22315.85185
NLA06608-0458,1,0.41,22563.14395
NLA06608-0459,1,0.33,4525.576081
NLA06608-0462,1,0.05,3031.555556
NLA06608-0463,1,0.21,36682.66667
NLA06608-0467,1,0.12,49262.06964
NLA06608-0468,1,0.05,8.602900079
NLA06608-0469,1,0.05,464.8575343
NLA06608-0470,1,0.05,466.3512545
NLA06608-0471,1,0.32,21449.90835
NLA06608-0472,1,1.5,589.5997007
NLA06608-0473,1,0.52,36547.55556
NLA06608-0479,1,0.05,710.109099
NLA06608-0480,1,0.13,204.9987698
NLA06608-0480,2,0.21,22.51851852
NLA06608-0483,1,0.05,238.4313726
NLA06608-0484,1,2.5,80113.85123
NLA06608-0488,1,0.05,830.6184973
NLA06608-0489,1,1.8,25400.88889
NLA06608-0491,1,1.2,2288.682622
NLA06608-0493,1,0.29,38363.11111
NLA06608-0494,1,0.05,2784.068376
NLA06608-0495,1,0.05,614.3548322
NLA06608-0496,1,0.38,0
NLA06608-0497,1,0.05,21032.2963
NLA06608-0498,1,0.05,15184.18418
NLA06608-0500,1,0.05,3872.235872
NLA06608-0501,1,0.05,58.09681736
NLA06608-0502,1,1.8,790.0246914
NLA06608-0503,1,2.8,135127.0585
NLA06608-0508,1,0.05,8598.328969
NLA06608-0509,1,0.05,2430.106875
NLA06608-0510,1,1.2,26270.50362
NLA06608-0511,1,0.05,4052.505928
NLA06608-0512,1,2.3,24920.15063
NLA06608-0514,1,0.05,14287.83329
NLA06608-0515,1,2.4,5137.706661
NLA06608-0523,1,0.41,73713.69732
NLA06608-0526,1,0.05,3715.555556
NLA06608-0528,1,0.05,1025.437662
NLA06608-0529,1,3.5,34214.50972
NLA06608-0530,1,0.55,474.7339933
NLA06608-0531,1,0.91,411.7553624
NLA06608-0533,1,0.05,614.4983367
NLA06608-0537,1,0.05,643.3807545
NLA06608-0540,1,0.38,6596.601307
NLA06608-0541,1,0.05,11513.39683
NLA06608-0542,1,0.05,2626.102977
NLA06608-0546,1,0.05,109.5539984
NLA06608-0547,1,0.75,4692.775589
NLA06608-0550,1,0.05,40.83376306
NLA06608-0551,1,0.94,16544.35556
NLA06608-0555,1,0.05,25615.78702
NLA06608-0558,1,0.05,2581.587302
NLA06608-0560,1,0.05,72408.2963
NLA06608-0561,1,0.05,3.555555556
NLA06608-0562,1,0.05,4196.914086
NLA06608-0562,2,0.05,6009.534787
NLA06608-0564,1,0.05,10005.7284
NLA06608-0565,1,0.05,6652.915542
NLA06608-0569,1,1,12945.01069
NLA06608-0570,1,0.05,7926.617516
NLA06608-0579,1,0.92,10008.38121
NLA06608-0580,1,0.05,1981.62963
NLA06608-0581,1,0.05,4480.246914
NLA06608-0582,1,0.05,1065.661621
NLA06608-0583,1,0.05,13279.27254
NLA06608-0585,1,0.05,59.75672642
NLA06608-0587,1,0.31,22117.14518
NLA06608-0587,2,0.17,187832.8418
NLA06608-0588,1,0.05,39.83781762
NLA06608-0590,1,0.05,13136.55191
NLA06608-0591,1,0.27,4977.735311
NLA06608-0593,1,0.05,5096.716925
NLA06608-0594,1,0.14,14859.50597
NLA06608-0595,1,0.05,165996.2332
NLA06608-0596,1,0.05,19.05205363
NLA06608-0597,1,0.05,7951.851852
NLA06608-0599,1,0.05,52896
NLA06608-0606,1,0.1,65618.36466
NLA06608-0608,1,0.05,252657.7778
NLA06608-0609,1,6.3,180186.4491
NLA06608-0610,1,0.05,699.6825397
NLA06608-0611,1,1.2,139726.7895
NLA06608-0614,1,0.05,1259.428571
NLA06608-0616,1,0.05,22100.8
NLA06608-0617,1,0.05,3041.147477
NLA06608-0618,1,0.05,1732.945066
NLA06608-0619,1,0.05,8444.444444
NLA06608-0622,1,0.05,5448.777778
NLA06608-0623,1,0.05,14355.55556
NLA06608-0624,1,0.05,14769.33333
NLA06608-0625,1,0.05,127.8730159
NLA06608-0627,1,0.5,4259.72014
NLA06608-0628,1,0.05,21475.16049
NLA06608-0630,1,0.11,1018.962963
NLA06608-0632,1,0.05,322.6863227
NLA06608-0634,1,2.6,155425.0446
NLA06608-0635,1,0.05,2419.476169
NLA06608-0637,1,0.05,45179.17675
NLA06608-0641,1,0.05,74508.1132
NLA06608-0648,1,0.82,14158.2465
NLA06608-0649,1,0.05,5792.888889
NLA06608-0650,1,0.05,19552.72727
NLA06608-0651,1,0.05,3591.379258
NLA06608-0654,1,0.05,13999.52779
NLA06608-0657,1,0.05,22485.67097
NLA06608-0658,1,0.05,688.4232804
NLA06608-0659,1,0.05,18371.34783
NLA06608-0660,1,0.05,3664.548267
NLA06608-0661,1,0.18,18843.28773
NLA06608-0662,1,0.05,11814.42735
NLA06608-0663,1,9,334782.3191
NLA06608-0665,1,0.05,11237.86667
NLA06608-0671,1,0.05,17.51151484
NLA06608-0672,1,0.13,1469333.333
NLA06608-0674,1,0.05,1014.20444
NLA06608-0677,1,1.2,NA
NLA06608-0678,1,0.05,274.7259259
NLA06608-0679,1,0.86,226.7936508
NLA06608-0681,1,0.05,2513.102328
NLA06608-0686,1,0.05,1596
NLA06608-0687,1,0.05,7283.97065
NLA06608-0690,1,0.05,848.5455152
NLA06608-0690,2,0.05,2031.728698
NLA06608-0692,1,0.05,15235.45116
NLA06608-0693,1,0.05,4021.129716
NLA06608-0696,1,0.05,1032.795422
NLA06608-0707,1,0.05,847.5456
NLA06608-0709,1,3.6,61429.91476
NLA06608-0710,1,0.05,691.18613559999994
NLA06608-0711,1,0.05,573.6645737
NLA06608-0712,1,0.05,2589.62963
NLA06608-0713,1,0.05,11154.61438
NLA06608-0715,1,0.05,5132.332595
NLA06608-0717,1,0.9,2484.883874
NLA06608-0718,1,0.05,9693.545182
NLA06608-0720,1,0.05,50.79321746
NLA06608-0721,1,0.05,32987.02083
NLA06608-0723,1,0.05,3555.474875
NLA06608-0724,1,0.05,2113.677527
NLA06608-0726,1,0.05,244.3921569
NLA06608-0727,1,0.05,163996.2786
NLA06608-0731,1,0.14,5325.168252
NLA06608-0733,1,0.05,177333.3333
NLA06608-0734,1,0.05,41085.03704
NLA06608-0738,1,0.05,253.3333333
NLA06608-0743,1,0.05,10180.24691
NLA06608-0744,1,0.05,8369.925481
NLA06608-0749,1,0.05,289002.6667
NLA06608-0751,1,0.05,3.651799948
NLA06608-0753,1,0.46,3250.765917
NLA06608-0754,1,0.05,2388.775139
NLA06608-0755,1,0.05,25301.75144
NLA06608-0756,1,0.05,2227.597968
NLA06608-0759,1,1.7,36547.55556
NLA06608-0761,1,1.8,5031.516365
NLA06608-0762,1,192,251946.212
NLA06608-0764,1,0.05,836.5823236
NLA06608-0765,1,0.05,38.84187218
NLA06608-0766,1,6.2,90840.59767
NLA06608-0769,1,0.14,54593.33333
NLA06608-0770,1,0.05,66.04597292
NLA06608-0771,1,3.6,13422.44444
NLA06608-0775,1,0.05,3077.530864
NLA06608-0779,1,0.14,147978.5426
NLA06608-0781,1,0.05,4391.111111
NLA06608-0782,1,0.05,12503.40741
NLA06608-0783,1,0.05,1705.058594
NLA06608-0785,1,0.05,1254.873485
NLA06608-0792,1,0.05,915.7530864
NLA06608-0793,1,0.05,836.5941699
NLA06608-0794,1,0.05,11.63431989
NLA06608-0794,2,0.05,18.16246605
NLA06608-0797,1,0.05,2744.444444
NLA06608-0802,1,0.05,1199.11831
NLA06608-0804,1,0.05,197.7781654
NLA06608-0805,1,0.05,2699.012144
NLA06608-0806,1,0.05,5577.294466
NLA06608-0807,1,3.1,40469.6699
NLA06608-0808,1,0.11,129098.6667
NLA06608-0809,1,0.05,814.5669993
NLA06608-0811,1,0.05,33238.84403
NLA06608-0812,1,0.05,2067.582734
NLA06608-0815,1,0.05,8455.576789
NLA06608-0820,1,0.05,40236.19579
NLA06608-0823,1,0.05,1965.846356
NLA06608-0824,1,0.05,12286.66667
NLA06608-0825,1,15,93426.09016
NLA06608-0827,1,0.05,577.6890929
NLA06608-0828,1,0.28,7469.590803
NLA06608-0830,1,0.05,17744.69538
NLA06608-0831,1,0.05,86.64725331
NLA06608-0833,1,0.05,0
NLA06608-0834,1,0.05,12748.98062
NLA06608-0836,1,0.05,1746.64823
NLA06608-0837,1,0.05,0
NLA06608-0842,1,0.05,104.7525623
NLA06608-0843,1,0.05,827.630661
NLA06608-0846,1,1.3,41534.68617
NLA06608-0847,1,78,41799.83013
NLA06608-0849,1,0.05,0
NLA06608-0850,1,0.05,1932.051179
NLA06608-0851,1,0.12,0
NLA06608-0856,1,0.05,2840.436396
NLA06608-0857,1,0.16,18915.55556
NLA06608-0859,1,1.3,24783.16768
NLA06608-0860,1,0.05,40.16979943
NLA06608-0860,2,0.05,64.40447181
NLA06608-0862,1,0.05,2228.062235
NLA06608-0863,1,0.1,306.7511956
NLA06608-0864,1,0.05,738.2406324
NLA06608-0865,1,0.75,36591.03548
NLA06608-0868,1,1.3,2947.998504
NLA06608-0869,1,0.05,1201.110201
NLA06608-0870,1,0.05,190.974359
NLA06608-0871,1,0.92,211448.8889
NLA06608-0872,1,0.05,623.4618457
NLA06608-0873,1,0.05,1029.176815
NLA06608-0874,1,0.05,0
NLA06608-0875,1,0.52,63461.68889
NLA06608-0877,1,0.05,9900.582719
NLA06608-0878,1,0.6,5201.777778
NLA06608-0880,1,0.05,5045.723621
NLA06608-0881,1,0.05,336.1315861
NLA06608-0885,1,0.05,796.7563523
NLA06608-0889,1,0.05,1474.962963
NLA06608-0890,1,0.05,3193.447619
NLA06608-0891,1,0.12,6117.5082410000005
NLA06608-0893,1,0.05,93.6188714
NLA06608-0895,1,0.05,0
NLA06608-0899,1,12,48091.18093
NLA06608-0900,1,0.05,8962.37037
NLA06608-0904,1,0.05,6940.743774
NLA06608-0905,1,0.05,3721.989418
NLA06608-0906,1,0.05,0
NLA06608-0913,1,0.32,6402.407636
NLA06608-0914,1,0.05,3874.874875
NLA06608-0915,1,0.05,6223.555556
NLA06608-0916,1,0.05,0
NLA06608-0918,1,0.05,11040.6799
NLA06608-0921,1,0.28,69751.11111
NLA06608-0922,1,0.05,1.745147984
NLA06608-0924,1,225,218870.8504
NLA06608-0925,1,0.05,218.1120515
NLA06608-0926,1,0.05,427.4208984
NLA06608-0927,1,0.05,1948.052692
NLA06608-0929,1,0.05,11.97833782
NLA06608-0930,1,0.05,671.8024691
NLA06608-0933,1,0.05,746.9590803
NLA06608-0934,1,0.05,226.9444444
NLA06608-0935,1,1.4,141657.2444
NLA06608-0938,1,2.4,22800
NLA06608-0940,1,0.05,3686.190863
NLA06608-0942,1,0.05,5394.68642
NLA06608-0943,1,0.05,1673.18834
NLA06608-0944,1,0.05,2892.091236
NLA06608-0946,1,0.05,826.6347155
NLA06608-0950,1,0.05,65.34609672
NLA06608-0955,1,0.05,166.7149107
NLA06608-0957,1,0.05,75.02788984
NLA06608-0958,1,0.21,22847.85185
NLA06608-0961,1,0.05,6355.047619
NLA06608-0962,1,0.05,0
NLA06608-0967,1,0.05,25389.79819
NLA06608-0968,1,0.05,1978.94359
NLA06608-0970,1,0.05,1.163431989
NLA06608-0971,1,0.05,26412.09907
NLA06608-0972,1,0.05,66.39636269
NLA06608-0974,1,0.05,8871.358025
NLA06608-0979,1,0.05,964.2982726
NLA06608-0980,1,1.3,47086.22222
NLA06608-0982,1,0.05,3276.660499
NLA06608-0984,1,0.11,1017.85624
NLA06608-0986,1,0.05,1071.637294
NLA06608-0987,1,0.68,38352.0709
NLA06608-0989,1,0.05,19971.11111
NLA06608-0990,1,0.05,51530.4127
NLA06608-0993,1,0.05,575.9884464
NLA06608-0994,1,0.05,6094.777778
NLA06608-0996,1,0.05,1934.545455
NLA06608-0997,1,0.05,3785.588619
NLA06608-1001,1,0.05,1695.09914
NLA06608-1002,1,0.33,2615.762145
NLA06608-1003,1,0.11,15865
NLA06608-1005,1,0.05,21190.58824
NLA06608-1006,1,0.52,2244.489161
NLA06608-1007,1,0.05,NA
NLA06608-1008,1,0.05,1345.6515669999999
NLA06608-1010,1,0.58,2914.136359
NLA06608-1012,1,0.05,10838.44444
NLA06608-1014,1,0.05,1236.560387
NLA06608-1015,1,0.4,3127.268683
NLA06608-1016,1,0.05,16642.24831
NLA06608-1018,1,0.05,101376.7619
NLA06608-1022,1,4.2,74564.5825
NLA06608-1024,1,0.05,2759.441185
NLA06608-1034,1,0.05,3013.387205
NLA06608-1035,1,3.7,54816.83704
NLA06608-1036,1,0.05,2093.477316
NLA06608-1037,1,0.05,9.650793651
NLA06608-1038,1,0.05,11400
NLA06608-1039,1,0.53,5736.645737
NLA06608-1041,1,0.05,40821.80277
NLA06608-1044,1,0.05,15835.5325
NLA06608-1045,1,0.15,416.3051941
NLA06608-1047,1,0.05,78389.77778
NLA06608-1052,1,0.05,2220.958332
NLA06608-1055,1,0.7,35331.55556
NLA06608-1056,1,0.05,22794.37037
NLA06608-1057,1,0.05,0
NLA06608-1058,1,0.05,151.2657005
NLA06608-1059,1,0.83,90700.16352
NLA06608-1060,1,0.2,43700
NLA06608-1060,2,0.16,55632
NLA06608-1070,1,0.05,11002.55145
NLA06608-1073,1,0.05,377.8888889
NLA06608-1075,1,0.1,0
NLA06608-1083,1,3.2,259361.9816
NLA06608-1086,1,0.17,25894.48395
NLA06608-1087,1,0.05,5338.267561
NLA06608-1089,1,0.05,1752.730901
NLA06608-1091,1,0.05,62273.09671
NLA06608-1096,1,0.05,8627.255212
NLA06608-1100,1,0.05,3575.444131
NLA06608-1101,1,0.12,10855.8053
NLA06608-1102,1,0.05,2024.555556
NLA06608-1103,1,0.05,606.5307732
NLA06608-1107,1,33,36697.00539
NLA06608-1108,1,0.1,41353.65079
NLA06608-1108,2,0.29,65697.77778
NLA06608-1111,1,4,199502.8148
NLA06608-1113,1,0.16,1719.997776
NLA06608-1114,1,0.05,1198.122365
NLA06608-1115,1,0.2,6749.925926
NLA06608-1119,1,0.05,16481.78308
NLA06608-1120,1,0.05,13967.11111
NLA06608-1122,1,0.05,3.983781762
NLA06608-1124,1,0.05,5907.358025
NLA06608-1125,1,0.05,4575.373353
NLA06608-1129,1,0.05,21305.16822
NLA06608-1130,1,0.53,12409.95556
NLA06608-1131,1,0.84,52443.25441
NLA06608-1134,1,3.7,7980
NLA06608-1141,1,0.05,2177.800696
NLA06608-1143,1,0.05,1081.833686
NLA06608-1145,1,3.9,32612.23345
NLA06608-1147,1,7.5,58506.85643
NLA06608-1148,1,3.9,77416.04118
NLA06608-1150,1,0.05,93964.95238
NLA06608-1151,1,0.05,21405.80701
NLA06608-1153,1,0.05,256.6786675
NLA06608-1155,1,2.8,33920.7989
NLA06608-1162,1,0.05,753.0457516
NLA06608-1163,1,0.25,4603.55273
NLA06608-1164,1,0.05,744.9671894
NLA06608-1166,1,0.05,1100.209781
NLA06608-1167,1,1.7,7477.171717
NLA06608-1170,1,0.05,0
NLA06608-1172,1,0.05,563.4125853
NLA06608-1174,1,0.05,1115.122362
NLA06608-1175,1,4.2,94589.03704
NLA06608-1177,1,0.05,31176.88889
NLA06608-1179,1,0.05,42419.25926
NLA06608-1181,1,0.23,76675.55556
NLA06608-1183,1,0.05,7757.053309
NLA06608-1185,1,0.35,12436.03873
NLA06608-1189,1,0.05,2714.947271
NLA06608-1190,1,0.05,1174.966633
NLA06608-1191,1,0.05,19365.92593
NLA06608-1195,1,0.4,47574.46831
NLA06608-1198,1,0.05,17617.31401
NLA06608-1199,1,1.1,49383.86265
NLA06608-1204,1,0.27,2473.928474
NLA06608-1206,1,0.05,4347.68254
NLA06608-1207,1,0.05,1063.651608
NLA06608-1208,1,1.1,2308.601531
NLA06608-1208,2,0.28,1936.117936
NLA06608-1209,1,0.05,1005.904895
NLA06608-1210,1,0.34,627.4367427
NLA06608-1217,1,0.05,0
NLA06608-1219,1,3.8,115657.5062
NLA06608-1220,1,0.11,15218.04633
NLA06608-1222,1,0.94,328.6619953
NLA06608-1223,1,0.67,38802.03436
NLA06608-1224,1,0.05,23340.44444
NLA06608-1227,1,0.05,1874.467269
NLA06608-1232,1,0.05,19161.21212
NLA06608-1236,1,0.05,22921.6
NLA06608-1238,1,0.05,16.87680171
NLA06608-1239,1,0.58,240835.5556
NLA06608-1240,1,0.05,1438.145216
NLA06608-1241,1,0.11,18434.22222
NLA06608-1242,1,0.17,1294.336732
NLA06608-1243,1,0.74,109532.5285
NLA06608-1244,1,7.8,60072.00814
NLA06608-1245,1,0.05,31638.51852
NLA06608-1255,1,1.3,501949.3942
NLA06608-1256,1,0.05,764.8860982
NLA06608-1258,1,0.05,1883.996791
NLA06608-1259,1,0.05,230.7473445
NLA06608-1261,1,0.05,28362.07407
NLA06608-1262,1,0.18,14200.17778
NLA06608-1263,1,0.05,3436.011769
NLA06608-1266,1,0.05,1.078940894
NLA06608-1268,1,0.11,3466.886078
NLA06608-1269,1,0.26,3763.809524
NLA06608-1270,1,0.05,33.35171702
NLA06608-1271,1,0.34,3042.61332
NLA06608-1273,1,0.19,62386.02239
NLA06608-1274,1,0.05,3225.777778
NLA06608-1278,1,2.4,49791.58722
NLA06608-1279,1,0.05,502.9524474
NLA06608-1281,1,0.05,1113.315556
NLA06608-1283,1,0.2,63563.02222
NLA06608-1284,1,0.05,32.86619953
NLA06608-1288,1,0.05,63640.91364
NLA06608-1292,1,0.05,7083.163972
NLA06608-1295,1,0.05,202558.5778
NLA06608-1297,1,0.43,12078.1573
NLA06608-1300,1,0.05,7557.777778
NLA06608-1303,1,6.6,16112
NLA06608-1312,1,0.05,6284.777778
NLA06608-1316,1,0.05,48602.13749
NLA06608-1319,1,2.8,148119.8882
NLA06608-1321,1,0.05,0
NLA06608-1323,1,0.05,2469.944692
NLA06608-1326,1,0.21,7448.804233
NLA06608-1329,1,0.05,2365.913044
NLA06608-1332,1,0.05,69138.53247
NLA06608-1333,1,0.05,2202.035369
NLA06608-1334,1,3.4,3789.866667
NLA06608-1334,2,2,8317.777778
NLA06608-1336,1,0.28,1391.3357800000001
NLA06608-1338,1,0.11,1014.971201
NLA06608-1339,1,0.05,136077.7124
NLA06608-1342,1,0.05,10461.46032
NLA06608-1344,1,0.05,35035.25812
NLA06608-1346,1,0.05,624.4577911
NLA06608-1347,1,0.05,23131.81699
NLA06608-1348,1,0.05,1556.848485
NLA06608-1349,1,0.19,1883.759662
NLA06608-1354,1,0.05,45233.81168
NLA06608-1355,1,0.27,17117.95066
NLA06608-1355,2,0.17,10572.9766
NLA06608-1356,1,0.05,12232.75214
NLA06608-1358,1,0.05,3401.162393
NLA06608-1358,2,0.05,3411.555556
NLA06608-1359,1,0.05,25613.20635
NLA06608-1360,1,0.13,13911.16892
NLA06608-1364,1,0.27,65174.66962
NLA06608-1365,1,0.05,420.2889758
NLA06608-1367,1,1.9,287993.4649
NLA06608-1368,1,0.05,47491.55556
NLA06608-1369,1,0.05,40713.48148
NLA06608-1370,1,5.1,6738.666667
NLA06608-1372,1,0.05,13781.33333
NLA06608-1375,1,0.05,27596.44444
NLA06608-1376,1,0.05,19677.96825
NLA06608-1377,1,0.05,1254.873485
NLA06608-1380,1,0.05,11902.06061
NLA06608-1383,1,3.4,74600.63492
NLA06608-1387,1,0.19,67904.59259
NLA06608-1389,1,0.11,12389.56128
NLA06608-1389,2,0.05,11991.1831
NLA06608-1390,1,0.05,2365.74359
NLA06608-1391,1,1.5,121870.2222
NLA06608-1396,1,0.05,33244.6588
NLA06608-1397,1,0.13,21990.47532
NLA06608-1398,1,0.05,12241.06667
NLA06608-1401,1,2.1,3140.215974
NLA06608-1403,1,0.05,1030.503026
NLA06608-1413,1,0.47,51311.10909
NLA06608-1414,1,0.05,1858.434192
NLA06608-1417,1,0.05,12514.66667
NLA06608-1420,1,0.05,37290.66667
NLA06608-1421,1,0.13,3846.341291
NLA06608-1425,1,0.05,31109.1892
NLA06608-1426,1,0.05,354.5565768
NLA06608-1432,1,0.05,1322.947527
NLA06608-1434,1,0.05,1120.808081
NLA06608-1435,1,1.6,186694.6032
NLA06608-1436,1,0.05,11757.26496
NLA06608-1439,1,0.05,14.58610552
NLA06608-1445,1,0.75,707.9512172
NLA06608-1446,1,0.05,120.6349206
NLA06608-1447,1,0.05,11124.14815
NLA06608-1450,1,0.16,2080.711111
NLA06608-1454,1,0.46,1067.377778
NLA06608-1455,1,0.05,589.3982367
NLA06608-1460,1,0.05,544.7821559
NLA06608-1461,1,0.05,42506.92064
NLA06608-1462,1,0.05,10858.4971
NLA06608-1465,1,0.05,497.9727202
NLA06608-1469,1,0.05,9317.069595
NLA06608-1473,1,0.05,20331.80952
NLA06608-1476,1,0.05,32743.71491
NLA06608-1481,1,0.05,419.8095238
NLA06608-1482,1,0.19,15965.00541
NLA06608-1483,1,0.05,4602.583362
NLA06608-1484,1,0.05,6156.934713
NLA06608-1487,1,0.12,4313.422222
NLA06608-1488,1,9.5,77013.33333
NLA06608-1489,1,0.05,8080.160979
NLA06608-1492,1,2.7,60950.99786
NLA06608-1496,1,0.05,147650.4615
NLA06608-1499,1,0.16,689.1518321
NLA06608-1504,1,0.05,177333.3333
NLA06608-1508,1,0.05,22313.20261
NLA06608-1510,1,0.12,334.6329294
NLA06608-1511,1,0.38,51868.10406
NLA06608-1515,1,5.4,14152.88889
NLA06608-1517,1,1.7,109429.8667
NLA06608-1521,1,0.75,35486.93333
NLA06608-1524,1,0.05,5039.483928
NLA06608-1527,1,0.37,80870.76976
NLA06608-1529,1,0.05,24113.95556
NLA06608-1532,1,1.5,72706.66667
NLA06608-1537,1,0.05,42467.87879
NLA06608-1538,1,0.05,4830.335386
NLA06608-1544,1,1.7,2362.382585
NLA06608-1556,1,0.05,8918.565128
NLA06608-1558,1,0.05,231.6195545
NLA06608-1560,1,0.24,14546.96296
NLA06608-1561,1,0.05,248.3223965
NLA06608-1562,1,0.05,10.85869857
NLA06608-1564,1,0.05,597.5672642
NLA06608-1568,1,0.05,1734.936957
NLA06608-1569,1,0.05,7423.113349
NLA06608-1572,1,0.05,2838.444505
NLA06608-1575,1,0.05,86007.09811
NLA06608-1576,1,0.25,108646.2222
NLA06608-1577,1,0.05,5250.654847
NLA06608-1578,1,0.05,9447.749414
NLA06608-1579,1,0.39,49042.3654
NLA06608-1586,1,0.05,2689.052689
NLA06608-1593,1,0.05,8784.114398
NLA06608-1595,1,0.05,4843.581277
NLA06608-1596,1,0.39,39724.58877
NLA06608-1600,1,0.05,44190.5157
NLA06608-1602,1,0.05,4504.099474
NLA06608-1608,1,0.1,764.8860982
NLA06608-1610,1,0.05,125.4873485
NLA06608-1617,1,0.05,16918.64723
NLA06608-1623,1,0.14,6350.222222
NLA06608-1626,1,0.05,899.3333333
NLA06608-1630,1,0.05,24843.55556
NLA06608-1631,1,4.8,27901.21578
NLA06608-1633,1,0.05,430.2423379
NLA06608-1637,1,1.2,22005.41451
NLA06608-1638,1,0.05,627.7037037
NLA06608-1640,1,0.05,23847.11111
NLA06608-1641,1,0.05,563.4125853
NLA06608-1643,1,0.05,2295.42029
NLA06608-1652,1,0.1,3037.633593
NLA06608-1654,1,0.05,23643.03704
NLA06608-1655,1,0.05,4352.842403
NLA06608-1668,1,0.05,17110.342670000002
NLA06608-1672,1,0.05,4982222.222
NLA06608-1674,1,0.05,109.4082318
NLA06608-1675,1,0.05,2.618946537
NLA06608-1679,1,0.05,4458.666667
NLA06608-1684,1,0.11,16836.21926
NLA06608-1684,2,0.12,32081.11345
NLA06608-1687,1,0.12,1540.465382
NLA06608-1690,1,0.05,2492.8
NLA06608-1695,1,0.05,0
NLA06608-1703,1,0.54,32391.42184
NLA06608-1704,1,0.21,28049.06667
NLA06608-1706,1,0.05,193.6592593
NLA06608-1707,1,0.05,13311.51515
NLA06608-1711,1,0.05,5407.983741
NLA06608-1715,1,0.05,41056.88889
NLA06608-1717,1,0.05,654.9135803
NLA06608-1719,1,0.05,159434.9786
NLA06608-1723,1,0.05,5.801434622
NLA06608-1724,1,0.27,20722.66667
NLA06608-1733,1,1.3,61688.86058
NLA06608-1735,1,0.05,1252.899364
NLA06608-1736,1,2.4,32258.67281
NLA06608-1739,1,0.05,4.501142193
NLA06608-1740,1,0.05,59336.2963
NLA06608-1741,1,2,101008.7866
NLA06608-1742,1,0.05,3175.111111
NLA06608-1748,1,0.05,0
NLA06608-1753,1,0.05,601.7095953
NLA06608-1755,1,0.21,17592.05551
NLA06608-1758,1,0.05,15691.07692
NLA06608-1771,1,0.05,6368.987654
NLA06608-1775,1,0.22,2130.327297
NLA06608-1781,1,0.05,10825.77778
NLA06608-1782,1,2.1,18262.51852
NLA06608-1789,1,0.05,4202.889758
NLA06608-1791,1,0.05,69.71618083
NLA06608-1793,1,0.05,32703.8774
NLA06608-1800,1,0.05,2495.839274
NLA06608-1802,1,0.05,8334.666667
NLA06608-1804,1,0.37,3411.113133
NLA06608-1808,1,0.05,11187.78711
NLA06608-1810,1,0.05,23704.68926
NLA06608-1811,1,0.05,13301.65895
NLA06608-1812,1,0.05,2955.966067
NLA06608-1818,1,0.05,17.06366917
NLA06608-1821,1,0.55,95331.89755
NLA06608-1824,1,0.05,8106.995885
NLA06608-1825,1,0.05,15566.62723
NLA06608-1835,1,0.05,4834.480543
NLA06608-1836,1,3.3,228783.2502
NLA06608-1839,1,0.05,17555.1983
NLA06608-1840,1,0.2,83937.77778
NLA06608-1851,1,0.05,6950.985044
NLA06608-1856,1,0.89,20642.66884
NLA06608-1857,1,0.05,232.863121
NLA06608-1861,1,0.05,27428.33743
NLA06608-1862,1,0.05,50.95920837
NLA06608-1863,1,0.05,2975.884976
NLA06608-1866,1,0.05,591.0234505
NLA06608-1867,1,0.6,52460.68321
NLA06608-1868,1,0.05,2499.555556
NLA06608-1871,1,0.05,1074.62513
NLA06608-1873,1,0.05,3764.620456
NLA06608-1874,1,0.05,2000.843265
NLA06608-1879,1,1.6,186498.1023
NLA06608-1884,1,0.38,2888.241777
NLA06608-1893,1,0.53,137222.2222
NLA06608-1894,1,0.05,516.8
NLA06608-1906,1,0.3,59119.32134
NLA06608-1908,1,0.1,3401.603484
NLA06608-1910,1,1.2,91216.88889
NLA06608-1930,1,0.05,1141.688889
NLA06608-1936,1,0.27,262723.5556
NLA06608-1948,1,0.05,31700.49448
NLA06608-1953,1,0.93,21739.6489
NLA06608-1958,1,0.05,179.6363636
NLA06608-1959,1,0.05,1868.96051
NLA06608-1960,1,0.14,94577.77778
NLA06608-1968,1,0.16,168392.0706
NLA06608-1975,1,0.14,359.8682858
NLA06608-1985,1,0.05,0
NLA06608-1989,1,0.05,11081.36296
NLA06608-1992,1,2.2,44992
NLA06608-1998,1,0.05,14043.11111
NLA06608-1998,2,0.05,3283.950617
NLA06608-2005,1,0.05,298933.3333
NLA06608-2007,1,0.05,1741.136961
NLA06608-2010,1,0.65,779.1613162
NLA06608-2027,1,0.05,2.973215083
NLA06608-2036,1,0.11,1233.976401
NLA06608-2037,1,0.05,157.6296296
NLA06608-2039,1,38,1060.681894
NLA06608-2049,1,0.05,4870.957896
NLA06608-2056,1,4.3,3978.802034
NLA06608-2072,1,0.1,134840.8889
NLA06608-2074,1,2.6,6805.627176
NLA06608-2076,1,0.05,870.4563149
NLA06608-2078,1,0.05,9504.222222
NLA06608-2082,1,0.05,7049.422222
NLA06608-2086,1,0.05,1213.061546
NLA06608-2087,1,1.1,105187.9245
NLA06608-2091,1,0.05,2663.158108
NLA06608-2092,1,1.7,59935.9966
NLA06608-2094,1,0.05,71119.11111
NLA06608-2095,1,0.05,1023.083359
NLA06608-2103,1,0.27,175.0986259
NLA06608-2114,1,0.05,259.9417599
NLA06608-2117,1,0.43,85013.90279
NLA06608-2120,1,0.05,23367.46667
NLA06608-2123,1,6.6,252932.2997
NLA06608-2131,1,0.31,60119.84789
NLA06608-2134,1,0.05,1568.591857
NLA06608-2135,1,8.6,107934.0587
NLA06608-2152,1,0.05,17513.77778
NLA06608-2154,1,0.05,1613.431613
NLA06608-2155,1,0.05,9470.373335
NLA06608-2162,1,0.38,856.5130787
NLA06608-2170,1,4.4,33869.74568
NLA06608-2177,1,0.05,3258.48815
NLA06608-2185,1,0.05,17659.81699
NLA06608-2187,1,0.05,5866.118644
NLA06608-2193,1,0.05,0
NLA06608-2196,1,0.34,2109.842234
NLA06608-2217,1,0.05,0
NLA06608-2219,1,0.05,28135.58446
NLA06608-2241,1,0.05,1706.62794
NLA06608-2250,1,0.05,0
NLA06608-2253,1,0.05,885.3954965
NLA06608-2257,1,0.05,0
NLA06608-2266,1,0.05,0
NLA06608-2267,1,1.1,23499.46675
NLA06608-2283,1,0.05,10939.80778
NLA06608-2305,1,0.05,2356.938272
NLA06608-2322,1,0.05,540.4828898
NLA06608-2332,1,0.05,967.2983117
NLA06608-2333,1,0.05,5577.294466
NLA06608-2345,1,0.05,1261.143563
NLA06608-2354,1,0.2,1264.850709
NLA06608-2372,1,0.05,478.0470421
NLA06608-2379,1,0.05,298.835782
NLA06608-2418,1,0.05,6344.172455
NLA06608-2426,1,0.49,0
NLA06608-2429,1,0.05,1337.209419
NLA06608-2438,1,0.05,4707.502115
NLA06608-2450,1,0.05,5062.444444
NLA06608-2453,1,0.05,1405.798942
NLA06608-2457,1,0.05,226.8254155
NLA06608-2463,1,0.05,140.7285551
NLA06608-2477,1,0.05,16408.49383
NLA06608-2481,1,0.05,675.5555556
NLA06608-2492,1,0.05,875.4360421
NLA06608-2497,1,0.05,45149.62963
NLA06608-2507,1,0.21,16868.39551
NLA06608-2513,1,0.05,68958.28582
NLA06608-2523,1,0.05,10178.41827
NLA06608-2524,1,0.05,2997.795776
NLA06608-2565,1,0.05,5056.557279
NLA06608-2566,1,0.05,643.3807545
NLA06608-2593,1,0.16,13564.7769
NLA06608-2629,1,0.16,15745.89741
NLA06608-2634,1,0.05,722.875817
NLA06608-2640,1,18,10156.63227
NLA06608-2644,1,0.7,11858.55444
NLA06608-2655,1,0.05,92374.90777
NLA06608-2657,1,0.05,9105.786884
NLA06608-2663,1,4.3,585.4814815
NLA06608-2673,1,0.05,111.4666667
NLA06608-2685,1,0.05,26381.09063
NLA06608-2696,1,0.21,19084.44444
NLA06608-2704,1,0.55,72841.77778
NLA06608-2708,1,0.11,17859.53871
NLA06608-2714,1,0.05,37.24535549
NLA06608-2715,1,0.05,361.1146721
NLA06608-2726,1,0.05,2241.718519
NLA06608-2740,1,0.05,4255.308165
NLA06608-2753,1,0.05,2447.003297
NLA06608-2759,1,0.05,3612.686869
NLA06608-2776,1,0.05,32905.18519
NLA06608-2779,1,0.11,23520.83379
NLA06608-2797,1,0.05,26637.44928
NLA06608-2800,1,0.05,0
NLA06608-2801,1,0.05,118227.8519
NLA06608-2807,1,0.05,26380.44444
NLA06608-2823,1,0.05,3066.516011
NLA06608-2824,1,0.31,13113.42792
NLA06608-2831,1,0.05,3336.417225
NLA06608-2833,1,0.05,1174.775178
NLA06608-2874,1,0.24,5380.270069
NLA06608-2881,1,0.05,752.9240912
NLA06608-2889,1,0.05,500.2965929
NLA06608-2891,1,0.33,2685.834057
NLA06608-2916,1,0.05,1904.158472
NLA06608-2924,1,0.05,16573.62963
NLA06608-2954,1,6.1,444194.6667
NLA06608-2955,1,0.05,5398.024287
NLA06608-2972,1,21,769506.348
NLA06608-2987,1,3.3,96382.37964
NLA06608-2996,1,0.05,464444.4444
NLA06608-3032,1,0.05,52918.51852
NLA06608-3035,1,0.17,3259.12908
NLA06608-3083,1,0.05,13798.22222
NLA06608-3096,1,0.05,18535.55556
NLA06608-3121,1,0.2,16622.04444
NLA06608-3147,1,0.4,2574.336047
NLA06608-3153,1,0.05,17850.57533
NLA06608-3157,1,0.05,11756.54321
NLA06608-3160,1,3.3,310175.1992
NLA06608-3169,1,0.05,29868.40376
NLA06608-3228,1,0.05,94189.33333
NLA06608-3265,1,0.05,27703.74541
NLA06608-3303,1,0.05,33732.74074
NLA06608-3313,1,0.05,48602.46914
NLA06608-3320,1,0.05,47052.44444
NLA06608-3329,1,0.05,6930.777778
NLA06608-3480,1,0.05,8512
NLA06608-3484,1,0.05,153770.2663
NLA06608-3608,1,0.78,48441.80734
NLA06608-3616,1,0.05,21584
NLA06608-3644,1,0.21,5699.21708
NLA06608-3656,1,0.2,21332.84925
NLA06608-3660,1,0.05,4141.082502
NLA06608-3698,1,0.05,4376.184265
NLA06608-3846,1,0.05,2751.133288
NLA06608-3890,1,0.05,1467.027634
NLA06608-3911,1,0.17,2046.66788
NLA06608-4056,1,0.05,3649.144094
NLA06608-4064,1,0.05,20199.11111
NLA06608-4206,1,0.05,1440.137107
NLA06608-4252,1,0.05,794.2664887
NLA06608-4320,1,0.05,76346.22222
NLA06608-4382,1,0.05,220.6019151
NLA06608-4413,1,0.11,3322.473989
NLA06608-4414,1,0.05,12768
NLA06608-4440,1,0.2,3031.657921
NLA06608-4472,1,0.17,20167.20988
NLA06608-4504,1,0.05,556.7335012
NLA06608-4610,1,0.05,2390.269057
NLA06608-4643,1,0.12,27844.14815
NLA06608-4650,1,0.05,3309.526698
NLA06608-4659,1,0.13,1926.158482
NLA06608-4686,1,0.05,487.0173204
NLA06608-4698,1,0.05,18624.17974
NLA06608-4828,1,0.05,318.7025409
NLA06608-4929,1,0.05,17329.45066
NLA06608-4949,1,0.05,280.5246324
NLA06608-9999,1,0.05,5300.421634
NLA06608-ACAD_LAKES_0435,1,0.05,804.2668952
NLA06608-ALPS-1218,1,0.05,0
NLA06608-ALSC:020149,1,0.05,9.959454404
NLA06608-ELS:1C2-032,1,0.05,67.55555556
NLA06608-ELS:1C3-003,1,0.05,126.2850335
NLA06608-ELS:1D1-035,1,0.05,13953.19562
NLA06608-ELS:1D2-087,1,0.05,1171.231838
NLA06608-ELS:1E1-052,1,0.05,1890.78375
NLA06608-ELS:1E1-096,1,0.05,101.8427689
NLA06608-ELS:1E1-128,1,0.05,5320.830021
NLA06608-ELS:1E2-027,1,0.05,3703.924513
NLA06608-ELS:1E3-002,1,0.98,11738.59153
NLA06608-ELS:1E3-012,1,0.05,161.3965405
NLA06608-ELS:1E3-071,1,2.9,2081.795521
NLA06608-ELS:2B2-008,1,0.05,2250.836695
NLA06608-ELS:2C2-048,1,0.05,1792.701793
NLA06608-ELS:2C3-018,1,0.05,2056.378348
NLA06608-ELS:2D3-008,1,0.05,424.6047394
NLA06608-EMAP:ME011L,1,0.05,47.13865305
NLA06608-EMAP:ME012L,1,0.05,86.12988458
NLA06608-EMAP:ME254L,1,0.05,69.29188012
NLA06608-EMAP:ME263L,1,0.05,2242.480779
NLA06608-EMAP:ME518L,1,0.05,2014.934935
NLA06608-FL:107895579,1,0.05,3262.717263
NLA06608-FL:16674741,1,0.05,0
NLA06608-FL:18261987,1,0.05,1203.102092
NLA06608-FL:99324403,1,0.05,3140.547955
NLA06608-FL:99344895,1,0.05,866.4725331
NLA06608-IN:646,1,0.05,227.1321009
NLA06608-MI:7007,1,0.05,9576.015409
NLA06608-MN:03-0029,1,0.11,9017.290017
NLA06608-MN:06-0002,1,0.25,21014.44879
NLA06608-MN:11-0102,1,0.05,5264.567598
NLA06608-MN:15-0010,1,0.14,3991.749325
NLA06608-MN:22-0074,1,0.94,186183.1111
NLA06608-MN:49-0140,1,0.05,2718.055556
NLA06608-MN:51-0063,1,3.5,30027.75503
NLA06608-MN:56-0306,1,0.1,3431.424837
NLA06608-MN:61-0037,1,0.22,17639.50617
NLA06608-MN:74-0023,1,0.25,35318.88889
NLA06608-MN:75-0200,1,3.5,26073.85163
NLA06608-MN:77-0019,1,1.7,18177.64103
NLA06608-MN:87-0030,1,0.19,30475.93048
NLA06608-NELP-0253,1,0.05,493.7919396
NLA06608-NELP-0955,1,0.05,126.4809215
NLA06608-NELP-1041,1,0.05,0
NLA06608-NELP-1330,1,0.05,99.47343507
NLA06608-NELP-2155,1,0.05,6.983504155
NLA06608-NELP-3355,1,0.05,60.34911507
NLA06608-NELP-3586,1,0.05,87.29380194
NLA06608-NH250L,1,0.05,156.6060606
NLA06608-NH4912,1,0.05,542.5555556
NLA06608-NV:2,1,0.05,153.8765432
NLA06608-NV:3,1,0.05,334.4
NLA06608-NV:4,1,0.05,97423.55556
NLA06608-OH:19,1,0.05,181.0960792
NLA06608-OH:22,1,0.05,36.76698584
NLA06608-R10BULLTR,1,0.05,3320.969697
NLA06608-R10CAPEHO,1,0.05,209
NLA06608-R10CHARLT,1,0.05,543.2592593
NLA06608-R10COUNCI,1,0.05,83.76888889
NLA06608-R10DEERLA,1,0.05,6138.343434
NLA06608-R10FISHLA,1,0.05,817.4222222
NLA06608-R10FOURMI,1,0.05,467.2592593
NLA06608-R10RAINYL,1,0.05,335.1794872
NLA06608-R10SQUAWL,1,0.05,211.1111111
NLA06608-R10ULAKE,1,0.05,692.4444444
NLA06608-R10YELLOW,1,0.05,1276.21256
NLA06608-R31,1,0.14,418.297085
NLA06608-R314,1,0.05,22114.31111
NLA06608-R315,1,0.05,16118.49573
NLA06608-R318,1,0.05,440.0365297
NLA06608-R319,1,0.05,74176
NLA06608-R32,1,0.05,2172.157006
NLA06608-R322,1,0.05,8177.292929
NLA06608-R323,1,0.32,19499.42857
NLA06608-R324,1,0.05,3172.698413
NLA06608-R326,1,0.2,143910.2222
NLA06608-R328,1,0.14,8336.041344
NLA06608-R333,1,0.05,15085.15556
NLA06608-R334,1,0.05,164.3309977
NLA06608-R336,1,0.05,0
NLA06608-R34,1,0.05,183.5859429
NLA06608-R5:KATHRYN,1,0.05,10242.30291
NLA06608-R5:OTTAWA,1,0.05,641.7208454
NLA06608-R7101,1,0.17,42576.06468
NLA06608-R7103,1,6.4,20309.13667
NLA06608-R7104,1,0.98,8384.836471
NLA06608-R7106,1,0.05,12435.93724
NLA06608-R715,1,0.63,36899.77857
NLA06608-R716,1,0.05,2503.806837
NLA06608-R723,1,0.05,3451.946896
NLA06608-R728,1,0.05,2244.861023
NLA06608-R730,1,0.05,452.1592299
NLA06608-R733,1,0.05,471.580166
NLA06608-R736,1,0.05,1396.315507
NLA06608-R746,1,0.05,4766.594878
NLA06608-R750,1,0.47,499.9646111
NLA06608-R759,1,0.05,5545.424212
NLA06608-R764,1,0.05,738.9915168
NLA06608-R767,1,0.05,4334.814815
NLA06608-R769,1,0.05,6738.666667
NLA06608-R770,1,0.05,12212.54321
NLA06608-R772,1,0.05,23495.82222
NLA06608-R775,1,0.05,6659.851852
NLA06608-R784,1,0.05,2007.797577
NLA06608-R788,1,0.26,23340.64683
NLA06608-R791,1,0.05,19181.63756
NLA06608-R792,1,2.9,3225709.334
NLA06608-R796,1,2.5,4329.313525
NLA06608-TX:10,1,0.05,35196.44444
NLA06608-TX:14,1,0.05,6840
NLA06608-TX:15,1,0.05,9448.202411
NLA06608-TX:19,1,0.05,5919.555556
NLA06608-TX:22,1,0.05,214488.8889
NLA06608-TX:27,1,0.05,42813.33333
NLA06608-TX:29,1,0.05,16118.14141
NLA06608-TX:30,1,0.05,48808.88889
NLA06608-TX:5,1,0.05,18334.57778
NLA06608-WI:LOWES,1,0.18,42228.08667
NLA06608-WI:SY,1,0.05,1402.789153
